TransactionID,Date,StoreID,StoreType,ProductID,ProductName,Category,UnitsSold,UnitPrice,DiscountRate,SalesAmount,WasteUnits,WasteCost,IsWeekend
TX000001,2026-06-13,ST001_Siam,Hypermarket,PRD_BAK_001,Croissant Butter,Bakery,9,45.00,0.20,324.00,0,0.00,1
TX000002,2026-05-20,ST001_Siam,Hypermarket,PRD_BEV_001,Cold Pressed Orange Juice,Beverages,9,65.00,0.10,526.50,0,0.00,0
TX000003,2026-03-01,ST005_Ladprao,Hypermarket,PRD_BEV_001,Cold Pressed Orange Juice,Beverages,4,65.00,0.00,260.00,0,0.00,1
TX000004,2026-04-25,ST005_Ladprao,Hypermarket,PRD_PRD_001,Organic Avocado,Produce,6,69.00,0.00,414.00,0,0.00,1
TX000005,2026-04-19,ST003_Silom,Express,PRD_PRD_001,Organic Avocado,Produce,4,69.00,0.00,276.00,3,124.20,1
TX000006,2026-04-02,ST003_Silom,Express,PRD_BEV_001,Cold Pressed Orange Juice,Beverages,5,65.00,0.05,308.75,0,0.00,0
TX000007,2026-04-07,ST001_Siam,Hypermarket,PRD_DAI_002,Greek Yogurt Plain,Dairy,5,35.00,0.05,166.25,0,0.00,0
TX000008,2026-04-03,ST005_Ladprao,Hypermarket,PRD_BAK_004,Danish Apple,Bakery,12,50.00,0.20,480.00,0,0.00,0
TX000009,2026-03-01,ST001_Siam,Hypermarket,PRD_PRD_003,Sweet Cherry Tomato,Produce,8,49.00,0.05,372.40,0,0.00,1
TX000010,2026-02-11,ST003_Silom,Express,PRD_PRD_002,Japanese Salad Mix,Produce,2,59.00,0.00,118.00,0,0.00,0
TX000011,2026-06-12,ST002_Sukhumvit,Supermarket,PRD_DAI_002,Greek Yogurt Plain,Dairy,2,35.00,0.00,70.00,0,0.00,0
TX000012,2026-06-13,ST005_Ladprao,Hypermarket,PRD_BAK_004,Danish Apple,Bakery,8,50.00,0.20,320.00,2,60.00,1
TX000013,2026-03-22,ST004_Ari,Supermarket,PRD_PRD_001,Organic Avocado,Produce,5,69.00,0.00,345.00,0,0.00,1
TX000014,2026-06-17,ST004_Ari,Supermarket,PRD_PRD_003,Sweet Cherry Tomato,Produce,10,49.00,0.20,392.00,0,0.00,0
TX000015,2026-03-05,ST005_Ladprao,Hypermarket,PRD_DAI_002,Greek Yogurt Plain,Dairy,7,35.00,0.05,232.75,0,0.00,0
TX000016,2026-02-05,ST005_Ladprao,Hypermarket,PRD_DAI_001,Fresh Milk Pasteurized 1L,Dairy,5,48.00,0.00,240.00,0,0.00,0
TX000017,2026-02-09,ST002_Sukhumvit,Supermarket,PRD_BEV_002,Organic Green Tea,Beverages,4,40.00,0.10,144.00,0,0.00,0
TX000018,2026-03-06,ST005_Ladprao,Hypermarket,PRD_BAK_001,Croissant Butter,Bakery,9,45.00,0.20,324.00,0,0.00,0
TX000019,2026-05-18,ST003_Silom,Express,PRD_BEV_002,Organic Green Tea,Beverages,5,40.00,0.05,190.00,0,0.00,0
TX000020,2026-03-09,ST005_Ladprao,Hypermarket,PRD_BAK_003,Baguette Traditional,Bakery,10,40.00,0.15,340.00,0,0.00,0
TX000021,2026-03-18,ST005_Ladprao,Hypermarket,PRD_BEV_001,Cold Pressed Orange Juice,Beverages,8,65.00,0.00,520.00,0,0.00,0
TX000022,2026-05-16,ST001_Siam,Hypermarket,PRD_BEV_001,Cold Pressed Orange Juice,Beverages,9,65.00,0.05,555.75,0,0.00,1
TX000023,2026-04-03,ST003_Silom,Express,PRD_BAK_004,Danish Apple,Bakery,4,50.00,0.00,200.00,3,90.00,0
TX000024,2026-01-18,ST005_Ladprao,Hypermarket,PRD_BAK_003,Baguette Traditional,Bakery,4,40.00,0.00,160.00,1,24.00,1
TX000025,2026-06-05,ST004_Ari,Supermarket,PRD_BAK_004,Danish Apple,Bakery,6,50.00,0.15,255.00,0,0.00,0
TX000026,2026-06-21,ST003_Silom,Express,PRD_DAI_001,Fresh Milk Pasteurized 1L,Dairy,2,48.00,0.10,86.40,2,57.60,1
TX000027,2026-02-28,ST005_Ladprao,Hypermarket,PRD_BAK_004,Danish Apple,Bakery,8,50.00,0.00,400.00,1,30.00,1
TX000028,2026-03-26,ST001_Siam,Hypermarket,PRD_DAI_002,Greek Yogurt Plain,Dairy,6,35.00,0.00,210.00,0,0.00,0
TX000029,2026-05-19,ST002_Sukhumvit,Supermarket,PRD_BEV_001,Cold Pressed Orange Juice,Beverages,6,65.00,0.10,351.00,0,0.00,0
TX000030,2026-06-18,ST004_Ari,Supermarket,PRD_PRD_002,Japanese Salad Mix,Produce,7,59.00,0.10,371.70,0,0.00,0
TX000031,2026-01-14,ST001_Siam,Hypermarket,PRD_BAK_001,Croissant Butter,Bakery,8,45.00,0.10,324.00,0,0.00,0
TX000032,2026-05-18,ST004_Ari,Supermarket,PRD_BAK_003,Baguette Traditional,Bakery,3,40.00,0.10,108.00,0,0.00,0
TX000033,2026-01-20,ST004_Ari,Supermarket,PRD_DAI_002,Greek Yogurt Plain,Dairy,10,35.00,0.00,350.00,0,0.00,0
TX000034,2026-03-02,ST002_Sukhumvit,Supermarket,PRD_PRD_003,Sweet Cherry Tomato,Produce,8,49.00,0.10,352.80,0,0.00,0
TX000035,2026-01-16,ST002_Sukhumvit,Supermarket,PRD_PRD_003,Sweet Cherry Tomato,Produce,6,49.00,0.00,294.00,0,0.00,0
TX000036,2026-04-19,ST005_Ladprao,Hypermarket,PRD_BEV_002,Organic Green Tea,Beverages,8,40.00,0.10,288.00,0,0.00,1
TX000037,2026-01-15,ST005_Ladprao,Hypermarket,PRD_DAI_002,Greek Yogurt Plain,Dairy,6,35.00,0.00,210.00,0,0.00,0
TX000038,2026-05-16,ST002_Sukhumvit,Supermarket,PRD_BAK_001,Croissant Butter,Bakery,6,45.00,0.15,229.50,0,0.00,1
TX000039,2026-06-02,ST001_Siam,Hypermarket,PRD_BEV_002,Organic Green Tea,Beverages,3,40.00,0.00,120.00,0,0.00,0
TX000040,2026-01-11,ST005_Ladprao,Hypermarket,PRD_BAK_002,Whole Wheat Bread,Bakery,10,55.00,0.10,495.00,0,0.00,1
TX000041,2026-03-22,ST003_Silom,Express,PRD_BAK_004,Danish Apple,Bakery,5,50.00,0.20,200.00,0,0.00,1
TX000042,2026-03-18,ST004_Ari,Supermarket,PRD_PRD_002,Japanese Salad Mix,Produce,3,59.00,0.00,177.00,1,35.40,0
TX000043,2026-05-18,ST002_Sukhumvit,Supermarket,PRD_DAI_002,Greek Yogurt Plain,Dairy,4,35.00,0.05,133.00,0,0.00,0
TX000044,2026-01-18,ST002_Sukhumvit,Supermarket,PRD_PRD_002,Japanese Salad Mix,Produce,7,59.00,0.05,392.35,0,0.00,1
TX000045,2026-06-17,ST005_Ladprao,Hypermarket,PRD_BAK_001,Croissant Butter,Bakery,12,45.00,0.20,432.00,0,0.00,0
TX000046,2026-06-19,ST001_Siam,Hypermarket,PRD_BAK_003,Baguette Traditional,Bakery,8,40.00,0.05,304.00,0,0.00,0
TX000047,2026-06-04,ST002_Sukhumvit,Supermarket,PRD_PRD_002,Japanese Salad Mix,Produce,5,59.00,0.00,295.00,0,0.00,0
TX000048,2026-05-10,ST004_Ari,Supermarket,PRD_PRD_001,Organic Avocado,Produce,6,69.00,,414.00,0,0.00,1
TX000049,2026-02-03,ST003_Silom,Express,PRD_BAK_003,Baguette Traditional,Bakery,6,40.00,0.20,192.00,0,0.00,0
TX000050,2026-05-24,ST001_Siam,Hypermarket,PRD_BAK_002,Whole Wheat Bread,Bakery,9,55.00,0.00,495.00,1,33.00,1
TX000051,2026-04-05,ST005_Ladprao,Hypermarket,PRD_DAI_002,Greek Yogurt Plain,Dairy,6,35.00,0.00,210.00,0,0.00,1
TX000052,2026-01-11,ST003_Silom,Express,PRD_BAK_004,Danish Apple,Bakery,5,50.00,0.20,200.00,3,90.00,1
TX000053,2026-04-15,ST005_Ladprao,Hypermarket,PRD_BAK_003,Baguette Traditional,Bakery,8,40.00,0.00,320.00,0,0.00,0
TX000054,2026-02-15,ST004_Ari,Supermarket,PRD_BAK_001,Croissant Butter,Bakery,4,45.00,0.00,180.00,0,0.00,1
TX000055,2026-03-05,ST003_Silom,Express,PRD_BAK_003,Baguette Traditional,Bakery,4,40.00,0.20,128.00,3,72.00,0
TX000056,2026-04-28,ST003_Silom,Express,PRD_PRD_001,Organic Avocado,Produce,1,69.00,0.00,69.00,1,41.40,0
TX000057,2026-01-18,ST003_Silom,Express,PRD_PRD_002,Japanese Salad Mix,Produce,4,59.00,0.20,188.80,0,0.00,1
TX000058,2026-05-18,ST003_Silom,Express,PRD_BAK_001,Croissant Butter,Bakery,4,45.00,0.00,180.00,0,0.00,0
TX000059,2026-01-10,ST001_Siam,Hypermarket,PRD_BEV_001,Cold Pressed Orange Juice,Beverages,7,65.00,0.10,409.50,0,0.00,1
TX000060,2026-04-22,ST005_Ladprao,Hypermarket,PRD_DAI_002,Greek Yogurt Plain,Dairy,5,35.00,0.00,175.00,0,0.00,0
TX000061,2026-01-01,ST005_Ladprao,Hypermarket,PRD_DAI_002,Greek Yogurt Plain,Dairy,8,35.00,0.00,280.00,0,0.00,0
TX000062,2026-06-20,ST003_Silom,Express,PRD_BEV_001,Cold Pressed Orange Juice,Beverages,4,65.00,0.05,247.00,0,0.00,1
TX000063,2026-06-20,ST004_Ari,Supermarket,PRD_PRD_002,Japanese Salad Mix,Produce,5,59.00,0.10,265.50,0,0.00,1
TX000064,2026-02-19,ST004_Ari,Supermarket,PRD_BEV_002,Organic Green Tea,Beverages,4,40.00,0.10,144.00,0,0.00,0
TX000065,2026-05-21,ST001_Siam,Hypermarket,PRD_PRD_001,Organic Avocado,Produce,4,69.00,0.05,262.20,0,0.00,0
TX000066,2026-06-05,ST003_Silom,Express,PRD_DAI_001,Fresh Milk Pasteurized 1L,Dairy,3,48.00,0.10,129.60,0,0.00,0
TX000067,2026-02-13,ST001_Siam,Hypermarket,PRD_PRD_001,Organic Avocado,Produce,9,69.00,0.15,527.85,0,0.00,0
TX000068,2026-01-24,ST002_Sukhumvit,Supermarket,PRD_BEV_002,Organic Green Tea,Beverages,5,40.00,0.05,190.00,0,0.00,1
TX000069,2026-05-02,ST005_Ladprao,Hypermarket,PRD_BAK_002,Whole Wheat Bread,Bakery,9,55.00,0.10,445.50,0,0.00,1
TX000070,2026-02-19,ST004_Ari,Supermarket,PRD_DAI_001,Fresh Milk Pasteurized 1L,Dairy,6,48.00,0.10,259.20,2,57.60,0
TX000071,2026-01-28,ST004_Ari,Supermarket,PRD_BAK_004,Danish Apple,Bakery,5,50.00,0.00,250.00,0,0.00,0
TX000072,2026-02-01,ST004_Ari,Supermarket,PRD_BAK_003,Baguette Traditional,Bakery,3,40.00,0.10,108.00,0,0.00,1
TX000073,2026-06-02,ST003_Silom,Express,PRD_DAI_001,Fresh Milk Pasteurized 1L,Dairy,5,48.00,0.10,216.00,0,0.00,0
TX000074,2026-05-02,ST004_Ari,Supermarket,PRD_PRD_001,Organic Avocado,Produce,3,69.00,0.00,207.00,0,0.00,1
TX000075,2026-05-14,ST004_Ari,Supermarket,PRD_BEV_002,Organic Green Tea,Beverages,4,40.00,0.00,160.00,0,0.00,0
TX000076,2026-03-23,ST005_Ladprao,Hypermarket,PRD_BAK_002,Whole Wheat Bread,Bakery,7,55.00,0.00,385.00,1,33.00,0
TX000077,2026-04-17,ST004_Ari,Supermarket,PRD_PRD_002,Japanese Salad Mix,Produce,7,59.00,0.15,351.05,0,0.00,0
TX000078,2026-04-18,ST004_Ari,Supermarket,PRD_BEV_001,Cold Pressed Orange Juice,Beverages,6,65.00,,390.00,0,0.00,1
TX000079,2026-04-01,ST003_Silom,Express,PRD_PRD_003,Sweet Cherry Tomato,Produce,2,49.00,0.10,88.20,0,0.00,0
TX000080,2026-06-04,ST002_Sukhumvit,Supermarket,PRD_DAI_001,Fresh Milk Pasteurized 1L,Dairy,4,48.00,0.00,192.00,0,0.00,0
TX000081,2026-04-14,ST002_Sukhumvit,Supermarket,PRD_DAI_001,Fresh Milk Pasteurized 1L,Dairy,6,48.00,0.00,288.00,0,0.00,0
TX000082,2026-04-11,ST005_Ladprao,Hypermarket,PRD_BEV_001,Cold Pressed Orange Juice,Beverages,8,65.00,0.00,520.00,0,0.00,1
TX000083,2026-03-08,ST004_Ari,Supermarket,PRD_PRD_002,Japanese Salad Mix,Produce,5,59.00,0.00,295.00,0,0.00,1
TX000084,2026-04-08,ST003_Silom,Express,PRD_PRD_003,Sweet Cherry Tomato,Produce,5,49.00,0.05,232.75,0,0.00,0
TX000085,2026-03-31,ST002_Sukhumvit,Supermarket,PRD_BEV_002,Organic Green Tea,Beverages,3,40.00,0.00,120.00,0,0.00,0
TX000086,2026-01-08,ST002_Sukhumvit,Supermarket,PRD_BAK_004,Danish Apple,Bakery,4,50.00,0.00,200.00,0,0.00,0
TX000087,2026-02-25,ST004_Ari,Supermarket,PRD_PRD_001,Organic Avocado,Produce,4,69.00,0.05,262.20,0,0.00,0
TX000088,2026-01-30,ST002_Sukhumvit,Supermarket,PRD_PRD_001,Organic Avocado,Produce,1,69.00,0.00,69.00,0,0.00,0
TX000089,2026-04-07,ST004_Ari,Supermarket,PRD_BAK_004,Danish Apple,Bakery,3,50.00,0.00,150.00,0,0.00,0
TX000090,2026-03-04,ST001_Siam,Hypermarket,PRD_PRD_001,Organic Avocado,Produce,9,69.00,0.20,496.80,0,0.00,0
TX000091,2026-03-30,ST005_Ladprao,Hypermarket,PRD_PRD_003,Sweet Cherry Tomato,Produce,9,49.00,0.20,352.80,0,0.00,0
TX000092,2026-03-29,ST001_Siam,Hypermarket,PRD_PRD_003,Sweet Cherry Tomato,Produce,11,49.00,0.10,485.10,0,0.00,1
TX000093,2026-02-09,ST004_Ari,Supermarket,PRD_BAK_003,Baguette Traditional,Bakery,9,40.00,0.20,288.00,0,0.00,0
TX000094,2026-06-07,ST005_Ladprao,Hypermarket,PRD_DAI_001,Fresh Milk Pasteurized 1L,Dairy,6,48.00,0.10,259.20,0,0.00,1
TX000095,2026-01-23,ST003_Silom,Express,PRD_DAI_001,Fresh Milk Pasteurized 1L,Dairy,5,48.00,0.00,240.00,0,0.00,0
TX000096,2026-06-21,ST004_Ari,Supermarket,PRD_PRD_002,Japanese Salad Mix,Produce,3,59.00,0.00,177.00,0,0.00,1
TX000097,2026-03-08,ST003_Silom,Express,PRD_PRD_001,Organic Avocado,Produce,5,69.00,0.15,293.25,0,0.00,1
TX000098,2026-01-03,ST005_Ladprao,Hypermarket,PRD_BAK_004,Danish Apple,Bakery,7,50.00,0.00,350.00,0,0.00,1
TX000099,2026-05-02,ST004_Ari,Supermarket,PRD_DAI_001,Fresh Milk Pasteurized 1L,Dairy,6,48.00,0.00,288.00,1,28.80,1
TX000100,2026-05-29,ST003_Silom,Express,PRD_DAI_001,Fresh Milk Pasteurized 1L,Dairy,6,48.00,0.05,273.60,0,0.00,0
TX000101,2026-03-26,ST003_Silom,Express,PRD_DAI_001,Fresh Milk Pasteurized 1L,Dairy,4,48.00,0.05,182.40,0,0.00,0
TX000102,2026-05-18,ST002_Sukhumvit,Supermarket,PRD_BAK_004,Danish Apple,Bakery,6,50.00,0.00,300.00,0,0.00,0
TX000103,2026-05-31,ST005_Ladprao,Hypermarket,PRD_BEV_001,Cold Pressed Orange Juice,Beverages,10,65.00,0.05,617.50,0,0.00,1
TX000104,2026-03-19,ST001_Siam,Hypermarket,PRD_DAI_002,Greek Yogurt Plain,Dairy,6,35.00,0.00,210.00,0,0.00,0
TX000105,2026-05-22,ST003_Silom,Express,PRD_BAK_003,Baguette Traditional,Bakery,7,40.00,0.20,224.00,0,0.00,0
TX000106,2026-05-01,ST004_Ari,Supermarket,PRD_DAI_001,Fresh Milk Pasteurized 1L,Dairy,4,48.00,0.05,182.40,0,0.00,0
TX000107,2026-05-03,ST001_Siam,Hypermarket,PRD_BAK_002,Whole Wheat Bread,Bakery,6,55.00,0.10,297.00,0,0.00,1
TX000108,2026-05-25,ST003_Silom,Express,PRD_BAK_002,Whole Wheat Bread,Bakery,4,55.00,0.00,220.00,2,66.00,0
TX000109,2026-02-27,ST005_Ladprao,Hypermarket,PRD_PRD_003,Sweet Cherry Tomato,Produce,6,49.00,0.10,264.60,0,0.00,0
TX000110,2026-05-31,ST004_Ari,Supermarket,PRD_PRD_001,Organic Avocado,Produce,5,69.00,0.15,293.25,0,0.00,1
TX000111,2026-02-23,ST002_Sukhumvit,Supermarket,PRD_PRD_001,Organic Avocado,Produce,5,69.00,0.20,276.00,0,0.00,0
TX000112,2026-05-22,ST001_Siam,Hypermarket,PRD_BAK_003,Baguette Traditional,Bakery,4,40.00,,160.00,0,0.00,0
TX000113,2026-03-15,ST003_Silom,Express,PRD_DAI_001,Fresh Milk Pasteurized 1L,Dairy,5,48.00,0.00,240.00,0,0.00,1
TX000114,2026-06-10,ST005_Ladprao,Hypermarket,PRD_BEV_002,Organic Green Tea,Beverages,5,40.00,0.00,200.00,0,0.00,0
TX000115,2026-02-06,ST001_Siam,Hypermarket,PRD_BAK_001,Croissant Butter,Bakery,7,45.00,0.00,315.00,0,0.00,0
TX000116,2026-05-26,ST003_Silom,Express,PRD_DAI_001,Fresh Milk Pasteurized 1L,Dairy,2,48.00,0.00,96.00,0,0.00,0
TX000117,2026-05-19,ST004_Ari,Supermarket,PRD_DAI_001,Fresh Milk Pasteurized 1L,Dairy,5,48.00,0.00,240.00,0,0.00,0
TX000118,2026-03-24,ST005_Ladprao,Hypermarket,PRD_PRD_001,Organic Avocado,Produce,10,69.00,0.00,690.00,0,0.00,0
TX000119,2026-01-06,ST003_Silom,Express,PRD_BEV_001,Cold Pressed Orange Juice,Beverages,6,65.00,0.00,390.00,0,0.00,0
TX000120,2026-05-13,ST004_Ari,Supermarket,PRD_PRD_001,Organic Avocado,Produce,6,69.00,0.00,414.00,0,0.00,0
TX000121,2026-05-01,ST003_Silom,Express,PRD_PRD_003,Sweet Cherry Tomato,Produce,4,49.00,0.05,186.20,0,0.00,0
TX000122,2026-02-11,ST003_Silom,Express,PRD_PRD_003,Sweet Cherry Tomato,Produce,3,49.00,0.20,117.60,0,0.00,0
TX000123,2026-01-10,ST004_Ari,Supermarket,PRD_BAK_002,Whole Wheat Bread,Bakery,5,55.00,0.05,261.25,0,0.00,1
TX000124,2026-04-14,ST005_Ladprao,Hypermarket,PRD_BAK_001,Croissant Butter,Bakery,11,45.00,0.20,396.00,1,27.00,0
TX000125,2026-06-09,ST004_Ari,Supermarket,PRD_BEV_002,Organic Green Tea,Beverages,6,40.00,0.10,216.00,0,0.00,0
TX000126,2026-04-23,ST004_Ari,Supermarket,PRD_BAK_002,Whole Wheat Bread,Bakery,3,55.00,0.00,165.00,0,0.00,0
TX000127,2026-03-03,ST002_Sukhumvit,Supermarket,PRD_PRD_001,Organic Avocado,Produce,8,69.00,0.15,469.20,0,0.00,0
TX000128,2026-01-30,ST004_Ari,Supermarket,PRD_BAK_002,Whole Wheat Bread,Bakery,7,55.00,0.20,308.00,0,0.00,0
TX000129,2026-03-16,ST005_Ladprao,Hypermarket,PRD_PRD_001,Organic Avocado,Produce,10,69.00,0.10,621.00,0,0.00,0
TX000130,2026-04-09,ST002_Sukhumvit,Supermarket,PRD_BEV_001,Cold Pressed Orange Juice,Beverages,1,65.00,0.00,65.00,0,0.00,0
TX000131,2026-04-17,ST003_Silom,Express,PRD_DAI_002,Greek Yogurt Plain,Dairy,4,35.00,0.05,133.00,0,0.00,0
TX000132,2026-06-18,ST004_Ari,Supermarket,PRD_BAK_003,Baguette Traditional,Bakery,4,40.00,0.10,144.00,0,0.00,0
TX000133,2026-05-22,ST005_Ladprao,Hypermarket,PRD_PRD_003,Sweet Cherry Tomato,Produce,11,49.00,0.10,485.10,0,0.00,0
TX000134,2026-04-09,ST002_Sukhumvit,Supermarket,PRD_PRD_003,Sweet Cherry Tomato,Produce,3,49.00,0.00,147.00,0,0.00,0
TX000135,2026-04-08,ST004_Ari,Supermarket,PRD_BEV_002,Organic Green Tea,Beverages,4,40.00,0.00,160.00,0,0.00,0
TX000136,2026-01-26,ST004_Ari,Supermarket,PRD_BAK_002,Whole Wheat Bread,Bakery,6,55.00,,280.50,0,0.00,0
TX000137,2026-02-06,ST004_Ari,Supermarket,PRD_BEV_002,Organic Green Tea,Beverages,7,40.00,0.00,280.00,0,0.00,0
TX000138,2026-04-12,ST001_Siam,Hypermarket,PRD_PRD_002,Japanese Salad Mix,Produce,11,59.00,0.20,519.20,0,0.00,1
TX000139,2026-03-23,ST004_Ari,Supermarket,PRD_DAI_002,Greek Yogurt Plain,Dairy,4,35.00,0.00,140.00,0,0.00,0
TX000140,2026-02-28,ST001_Siam,Hypermarket,PRD_PRD_003,Sweet Cherry Tomato,Produce,6,49.00,0.00,294.00,0,0.00,1
TX000141,2026-01-26,ST004_Ari,Supermarket,PRD_BAK_003,Baguette Traditional,Bakery,7,40.00,0.20,224.00,0,0.00,0
TX000142,2026-04-02,ST003_Silom,Express,PRD_PRD_003,Sweet Cherry Tomato,Produce,4,49.00,0.00,196.00,1,29.40,0
TX000143,2026-02-14,ST001_Siam,Hypermarket,PRD_BEV_001,Cold Pressed Orange Juice,Beverages,9,65.00,0.10,526.50,0,0.00,1
TX000144,2026-05-30,ST002_Sukhumvit,Supermarket,PRD_BAK_004,Danish Apple,Bakery,4,50.00,0.10,180.00,0,0.00,1
TX000145,2026-04-30,ST003_Silom,Express,PRD_BEV_002,Organic Green Tea,Beverages,2,40.00,0.00,80.00,4,96.00,0
TX000146,2026-04-19,ST003_Silom,Express,PRD_DAI_001,Fresh Milk Pasteurized 1L,Dairy,2,48.00,0.05,91.20,1,28.80,1
TX000147,2026-05-27,ST003_Silom,Express,PRD_BEV_001,Cold Pressed Orange Juice,Beverages,5,65.00,0.05,308.75,0,0.00,0
TX000148,2026-06-18,ST004_Ari,Supermarket,PRD_PRD_001,Organic Avocado,Produce,2,69.00,0.00,138.00,0,0.00,0
TX000149,2026-06-05,ST004_Ari,Supermarket,PRD_PRD_001,Organic Avocado,Produce,4,69.00,0.00,276.00,0,0.00,0
TX000150,2026-06-12,ST002_Sukhumvit,Supermarket,PRD_BEV_001,Cold Pressed Orange Juice,Beverages,4,65.00,0.05,247.00,0,0.00,0
TX000151,2026-06-10,ST001_Siam,Hypermarket,PRD_BEV_002,Organic Green Tea,Beverages,4,40.00,0.00,160.00,0,0.00,0
TX000152,2026-05-29,ST003_Silom,Express,PRD_BAK_003,Baguette Traditional,Bakery,5,40.00,0.00,200.00,0,0.00,0
TX000153,2026-05-19,ST003_Silom,Express,PRD_DAI_002,Greek Yogurt Plain,Dairy,3,35.00,0.05,99.75,0,0.00,0
TX000154,2026-05-04,ST003_Silom,Express,PRD_PRD_002,Japanese Salad Mix,Produce,3,59.00,0.00,177.00,0,0.00,0
TX000155,2026-06-23,ST004_Ari,Supermarket,PRD_DAI_002,Greek Yogurt Plain,Dairy,5,35.00,0.05,166.25,0,0.00,0
TX000156,2026-03-09,ST005_Ladprao,Hypermarket,PRD_BAK_002,Whole Wheat Bread,Bakery,6,55.00,0.10,297.00,0,0.00,0
TX000157,2026-06-13,ST003_Silom,Express,PRD_BAK_002,Whole Wheat Bread,Bakery,7,55.00,0.20,308.00,3,99.00,1
TX000158,2026-06-06,ST002_Sukhumvit,Supermarket,PRD_BEV_002,Organic Green Tea,Beverages,5,40.00,0.00,200.00,0,0.00,1
TX000159,2026-06-29,ST003_Silom,Express,PRD_BEV_002,Organic Green Tea,Beverages,5,40.00,0.10,180.00,2,48.00,0
TX000160,2026-01-30,ST001_Siam,Hypermarket,PRD_BAK_004,Danish Apple,Bakery,10,50.00,0.15,425.00,0,0.00,0
TX000161,2026-05-19,ST004_Ari,Supermarket,PRD_BEV_001,Cold Pressed Orange Juice,Beverages,6,65.00,0.00,390.00,0,0.00,0
TX000162,2026-05-06,ST005_Ladprao,Hypermarket,PRD_PRD_003,Sweet Cherry Tomato,Produce,9,49.00,0.05,418.95,0,0.00,0
TX000163,2026-04-03,ST001_Siam,Hypermarket,PRD_BEV_002,Organic Green Tea,Beverages,8,40.00,0.05,304.00,0,0.00,0
TX000164,2026-04-02,ST001_Siam,Hypermarket,PRD_PRD_003,Sweet Cherry Tomato,Produce,8,49.00,0.05,372.40,0,0.00,0
TX000165,2026-06-19,ST002_Sukhumvit,Supermarket,PRD_BEV_002,Organic Green Tea,Beverages,5,40.00,0.00,200.00,1,24.00,0
TX000166,2026-02-22,ST001_Siam,Hypermarket,PRD_DAI_002,Greek Yogurt Plain,Dairy,11,35.00,0.00,385.00,0,0.00,1
TX000167,2026-03-01,ST003_Silom,Express,PRD_BAK_003,Baguette Traditional,Bakery,8,40.00,0.15,272.00,2,48.00,1
TX000168,2026-03-06,ST002_Sukhumvit,Supermarket,PRD_BAK_002,Whole Wheat Bread,Bakery,7,55.00,0.20,308.00,0,0.00,0
TX000169,2026-05-31,ST003_Silom,Express,PRD_BAK_001,Croissant Butter,Bakery,3,45.00,0.00,135.00,2,54.00,1
TX000170,2026-01-17,ST004_Ari,Supermarket,PRD_DAI_001,Fresh Milk Pasteurized 1L,Dairy,6,48.00,0.05,273.60,0,0.00,1
TX000171,2026-05-09,ST002_Sukhumvit,Supermarket,PRD_BEV_001,Cold Pressed Orange Juice,Beverages,4,65.00,0.00,260.00,0,0.00,1
TX000172,2026-06-14,ST001_Siam,Hypermarket,PRD_BAK_001,Croissant Butter,Bakery,5,45.00,0.10,202.50,0,0.00,1
TX000173,2026-01-28,ST004_Ari,Supermarket,PRD_DAI_001,Fresh Milk Pasteurized 1L,Dairy,6,48.00,0.00,288.00,0,0.00,0
TX000174,2026-06-09,ST005_Ladprao,Hypermarket,PRD_DAI_002,Greek Yogurt Plain,Dairy,6,35.00,0.05,199.50,0,0.00,0
TX000175,2026-03-17,ST004_Ari,Supermarket,PRD_DAI_002,Greek Yogurt Plain,Dairy,8,35.00,0.10,252.00,0,0.00,0
TX000176,2026-05-22,ST002_Sukhumvit,Supermarket,PRD_PRD_003,Sweet Cherry Tomato,Produce,7,49.00,0.10,308.70,0,0.00,0
TX000177,2026-04-27,ST004_Ari,Supermarket,PRD_PRD_003,Sweet Cherry Tomato,Produce,8,49.00,0.20,313.60,0,0.00,0
TX000178,2026-02-09,ST004_Ari,Supermarket,PRD_BAK_002,Whole Wheat Bread,Bakery,5,55.00,0.00,275.00,0,0.00,0
TX000179,2026-01-25,ST003_Silom,Express,PRD_BAK_003,Baguette Traditional,Bakery,9,40.00,0.15,306.00,0,0.00,1
TX000180,2026-04-16,ST003_Silom,Express,PRD_BEV_002,Organic Green Tea,Beverages,6,40.00,0.10,216.00,0,0.00,0
TX000181,2026-03-15,ST005_Ladprao,Hypermarket,PRD_PRD_001,Organic Avocado,Produce,9,69.00,0.05,589.95,0,0.00,1
TX000182,2026-01-28,ST003_Silom,Express,PRD_DAI_002,Greek Yogurt Plain,Dairy,5,35.00,0.05,166.25,0,0.00,0
TX000183,2026-02-27,ST004_Ari,Supermarket,PRD_DAI_002,Greek Yogurt Plain,Dairy,3,35.00,,105.00,0,0.00,0
TX000184,2026-03-11,ST003_Silom,Express,PRD_PRD_002,Japanese Salad Mix,Produce,2,59.00,0.05,112.10,2,70.80,0
TX000185,2026-02-06,ST001_Siam,Hypermarket,PRD_BAK_002,Whole Wheat Bread,Bakery,8,55.00,0.20,352.00,0,0.00,0
TX000186,2026-04-27,ST003_Silom,Express,PRD_BAK_003,Baguette Traditional,Bakery,3,40.00,0.05,114.00,0,0.00,0
TX000187,2026-01-14,ST002_Sukhumvit,Supermarket,PRD_BAK_003,Baguette Traditional,Bakery,7,40.00,0.15,238.00,1,24.00,0
TX000188,2026-06-05,ST004_Ari,Supermarket,PRD_PRD_003,Sweet Cherry Tomato,Produce,6,49.00,0.05,279.30,0,0.00,0
TX000189,2026-03-30,ST004_Ari,Supermarket,PRD_BAK_002,Whole Wheat Bread,Bakery,4,55.00,0.05,209.00,0,0.00,0
TX000190,2026-02-26,ST004_Ari,Supermarket,PRD_BEV_001,Cold Pressed Orange Juice,Beverages,3,65.00,0.00,195.00,1,39.00,0
TX000191,2026-03-07,ST003_Silom,Express,PRD_PRD_002,Japanese Salad Mix,Produce,5,59.00,0.00,295.00,2,70.80,1
TX000192,2026-06-30,ST002_Sukhumvit,Supermarket,PRD_DAI_002,Greek Yogurt Plain,Dairy,4,35.00,0.05,133.00,0,0.00,0
TX000193,2026-01-11,ST004_Ari,Supermarket,PRD_BAK_001,Croissant Butter,Bakery,8,45.00,0.10,324.00,0,0.00,1
TX000194,2026-06-13,ST004_Ari,Supermarket,PRD_PRD_001,Organic Avocado,Produce,3,69.00,0.00,207.00,0,0.00,1
TX000195,2026-02-13,ST005_Ladprao,Hypermarket,PRD_DAI_001,Fresh Milk Pasteurized 1L,Dairy,10,48.00,0.05,456.00,0,0.00,0
TX000196,2026-05-15,ST001_Siam,Hypermarket,PRD_PRD_003,Sweet Cherry Tomato,Produce,9,49.00,0.05,418.95,0,0.00,0
TX000197,2026-02-13,ST001_Siam,Hypermarket,PRD_DAI_002,Greek Yogurt Plain,Dairy,5,35.00,0.00,175.00,0,0.00,0
TX000198,2026-06-15,ST002_Sukhumvit,Supermarket,PRD_BAK_004,Danish Apple,Bakery,4,50.00,0.00,200.00,1,30.00,0
TX000199,2026-06-17,ST001_Siam,Hypermarket,PRD_BAK_003,Baguette Traditional,Bakery,12,40.00,0.20,384.00,0,0.00,0
TX000200,2026-05-29,ST004_Ari,Supermarket,PRD_BEV_002,Organic Green Tea,Beverages,7,40.00,0.05,266.00,0,0.00,0
TX000201,2026-04-24,ST003_Silom,Express,PRD_PRD_001,Organic Avocado,Produce,3,69.00,0.15,175.95,1,41.40,0
TX000202,2026-01-15,ST003_Silom,Express,PRD_PRD_001,Organic Avocado,Produce,3,69.00,0.00,207.00,0,0.00,0
TX000203,2026-01-24,ST005_Ladprao,Hypermarket,PRD_BEV_001,Cold Pressed Orange Juice,Beverages,6,65.00,0.10,351.00,0,0.00,1
TX000204,2026-04-26,ST005_Ladprao,Hypermarket,PRD_BEV_002,Organic Green Tea,Beverages,7,40.00,0.00,280.00,0,0.00,1
TX000205,2026-02-08,ST001_Siam,Hypermarket,PRD_DAI_001,Fresh Milk Pasteurized 1L,Dairy,8,48.00,0.00,384.00,0,0.00,1
TX000206,2026-06-15,ST002_Sukhumvit,Supermarket,PRD_BAK_001,Croissant Butter,Bakery,2,45.00,0.00,90.00,0,0.00,0
TX000207,2026-05-15,ST005_Ladprao,Hypermarket,PRD_BEV_001,Cold Pressed Orange Juice,Beverages,4,65.00,0.00,260.00,0,0.00,0
TX000208,2026-06-23,ST005_Ladprao,Hypermarket,PRD_BAK_001,Croissant Butter,Bakery,12,45.00,0.20,432.00,0,0.00,0
TX000209,2026-01-25,ST005_Ladprao,Hypermarket,PRD_BEV_002,Organic Green Tea,Beverages,7,40.00,0.10,252.00,0,0.00,1
TX000210,2026-02-08,ST003_Silom,Express,PRD_BAK_002,Whole Wheat Bread,Bakery,7,55.00,0.15,327.25,0,0.00,1
TX000211,2026-03-21,ST004_Ari,Supermarket,PRD_BAK_003,Baguette Traditional,Bakery,6,40.00,0.15,204.00,0,0.00,1
TX000212,2026-03-26,ST002_Sukhumvit,Supermarket,PRD_BEV_002,Organic Green Tea,Beverages,4,40.00,0.00,160.00,0,0.00,0
TX000213,2026-04-03,ST001_Siam,Hypermarket,PRD_PRD_002,Japanese Salad Mix,Produce,8,59.00,0.05,448.40,0,0.00,0
TX000214,2026-02-27,ST002_Sukhumvit,Supermarket,PRD_BAK_003,Baguette Traditional,Bakery,6,40.00,0.00,240.00,0,0.00,0
TX000215,2026-05-10,ST005_Ladprao,Hypermarket,PRD_DAI_002,Greek Yogurt Plain,Dairy,5,35.00,0.00,175.00,0,0.00,1
TX000216,2026-02-09,ST002_Sukhumvit,Supermarket,PRD_BAK_003,Baguette Traditional,Bakery,4,40.00,0.20,128.00,0,0.00,0
TX000217,2026-02-12,ST004_Ari,Supermarket,PRD_BAK_001,Croissant Butter,Bakery,4,45.00,0.10,162.00,0,0.00,0
TX000218,2026-04-25,ST002_Sukhumvit,Supermarket,PRD_DAI_002,Greek Yogurt Plain,Dairy,6,35.00,0.00,210.00,0,0.00,1
TX000219,2026-05-01,ST002_Sukhumvit,Supermarket,PRD_PRD_002,Japanese Salad Mix,Produce,11,59.00,0.20,519.20,0,0.00,0
TX000220,2026-04-08,ST005_Ladprao,Hypermarket,PRD_DAI_002,Greek Yogurt Plain,Dairy,7,35.00,0.10,220.50,0,0.00,0
TX000221,2026-06-04,ST002_Sukhumvit,Supermarket,PRD_PRD_001,Organic Avocado,Produce,2,69.00,0.00,138.00,0,0.00,0
TX000222,2026-05-13,ST001_Siam,Hypermarket,PRD_PRD_001,Organic Avocado,Produce,4,69.00,0.00,276.00,0,0.00,0
TX000223,2026-05-12,ST002_Sukhumvit,Supermarket,PRD_PRD_003,Sweet Cherry Tomato,Produce,6,49.00,0.00,294.00,0,0.00,0
TX000224,2026-01-07,ST004_Ari,Supermarket,PRD_BAK_001,Croissant Butter,Bakery,5,45.00,0.10,202.50,0,0.00,0
TX000225,2026-01-21,ST003_Silom,Express,PRD_BAK_004,Danish Apple,Bakery,3,50.00,0.00,150.00,0,0.00,0
TX000226,2026-02-07,ST002_Sukhumvit,Supermarket,PRD_BAK_001,Croissant Butter,Bakery,6,45.00,0.05,256.50,0,0.00,1
TX000227,2026-02-05,ST004_Ari,Supermarket,PRD_DAI_001,Fresh Milk Pasteurized 1L,Dairy,5,48.00,0.00,240.00,0,0.00,0
TX000228,2026-06-05,ST005_Ladprao,Hypermarket,PRD_PRD_003,Sweet Cherry Tomato,Produce,6,49.00,0.00,294.00,0,0.00,0
TX000229,2026-02-01,ST001_Siam,Hypermarket,PRD_BAK_004,Danish Apple,Bakery,7,50.00,0.10,315.00,1,30.00,1
TX000230,2026-05-08,ST005_Ladprao,Hypermarket,PRD_DAI_002,Greek Yogurt Plain,Dairy,5,35.00,0.00,175.00,0,0.00,0
TX000231,2026-01-01,ST005_Ladprao,Hypermarket,PRD_PRD_002,Japanese Salad Mix,Produce,5,59.00,0.00,295.00,0,0.00,0
TX000232,2026-06-21,ST001_Siam,Hypermarket,PRD_DAI_002,Greek Yogurt Plain,Dairy,9,35.00,0.05,299.25,0,0.00,1
TX000233,2026-05-22,ST001_Siam,Hypermarket,PRD_PRD_003,Sweet Cherry Tomato,Produce,9,49.00,0.10,396.90,1,29.40,0
TX000234,2026-04-02,ST001_Siam,Hypermarket,PRD_PRD_002,Japanese Salad Mix,Produce,8,59.00,0.00,472.00,0,0.00,0
TX000235,2026-05-29,ST003_Silom,Express,PRD_BAK_003,Baguette Traditional,Bakery,3,40.00,0.00,120.00,0,0.00,0
TX000236,2026-06-25,ST004_Ari,Supermarket,PRD_DAI_001,Fresh Milk Pasteurized 1L,Dairy,6,48.00,0.00,288.00,0,0.00,0
TX000237,2026-04-28,ST001_Siam,Hypermarket,PRD_PRD_001,Organic Avocado,Produce,8,69.00,0.00,552.00,1,41.40,0
TX000238,2026-05-12,ST004_Ari,Supermarket,PRD_DAI_002,Greek Yogurt Plain,Dairy,6,35.00,0.10,189.00,0,0.00,0
TX000239,2026-01-13,ST003_Silom,Express,PRD_PRD_001,Organic Avocado,Produce,6,69.00,0.00,414.00,0,0.00,0
TX000240,2026-04-13,ST004_Ari,Supermarket,PRD_PRD_003,Sweet Cherry Tomato,Produce,7,49.00,0.05,325.85,0,0.00,0
TX000241,2026-05-13,ST003_Silom,Express,PRD_BAK_002,Whole Wheat Bread,Bakery,5,55.00,0.20,220.00,0,0.00,0
TX000242,2026-02-16,ST005_Ladprao,Hypermarket,PRD_PRD_001,Organic Avocado,Produce,8,69.00,0.05,524.40,0,0.00,0
TX000243,2026-04-20,ST002_Sukhumvit,Supermarket,PRD_DAI_001,Fresh Milk Pasteurized 1L,Dairy,6,48.00,0.05,273.60,0,0.00,0
TX000244,2026-04-01,ST005_Ladprao,Hypermarket,PRD_PRD_003,Sweet Cherry Tomato,Produce,5,49.00,0.05,232.75,0,0.00,0
TX000245,2026-04-14,ST003_Silom,Express,PRD_DAI_002,Greek Yogurt Plain,Dairy,1,35.00,0.00,35.00,0,0.00,0
TX000246,2026-06-05,ST004_Ari,Supermarket,PRD_BAK_001,Croissant Butter,Bakery,7,45.00,0.00,315.00,0,0.00,0
TX000247,2026-05-26,ST001_Siam,Hypermarket,PRD_BEV_001,Cold Pressed Orange Juice,Beverages,8,65.00,0.00,520.00,0,0.00,0
TX000248,2026-04-06,ST004_Ari,Supermarket,PRD_BAK_002,Whole Wheat Bread,Bakery,7,55.00,0.15,327.25,0,0.00,0
TX000249,2026-01-30,ST001_Siam,Hypermarket,PRD_BAK_003,Baguette Traditional,Bakery,9,40.00,0.10,324.00,0,0.00,0
TX000250,2026-01-31,ST003_Silom,Express,PRD_PRD_001,Organic Avocado,Produce,1,69.00,0.20,55.20,3,124.20,1
TX000251,2026-05-06,ST002_Sukhumvit,Supermarket,PRD_BAK_002,Whole Wheat Bread,Bakery,6,55.00,0.00,330.00,0,0.00,0
TX000252,2026-01-23,ST003_Silom,Express,PRD_BEV_002,Organic Green Tea,Beverages,3,40.00,0.05,114.00,0,0.00,0
TX000253,2026-03-16,ST003_Silom,Express,PRD_BAK_003,Baguette Traditional,Bakery,5,40.00,0.20,160.00,1,24.00,0
TX000254,2026-02-27,ST001_Siam,Hypermarket,PRD_BAK_004,Danish Apple,Bakery,7,50.00,0.00,350.00,0,0.00,0
TX000255,2026-04-30,ST005_Ladprao,Hypermarket,PRD_BAK_003,Baguette Traditional,Bakery,11,40.00,0.15,374.00,0,0.00,0
TX000256,2026-04-12,ST004_Ari,Supermarket,PRD_DAI_002,Greek Yogurt Plain,Dairy,6,35.00,0.10,189.00,0,0.00,1
TX000257,2026-06-14,ST001_Siam,Hypermarket,PRD_DAI_001,Fresh Milk Pasteurized 1L,Dairy,5,48.00,0.10,216.00,0,0.00,1
TX000258,2026-05-22,ST005_Ladprao,Hypermarket,PRD_BAK_003,Baguette Traditional,Bakery,3,40.00,0.00,120.00,1,24.00,0
TX000259,2026-02-09,ST003_Silom,Express,PRD_BAK_003,Baguette Traditional,Bakery,2,40.00,0.00,80.00,3,72.00,0
TX000260,2026-03-14,ST001_Siam,Hypermarket,PRD_PRD_001,Organic Avocado,Produce,5,69.00,0.00,345.00,1,41.40,1
TX000261,2026-05-17,ST001_Siam,Hypermarket,PRD_DAI_002,Greek Yogurt Plain,Dairy,5,35.00,0.00,175.00,0,0.00,1
TX000262,2026-06-04,ST003_Silom,Express,PRD_BEV_001,Cold Pressed Orange Juice,Beverages,2,65.00,,130.00,0,0.00,0
TX000263,2026-01-12,ST005_Ladprao,Hypermarket,PRD_PRD_001,Organic Avocado,Produce,10,69.00,,552.00,0,0.00,0
TX000264,2026-06-10,ST005_Ladprao,Hypermarket,PRD_PRD_001,Organic Avocado,Produce,12,69.00,0.20,662.40,0,0.00,0
TX000265,2026-06-25,ST004_Ari,Supermarket,PRD_PRD_001,Organic Avocado,Produce,6,69.00,0.10,372.60,0,0.00,0
TX000266,2026-02-22,ST003_Silom,Express,PRD_BEV_001,Cold Pressed Orange Juice,Beverages,4,65.00,0.00,260.00,1,39.00,1
TX000267,2026-04-13,ST002_Sukhumvit,Supermarket,PRD_PRD_002,Japanese Salad Mix,Produce,4,59.00,0.15,200.60,0,0.00,0
TX000268,2026-04-30,ST001_Siam,Hypermarket,PRD_PRD_001,Organic Avocado,Produce,8,69.00,0.10,496.80,0,0.00,0
TX000269,2026-06-07,ST004_Ari,Supermarket,PRD_BAK_004,Danish Apple,Bakery,5,50.00,0.00,250.00,0,0.00,1
TX000270,2026-03-22,ST002_Sukhumvit,Supermarket,PRD_BAK_003,Baguette Traditional,Bakery,7,40.00,0.10,252.00,0,0.00,1
TX000271,2026-01-24,ST004_Ari,Supermarket,PRD_DAI_002,Greek Yogurt Plain,Dairy,6,35.00,0.10,189.00,0,0.00,1
TX000272,2026-04-01,ST001_Siam,Hypermarket,PRD_BAK_001,Croissant Butter,Bakery,4,45.00,0.05,171.00,0,0.00,0
TX000273,2026-05-18,ST001_Siam,Hypermarket,PRD_BAK_002,Whole Wheat Bread,Bakery,8,55.00,0.10,396.00,0,0.00,0
TX000274,2026-04-04,ST004_Ari,Supermarket,PRD_PRD_002,Japanese Salad Mix,Produce,3,59.00,0.00,177.00,1,35.40,1
TX000275,2026-01-19,ST004_Ari,Supermarket,PRD_DAI_002,Greek Yogurt Plain,Dairy,6,35.00,0.10,189.00,0,0.00,0
TX000276,2026-01-31,ST002_Sukhumvit,Supermarket,PRD_BAK_002,Whole Wheat Bread,Bakery,4,55.00,0.10,198.00,0,0.00,1
TX000277,2026-05-23,ST003_Silom,Express,PRD_BAK_003,Baguette Traditional,Bakery,2,40.00,0.00,80.00,1,24.00,1
TX000278,2026-03-27,ST004_Ari,Supermarket,PRD_DAI_002,Greek Yogurt Plain,Dairy,8,35.00,0.10,252.00,0,0.00,0
TX000279,2026-03-23,ST002_Sukhumvit,Supermarket,PRD_PRD_003,Sweet Cherry Tomato,Produce,9,49.00,0.15,374.85,0,0.00,0
TX000280,2026-03-28,ST005_Ladprao,Hypermarket,PRD_DAI_002,Greek Yogurt Plain,Dairy,8,35.00,0.10,252.00,0,0.00,1
TX000281,2026-06-22,ST001_Siam,Hypermarket,PRD_PRD_003,Sweet Cherry Tomato,Produce,8,49.00,0.15,333.20,0,0.00,0
TX000282,2026-06-26,ST001_Siam,Hypermarket,PRD_BEV_001,Cold Pressed Orange Juice,Beverages,8,65.00,0.10,468.00,0,0.00,0
TX000283,2026-02-28,ST001_Siam,Hypermarket,PRD_BEV_001,Cold Pressed Orange Juice,Beverages,10,65.00,0.10,585.00,0,0.00,1
TX000284,2026-06-08,ST004_Ari,Supermarket,PRD_BAK_003,Baguette Traditional,Bakery,7,40.00,0.20,224.00,0,0.00,0
TX000285,2026-04-23,ST003_Silom,Express,PRD_PRD_003,Sweet Cherry Tomato,Produce,6,49.00,0.00,294.00,0,0.00,0
TX000286,2026-05-09,ST005_Ladprao,Hypermarket,PRD_DAI_001,Fresh Milk Pasteurized 1L,Dairy,6,48.00,0.00,288.00,0,0.00,1
TX000287,2026-05-03,ST005_Ladprao,Hypermarket,PRD_PRD_003,Sweet Cherry Tomato,Produce,5,49.00,0.05,232.75,0,0.00,1
TX000288,2026-05-17,ST003_Silom,Express,PRD_DAI_002,Greek Yogurt Plain,Dairy,2,35.00,0.05,66.50,0,0.00,1
TX000289,2026-03-09,ST005_Ladprao,Hypermarket,PRD_DAI_001,Fresh Milk Pasteurized 1L,Dairy,4,48.00,0.00,192.00,0,0.00,0
TX000290,2026-03-18,ST002_Sukhumvit,Supermarket,PRD_PRD_001,Organic Avocado,Produce,4,69.00,0.05,262.20,0,0.00,0
TX000291,2026-05-24,ST003_Silom,Express,PRD_PRD_001,Organic Avocado,Produce,1,69.00,0.00,69.00,0,0.00,1
TX000292,2026-04-12,ST003_Silom,Express,PRD_BAK_003,Baguette Traditional,Bakery,8,40.00,0.05,304.00,2,48.00,1
TX000293,2026-06-17,ST003_Silom,Express,PRD_DAI_001,Fresh Milk Pasteurized 1L,Dairy,4,48.00,0.00,192.00,0,0.00,0
TX000294,2026-02-05,ST001_Siam,Hypermarket,PRD_BEV_001,Cold Pressed Orange Juice,Beverages,8,65.00,0.00,520.00,0,0.00,0
TX000295,2026-05-16,ST002_Sukhumvit,Supermarket,PRD_BEV_002,Organic Green Tea,Beverages,6,40.00,0.00,240.00,0,0.00,1
TX000296,2026-02-05,ST001_Siam,Hypermarket,PRD_DAI_002,Greek Yogurt Plain,Dairy,7,35.00,0.00,245.00,0,0.00,0
TX000297,2026-05-02,ST004_Ari,Supermarket,PRD_BEV_002,Organic Green Tea,Beverages,5,40.00,0.00,200.00,0,0.00,1
TX000298,2026-01-23,ST005_Ladprao,Hypermarket,PRD_BAK_004,Danish Apple,Bakery,7,50.00,0.15,297.50,0,0.00,0
TX000299,2026-01-10,ST002_Sukhumvit,Supermarket,PRD_PRD_003,Sweet Cherry Tomato,Produce,5,49.00,0.00,245.00,0,0.00,1
TX000300,2026-02-17,ST003_Silom,Express,PRD_BAK_001,Croissant Butter,Bakery,3,45.00,0.00,135.00,1,27.00,0
TX000301,2026-04-27,ST005_Ladprao,Hypermarket,PRD_DAI_002,Greek Yogurt Plain,Dairy,6,35.00,0.10,189.00,0,0.00,0
TX000302,2026-05-10,ST004_Ari,Supermarket,PRD_PRD_001,Organic Avocado,Produce,5,69.00,0.00,345.00,0,0.00,1
TX000303,2026-02-17,ST001_Siam,Hypermarket,PRD_PRD_002,Japanese Salad Mix,Produce,6,59.00,0.05,336.30,0,0.00,0
TX000304,2026-02-14,ST005_Ladprao,Hypermarket,PRD_BEV_002,Organic Green Tea,Beverages,9,40.00,0.10,324.00,0,0.00,1
TX000305,2026-02-17,ST002_Sukhumvit,Supermarket,PRD_DAI_001,Fresh Milk Pasteurized 1L,Dairy,3,48.00,,136.80,0,0.00,0
TX000306,2026-04-09,ST002_Sukhumvit,Supermarket,PRD_DAI_001,Fresh Milk Pasteurized 1L,Dairy,6,48.00,,273.60,0,0.00,0
TX000307,2026-06-17,ST003_Silom,Express,PRD_BAK_004,Danish Apple,Bakery,3,50.00,0.00,150.00,0,0.00,0
TX000308,2026-02-10,ST004_Ari,Supermarket,PRD_BEV_002,Organic Green Tea,Beverages,4,40.00,0.05,152.00,0,0.00,0
TX000309,2026-02-26,ST002_Sukhumvit,Supermarket,PRD_BAK_003,Baguette Traditional,Bakery,3,40.00,0.10,108.00,0,0.00,0
TX000310,2026-06-05,ST003_Silom,Express,PRD_PRD_003,Sweet Cherry Tomato,Produce,4,49.00,0.20,156.80,0,0.00,0
TX000311,2026-02-25,ST002_Sukhumvit,Supermarket,PRD_BEV_002,Organic Green Tea,Beverages,4,40.00,0.00,160.00,0,0.00,0
TX000312,2026-04-03,ST001_Siam,Hypermarket,PRD_BEV_001,Cold Pressed Orange Juice,Beverages,8,65.00,0.00,520.00,0,0.00,0
TX000313,2026-02-08,ST002_Sukhumvit,Supermarket,PRD_PRD_002,Japanese Salad Mix,Produce,7,59.00,0.15,351.05,0,0.00,1
TX000314,2026-05-30,ST004_Ari,Supermarket,PRD_BAK_002,Whole Wheat Bread,Bakery,6,55.00,0.15,280.50,0,0.00,1
TX000315,2026-05-25,ST001_Siam,Hypermarket,PRD_DAI_002,Greek Yogurt Plain,Dairy,8,35.00,0.10,252.00,0,0.00,0
TX000316,2026-01-06,ST004_Ari,Supermarket,PRD_PRD_001,Organic Avocado,Produce,4,69.00,0.00,276.00,1,41.40,0
TX000317,2026-01-17,ST005_Ladprao,Hypermarket,PRD_BAK_001,Croissant Butter,Bakery,8,45.00,0.00,360.00,0,0.00,1
TX000318,2026-02-04,ST004_Ari,Supermarket,PRD_PRD_002,Japanese Salad Mix,Produce,5,59.00,0.10,265.50,0,0.00,0
TX000319,2026-04-07,ST004_Ari,Supermarket,PRD_BAK_002,Whole Wheat Bread,Bakery,10,55.00,0.20,440.00,0,0.00,0
TX000320,2026-01-31,ST002_Sukhumvit,Supermarket,PRD_DAI_002,Greek Yogurt Plain,Dairy,5,35.00,0.10,157.50,0,0.00,1
TX000321,2026-02-27,ST001_Siam,Hypermarket,PRD_BAK_001,Croissant Butter,Bakery,5,45.00,0.05,213.75,0,0.00,0
TX000322,2026-02-28,ST002_Sukhumvit,Supermarket,PRD_DAI_001,Fresh Milk Pasteurized 1L,Dairy,6,48.00,0.05,273.60,0,0.00,1
TX000323,2026-01-29,ST001_Siam,Hypermarket,PRD_BEV_002,Organic Green Tea,Beverages,5,40.00,0.10,180.00,0,0.00,0
TX000324,2026-01-18,ST001_Siam,Hypermarket,PRD_BEV_001,Cold Pressed Orange Juice,Beverages,4,65.00,0.00,260.00,0,0.00,1
TX000325,2026-01-13,ST002_Sukhumvit,Supermarket,PRD_BAK_001,Croissant Butter,Bakery,4,45.00,0.10,162.00,0,0.00,0
TX000326,2026-02-05,ST005_Ladprao,Hypermarket,PRD_PRD_001,Organic Avocado,Produce,7,69.00,0.00,483.00,0,0.00,0
TX000327,2026-03-23,ST005_Ladprao,Hypermarket,PRD_BEV_001,Cold Pressed Orange Juice,Beverages,8,65.00,0.05,494.00,0,0.00,0
TX000328,2026-04-16,ST003_Silom,Express,PRD_PRD_001,Organic Avocado,Produce,7,69.00,0.00,483.00,0,0.00,0
TX000329,2026-02-14,ST004_Ari,Supermarket,PRD_DAI_002,Greek Yogurt Plain,Dairy,7,35.00,0.10,220.50,0,0.00,1
TX000330,2026-05-15,ST003_Silom,Express,PRD_PRD_003,Sweet Cherry Tomato,Produce,5,49.00,0.10,220.50,1,29.40,0
TX000331,2026-02-27,ST003_Silom,Express,PRD_BAK_003,Baguette Traditional,Bakery,6,40.00,0.10,216.00,0,0.00,0
TX000332,2026-04-17,ST005_Ladprao,Hypermarket,PRD_DAI_002,Greek Yogurt Plain,Dairy,6,35.00,0.00,210.00,0,0.00,0
TX000333,2026-04-26,ST003_Silom,Express,PRD_BAK_002,Whole Wheat Bread,Bakery,6,55.00,0.15,280.50,0,0.00,1
TX000334,2026-03-10,ST004_Ari,Supermarket,PRD_BEV_002,Organic Green Tea,Beverages,5,40.00,0.00,200.00,0,0.00,0
TX000335,2026-05-24,ST002_Sukhumvit,Supermarket,PRD_DAI_001,Fresh Milk Pasteurized 1L,Dairy,4,48.00,0.00,192.00,0,0.00,1
TX000336,2026-01-04,ST002_Sukhumvit,Supermarket,PRD_BAK_004,Danish Apple,Bakery,11,50.00,0.20,440.00,0,0.00,1
TX000337,2026-06-04,ST002_Sukhumvit,Supermarket,PRD_PRD_003,Sweet Cherry Tomato,Produce,9,49.00,0.00,441.00,0,0.00,0
TX000338,2026-04-08,ST004_Ari,Supermarket,PRD_DAI_002,Greek Yogurt Plain,Dairy,5,35.00,0.05,166.25,0,0.00,0
TX000339,2026-05-01,ST003_Silom,Express,PRD_BAK_004,Danish Apple,Bakery,5,50.00,0.05,237.50,0,0.00,0
TX000340,2026-02-26,ST002_Sukhumvit,Supermarket,PRD_BAK_001,Croissant Butter,Bakery,3,45.00,0.05,128.25,0,0.00,0
TX000341,2026-02-20,ST003_Silom,Express,PRD_BAK_004,Danish Apple,Bakery,4,50.00,0.10,180.00,0,0.00,0
TX000342,2026-05-21,ST003_Silom,Express,PRD_PRD_001,Organic Avocado,Produce,7,69.00,0.10,434.70,0,0.00,0
TX000343,2026-04-01,ST002_Sukhumvit,Supermarket,PRD_BAK_003,Baguette Traditional,Bakery,6,40.00,0.20,192.00,0,0.00,0
TX000344,2026-05-19,ST001_Siam,Hypermarket,PRD_DAI_002,Greek Yogurt Plain,Dairy,7,35.00,0.00,245.00,0,0.00,0
TX000345,2026-01-02,ST004_Ari,Supermarket,PRD_BAK_003,Baguette Traditional,Bakery,6,40.00,0.20,192.00,0,0.00,0
TX000346,2026-01-03,ST002_Sukhumvit,Supermarket,PRD_DAI_002,Greek Yogurt Plain,Dairy,4,35.00,0.10,126.00,0,0.00,1
TX000347,2026-05-04,ST004_Ari,Supermarket,PRD_BAK_001,Croissant Butter,Bakery,6,45.00,0.00,270.00,0,0.00,0
TX000348,2026-01-05,ST005_Ladprao,Hypermarket,PRD_PRD_001,Organic Avocado,Produce,9,69.00,0.15,527.85,0,0.00,0
TX000349,2026-02-15,ST001_Siam,Hypermarket,PRD_BAK_002,Whole Wheat Bread,Bakery,9,55.00,0.15,420.75,0,0.00,1
TX000350,2026-05-15,ST003_Silom,Express,PRD_PRD_002,Japanese Salad Mix,Produce,4,59.00,0.05,224.20,0,0.00,0
TX000351,2026-03-04,ST002_Sukhumvit,Supermarket,PRD_PRD_001,Organic Avocado,Produce,6,69.00,0.20,331.20,0,0.00,0
TX000352,2026-06-16,ST001_Siam,Hypermarket,PRD_BAK_002,Whole Wheat Bread,Bakery,7,55.00,,346.50,1,33.00,0
TX000353,2026-02-13,ST001_Siam,Hypermarket,PRD_DAI_001,Fresh Milk Pasteurized 1L,Dairy,7,48.00,0.10,302.40,0,0.00,0
TX000354,2026-05-16,ST001_Siam,Hypermarket,PRD_BAK_004,Danish Apple,Bakery,5,50.00,0.00,250.00,0,0.00,1
TX000355,2026-05-26,ST004_Ari,Supermarket,PRD_PRD_001,Organic Avocado,Produce,7,69.00,0.00,483.00,0,0.00,0
TX000356,2026-06-18,ST001_Siam,Hypermarket,PRD_BAK_003,Baguette Traditional,Bakery,6,40.00,0.05,228.00,1,24.00,0
TX000357,2026-04-12,ST001_Siam,Hypermarket,PRD_PRD_001,Organic Avocado,Produce,7,69.00,0.00,483.00,0,0.00,1
TX000358,2026-04-10,ST005_Ladprao,Hypermarket,PRD_PRD_002,Japanese Salad Mix,Produce,8,59.00,0.10,424.80,0,0.00,0
TX000359,2026-05-09,ST003_Silom,Express,PRD_BAK_001,Croissant Butter,Bakery,3,45.00,0.00,135.00,2,54.00,1
TX000360,2026-06-02,ST004_Ari,Supermarket,PRD_PRD_002,Japanese Salad Mix,Produce,3,59.00,0.00,177.00,0,0.00,0
TX000361,2026-04-26,ST004_Ari,Supermarket,PRD_BAK_004,Danish Apple,Bakery,4,50.00,0.05,190.00,0,0.00,1
TX000362,2026-04-08,ST001_Siam,Hypermarket,PRD_BEV_001,Cold Pressed Orange Juice,Beverages,7,65.00,0.05,432.25,0,0.00,0
TX000363,2026-01-22,ST003_Silom,Express,PRD_BAK_003,Baguette Traditional,Bakery,4,40.00,0.10,144.00,0,0.00,0
TX000364,2026-01-28,ST001_Siam,Hypermarket,PRD_BAK_001,Croissant Butter,Bakery,5,45.00,0.05,213.75,0,0.00,0
TX000365,2026-01-27,ST002_Sukhumvit,Supermarket,PRD_BAK_002,Whole Wheat Bread,Bakery,3,55.00,0.00,165.00,0,0.00,0
TX000366,2026-01-23,ST003_Silom,Express,PRD_DAI_002,Greek Yogurt Plain,Dairy,4,35.00,0.00,140.00,0,0.00,0
TX000367,2026-04-09,ST001_Siam,Hypermarket,PRD_PRD_001,Organic Avocado,Produce,8,69.00,0.10,496.80,0,0.00,0
TX000368,2026-03-04,ST005_Ladprao,Hypermarket,PRD_DAI_002,Greek Yogurt Plain,Dairy,7,35.00,0.00,245.00,0,0.00,0
TX000369,2026-03-10,ST003_Silom,Express,PRD_PRD_001,Organic Avocado,Produce,5,69.00,0.10,310.50,0,0.00,0
TX000370,2026-01-20,ST003_Silom,Express,PRD_PRD_001,Organic Avocado,Produce,4,69.00,0.00,276.00,0,0.00,0
TX000371,2026-06-07,ST002_Sukhumvit,Supermarket,PRD_DAI_001,Fresh Milk Pasteurized 1L,Dairy,5,48.00,0.00,240.00,0,0.00,1
TX000372,2026-04-08,ST003_Silom,Express,PRD_DAI_001,Fresh Milk Pasteurized 1L,Dairy,4,48.00,0.05,182.40,0,0.00,0
TX000373,2026-06-16,ST005_Ladprao,Hypermarket,PRD_BAK_003,Baguette Traditional,Bakery,6,40.00,0.05,228.00,0,0.00,0
TX000374,2026-04-12,ST003_Silom,Express,PRD_PRD_001,Organic Avocado,Produce,9,69.00,0.20,496.80,0,0.00,1
TX000375,2026-05-28,ST002_Sukhumvit,Supermarket,PRD_PRD_002,Japanese Salad Mix,Produce,5,59.00,0.10,265.50,0,0.00,0
TX000376,2026-02-21,ST005_Ladprao,Hypermarket,PRD_DAI_002,Greek Yogurt Plain,Dairy,9,35.00,0.00,315.00,0,0.00,1
TX000377,2026-04-29,ST002_Sukhumvit,Supermarket,PRD_DAI_001,Fresh Milk Pasteurized 1L,Dairy,5,48.00,0.05,228.00,0,0.00,0
TX000378,2026-06-22,ST004_Ari,Supermarket,PRD_BAK_003,Baguette Traditional,Bakery,6,40.00,0.20,192.00,0,0.00,0
TX000379,2026-02-09,ST004_Ari,Supermarket,PRD_PRD_003,Sweet Cherry Tomato,Produce,2,49.00,0.00,98.00,0,0.00,0
TX000380,2026-06-27,ST004_Ari,Supermarket,PRD_DAI_002,Greek Yogurt Plain,Dairy,5,35.00,0.00,175.00,0,0.00,1
TX000381,2026-05-18,ST005_Ladprao,Hypermarket,PRD_BEV_002,Organic Green Tea,Beverages,7,40.00,0.00,280.00,0,0.00,0
TX000382,2026-06-06,ST001_Siam,Hypermarket,PRD_BEV_001,Cold Pressed Orange Juice,Beverages,9,65.00,0.10,526.50,0,0.00,1
TX000383,2026-04-21,ST001_Siam,Hypermarket,PRD_BAK_001,Croissant Butter,Bakery,6,45.00,0.00,270.00,0,0.00,0
TX000384,2026-05-28,ST002_Sukhumvit,Supermarket,PRD_DAI_001,Fresh Milk Pasteurized 1L,Dairy,7,48.00,0.05,319.20,0,0.00,0
TX000385,2026-05-31,ST005_Ladprao,Hypermarket,PRD_BAK_003,Baguette Traditional,Bakery,9,40.00,0.05,342.00,0,0.00,1
TX000386,2026-01-22,ST001_Siam,Hypermarket,PRD_BAK_003,Baguette Traditional,Bakery,7,40.00,0.05,266.00,0,0.00,0
TX000387,2026-02-22,ST005_Ladprao,Hypermarket,PRD_DAI_001,Fresh Milk Pasteurized 1L,Dairy,6,48.00,0.05,273.60,0,0.00,1
TX000388,2026-03-18,ST001_Siam,Hypermarket,PRD_BAK_002,Whole Wheat Bread,Bakery,7,55.00,0.00,385.00,0,0.00,0
TX000389,2026-06-23,ST002_Sukhumvit,Supermarket,PRD_BAK_004,Danish Apple,Bakery,7,50.00,0.15,297.50,0,0.00,0
TX000390,2026-03-01,ST004_Ari,Supermarket,PRD_BEV_002,Organic Green Tea,Beverages,5,40.00,0.00,200.00,0,0.00,1
TX000391,2026-04-12,ST001_Siam,Hypermarket,PRD_BEV_001,Cold Pressed Orange Juice,Beverages,5,65.00,0.00,325.00,1,39.00,1
TX000392,2026-03-13,ST001_Siam,Hypermarket,PRD_BEV_001,Cold Pressed Orange Juice,Beverages,7,65.00,0.00,455.00,0,0.00,0
TX000393,2026-01-30,ST003_Silom,Express,PRD_BEV_002,Organic Green Tea,Beverages,2,40.00,0.10,72.00,0,0.00,0
TX000394,2026-06-02,ST004_Ari,Supermarket,PRD_BEV_001,Cold Pressed Orange Juice,Beverages,4,65.00,0.10,234.00,0,0.00,0
TX000395,2026-06-22,ST003_Silom,Express,PRD_BEV_001,Cold Pressed Orange Juice,Beverages,3,65.00,0.00,195.00,0,0.00,0
TX000396,2026-03-03,ST003_Silom,Express,PRD_BAK_002,Whole Wheat Bread,Bakery,3,55.00,0.00,165.00,2,66.00,0
TX000397,2026-05-28,ST004_Ari,Supermarket,PRD_PRD_003,Sweet Cherry Tomato,Produce,3,49.00,0.00,147.00,0,0.00,0
TX000398,2026-02-14,ST005_Ladprao,Hypermarket,PRD_BAK_003,Baguette Traditional,Bakery,8,40.00,0.10,288.00,0,0.00,1
TX000399,2026-04-26,ST005_Ladprao,Hypermarket,PRD_BAK_001,Croissant Butter,Bakery,9,45.00,0.05,384.75,0,0.00,1
TX000400,2026-05-24,ST005_Ladprao,Hypermarket,PRD_BEV_002,Organic Green Tea,Beverages,7,40.00,0.10,252.00,0,0.00,1
TX000401,2026-04-24,ST004_Ari,Supermarket,PRD_BAK_003,Baguette Traditional,Bakery,2,40.00,,80.00,1,24.00,0
TX000402,2026-02-27,ST005_Ladprao,Hypermarket,PRD_PRD_001,Organic Avocado,Produce,7,69.00,0.00,483.00,0,0.00,0
TX000403,2026-05-11,ST001_Siam,Hypermarket,PRD_BEV_001,Cold Pressed Orange Juice,Beverages,4,65.00,0.00,260.00,0,0.00,0
TX000404,2026-04-04,ST005_Ladprao,Hypermarket,PRD_BAK_001,Croissant Butter,Bakery,9,45.00,0.20,324.00,0,0.00,1
TX000405,2026-06-17,ST002_Sukhumvit,Supermarket,PRD_PRD_001,Organic Avocado,Produce,5,69.00,0.00,345.00,0,0.00,0
TX000406,2026-01-23,ST004_Ari,Supermarket,PRD_BAK_002,Whole Wheat Bread,Bakery,5,55.00,0.00,275.00,0,0.00,0
TX000407,2026-06-06,ST004_Ari,Supermarket,PRD_BAK_003,Baguette Traditional,Bakery,9,40.00,0.15,306.00,0,0.00,1
TX000408,2026-02-22,ST001_Siam,Hypermarket,PRD_BEV_001,Cold Pressed Orange Juice,Beverages,5,65.00,0.05,308.75,0,0.00,1
TX000409,2026-03-16,ST003_Silom,Express,PRD_BEV_001,Cold Pressed Orange Juice,Beverages,4,65.00,0.05,247.00,0,0.00,0
TX000410,2026-06-23,ST001_Siam,Hypermarket,PRD_BAK_003,Baguette Traditional,Bakery,12,40.00,0.10,432.00,0,0.00,0
TX000411,2026-02-03,ST002_Sukhumvit,Supermarket,PRD_BAK_003,Baguette Traditional,Bakery,4,40.00,0.20,128.00,0,0.00,0
TX000412,2026-06-23,ST004_Ari,Supermarket,PRD_DAI_001,Fresh Milk Pasteurized 1L,Dairy,3,48.00,0.00,144.00,0,0.00,0
TX000413,2026-06-12,ST001_Siam,Hypermarket,PRD_PRD_003,Sweet Cherry Tomato,Produce,8,49.00,0.15,333.20,0,0.00,0
TX000414,2026-04-05,ST004_Ari,Supermarket,PRD_DAI_001,Fresh Milk Pasteurized 1L,Dairy,2,48.00,0.05,91.20,0,0.00,1
TX000415,2026-04-28,ST003_Silom,Express,PRD_BAK_002,Whole Wheat Bread,Bakery,3,55.00,0.15,140.25,0,0.00,0
TX000416,2026-02-24,ST004_Ari,Supermarket,PRD_PRD_001,Organic Avocado,Produce,6,69.00,0.05,393.30,0,0.00,0
TX000417,2026-05-05,ST003_Silom,Express,PRD_BEV_002,Organic Green Tea,Beverages,2,40.00,,80.00,1,24.00,0
TX000418,2026-02-10,ST004_Ari,Supermarket,PRD_DAI_001,Fresh Milk Pasteurized 1L,Dairy,2,48.00,0.00,96.00,0,0.00,0
TX000419,2026-06-26,ST002_Sukhumvit,Supermarket,PRD_BEV_002,Organic Green Tea,Beverages,7,40.00,0.05,266.00,0,0.00,0
TX000420,2026-03-06,ST001_Siam,Hypermarket,PRD_PRD_002,Japanese Salad Mix,Produce,13,59.00,0.20,613.60,0,0.00,0
TX000421,2026-04-12,ST003_Silom,Express,PRD_BAK_004,Danish Apple,Bakery,3,50.00,0.10,135.00,1,30.00,1
TX000422,2026-02-03,ST005_Ladprao,Hypermarket,PRD_BAK_004,Danish Apple,Bakery,9,50.00,0.15,382.50,0,0.00,0
TX000423,2026-04-19,ST002_Sukhumvit,Supermarket,PRD_DAI_001,Fresh Milk Pasteurized 1L,Dairy,4,48.00,0.00,192.00,0,0.00,1
TX000424,2026-01-27,ST001_Siam,Hypermarket,PRD_PRD_002,Japanese Salad Mix,Produce,8,59.00,0.05,448.40,0,0.00,0
TX000425,2026-02-04,ST002_Sukhumvit,Supermarket,PRD_BAK_002,Whole Wheat Bread,Bakery,6,55.00,0.15,280.50,0,0.00,0
TX000426,2026-02-12,ST004_Ari,Supermarket,PRD_PRD_002,Japanese Salad Mix,Produce,7,59.00,0.20,330.40,0,0.00,0
TX000427,2026-04-24,ST002_Sukhumvit,Supermarket,PRD_BAK_002,Whole Wheat Bread,Bakery,7,55.00,0.00,385.00,2,66.00,0
TX000428,2026-04-20,ST003_Silom,Express,PRD_BAK_003,Baguette Traditional,Bakery,5,40.00,0.00,200.00,3,72.00,0
TX000429,2026-06-05,ST003_Silom,Express,PRD_BAK_001,Croissant Butter,Bakery,6,45.00,0.20,216.00,0,0.00,0
TX000430,2026-06-05,ST005_Ladprao,Hypermarket,PRD_BAK_004,Danish Apple,Bakery,8,50.00,0.20,320.00,0,0.00,0
TX000431,2026-03-03,ST004_Ari,Supermarket,PRD_PRD_003,Sweet Cherry Tomato,Produce,6,49.00,0.00,294.00,0,0.00,0
TX000432,2026-01-19,ST005_Ladprao,Hypermarket,PRD_BAK_001,Croissant Butter,Bakery,8,45.00,0.05,342.00,0,0.00,0
TX000433,2026-04-04,ST005_Ladprao,Hypermarket,PRD_BEV_002,Organic Green Tea,Beverages,6,40.00,0.00,240.00,0,0.00,1
TX000434,2026-01-19,ST001_Siam,Hypermarket,PRD_BEV_001,Cold Pressed Orange Juice,Beverages,8,65.00,0.00,520.00,0,0.00,0
TX000435,2026-04-12,ST005_Ladprao,Hypermarket,PRD_PRD_001,Organic Avocado,Produce,10,69.00,0.20,552.00,0,0.00,1
TX000436,2026-04-19,ST004_Ari,Supermarket,PRD_BAK_002,Whole Wheat Bread,Bakery,5,55.00,0.20,220.00,0,0.00,1
TX000437,2026-05-11,ST002_Sukhumvit,Supermarket,PRD_BAK_003,Baguette Traditional,Bakery,6,40.00,0.15,204.00,0,0.00,0
TX000438,2026-06-16,ST001_Siam,Hypermarket,PRD_PRD_001,Organic Avocado,Produce,6,69.00,0.20,331.20,0,0.00,0
TX000439,2026-04-22,ST001_Siam,Hypermarket,PRD_DAI_001,Fresh Milk Pasteurized 1L,Dairy,8,48.00,0.00,384.00,0,0.00,0
TX000440,2026-02-14,ST001_Siam,Hypermarket,PRD_BAK_001,Croissant Butter,Bakery,10,45.00,0.20,360.00,0,0.00,1
TX000441,2026-05-13,ST003_Silom,Express,PRD_BAK_003,Baguette Traditional,Bakery,4,40.00,0.05,152.00,2,48.00,0
TX000442,2026-01-08,ST003_Silom,Express,PRD_PRD_003,Sweet Cherry Tomato,Produce,3,49.00,0.05,139.65,0,0.00,0
TX000443,2026-05-28,ST001_Siam,Hypermarket,PRD_DAI_001,Fresh Milk Pasteurized 1L,Dairy,8,48.00,0.10,345.60,0,0.00,0
TX000444,2026-02-10,ST003_Silom,Express,PRD_BAK_002,Whole Wheat Bread,Bakery,5,55.00,0.15,233.75,0,0.00,0
TX000445,2026-05-11,ST001_Siam,Hypermarket,PRD_BAK_001,Croissant Butter,Bakery,7,45.00,0.00,315.00,0,0.00,0
TX000446,2026-01-10,ST005_Ladprao,Hypermarket,PRD_BEV_002,Organic Green Tea,Beverages,10,40.00,0.10,360.00,0,0.00,1
TX000447,2026-03-23,ST003_Silom,Express,PRD_BAK_002,Whole Wheat Bread,Bakery,4,55.00,0.15,187.00,0,0.00,0
TX000448,2026-05-13,ST001_Siam,Hypermarket,PRD_PRD_003,Sweet Cherry Tomato,Produce,8,49.00,0.00,392.00,0,0.00,0
TX000449,2026-03-21,ST003_Silom,Express,PRD_BAK_002,Whole Wheat Bread,Bakery,3,55.00,0.15,140.25,2,66.00,1
TX000450,2026-06-09,ST002_Sukhumvit,Supermarket,PRD_DAI_001,Fresh Milk Pasteurized 1L,Dairy,3,48.00,0.05,136.80,0,0.00,0
TX000451,2026-05-20,ST002_Sukhumvit,Supermarket,PRD_BAK_003,Baguette Traditional,Bakery,3,40.00,,120.00,0,0.00,0
TX000452,2026-05-19,ST003_Silom,Express,PRD_BEV_002,Organic Green Tea,Beverages,4,40.00,0.00,160.00,0,0.00,0
TX000453,2026-03-20,ST001_Siam,Hypermarket,PRD_BAK_004,Danish Apple,Bakery,9,50.00,0.15,382.50,0,0.00,0
TX000454,2026-01-16,ST002_Sukhumvit,Supermarket,PRD_PRD_001,Organic Avocado,Produce,6,69.00,0.00,414.00,0,0.00,0
TX000455,2026-04-06,ST004_Ari,Supermarket,PRD_BAK_002,Whole Wheat Bread,Bakery,6,55.00,0.15,280.50,0,0.00,0
TX000456,2026-04-11,ST001_Siam,Hypermarket,PRD_BEV_001,Cold Pressed Orange Juice,Beverages,3,65.00,0.00,195.00,0,0.00,1
TX000457,2026-03-22,ST004_Ari,Supermarket,PRD_PRD_002,Japanese Salad Mix,Produce,7,59.00,0.05,392.35,0,0.00,1
TX000458,2026-02-21,ST002_Sukhumvit,Supermarket,PRD_BEV_001,Cold Pressed Orange Juice,Beverages,5,65.00,0.00,325.00,0,0.00,1
TX000459,2026-05-18,ST003_Silom,Express,PRD_BAK_004,Danish Apple,Bakery,5,50.00,0.10,225.00,0,0.00,0
TX000460,2026-01-31,ST001_Siam,Hypermarket,PRD_BAK_003,Baguette Traditional,Bakery,9,40.00,0.20,288.00,0,0.00,1
TX000461,2026-03-25,ST002_Sukhumvit,Supermarket,PRD_BAK_002,Whole Wheat Bread,Bakery,9,55.00,0.20,396.00,0,0.00,0
TX000462,2026-05-12,ST001_Siam,Hypermarket,PRD_BEV_002,Organic Green Tea,Beverages,7,40.00,0.05,266.00,0,0.00,0
TX000463,2026-04-26,ST005_Ladprao,Hypermarket,PRD_DAI_002,Greek Yogurt Plain,Dairy,11,35.00,0.00,385.00,2,42.00,1
TX000464,2026-01-16,ST002_Sukhumvit,Supermarket,PRD_BAK_003,Baguette Traditional,Bakery,6,40.00,0.00,240.00,0,0.00,0
TX000465,2026-06-11,ST001_Siam,Hypermarket,PRD_BEV_001,Cold Pressed Orange Juice,Beverages,8,65.00,0.05,494.00,0,0.00,0
TX000466,2026-06-15,ST004_Ari,Supermarket,PRD_BAK_003,Baguette Traditional,Bakery,4,40.00,0.00,160.00,0,0.00,0
TX000467,2026-03-26,ST001_Siam,Hypermarket,PRD_BAK_001,Croissant Butter,Bakery,11,45.00,0.10,445.50,0,0.00,0
TX000468,2026-05-08,ST001_Siam,Hypermarket,PRD_PRD_003,Sweet Cherry Tomato,Produce,11,49.00,0.20,431.20,0,0.00,0
TX000469,2026-02-17,ST003_Silom,Express,PRD_PRD_001,Organic Avocado,Produce,5,69.00,0.10,310.50,0,0.00,0
TX000470,2026-03-17,ST004_Ari,Supermarket,PRD_PRD_003,Sweet Cherry Tomato,Produce,6,49.00,0.15,249.90,0,0.00,0
TX000471,2026-04-09,ST002_Sukhumvit,Supermarket,PRD_PRD_003,Sweet Cherry Tomato,Produce,3,49.00,0.00,147.00,0,0.00,0
TX000472,2026-05-20,ST001_Siam,Hypermarket,PRD_PRD_003,Sweet Cherry Tomato,Produce,7,49.00,0.20,274.40,0,0.00,0
TX000473,2026-05-05,ST003_Silom,Express,PRD_BEV_001,Cold Pressed Orange Juice,Beverages,3,65.00,0.05,185.25,0,0.00,0
TX000474,2026-03-13,ST001_Siam,Hypermarket,PRD_DAI_001,Fresh Milk Pasteurized 1L,Dairy,8,48.00,0.05,364.80,0,0.00,0
TX000475,2026-02-10,ST001_Siam,Hypermarket,PRD_BAK_004,Danish Apple,Bakery,10,50.00,0.20,400.00,0,0.00,0
TX000476,2026-02-26,ST005_Ladprao,Hypermarket,PRD_PRD_003,Sweet Cherry Tomato,Produce,9,49.00,0.05,418.95,0,0.00,0
TX000477,2026-02-14,ST002_Sukhumvit,Supermarket,PRD_BAK_004,Danish Apple,Bakery,5,50.00,0.15,212.50,0,0.00,1
TX000478,2026-06-30,ST003_Silom,Express,PRD_BEV_001,Cold Pressed Orange Juice,Beverages,6,65.00,0.00,390.00,0,0.00,0
TX000479,2026-05-07,ST005_Ladprao,Hypermarket,PRD_PRD_001,Organic Avocado,Produce,6,69.00,0.00,414.00,0,0.00,0
TX000480,2026-05-15,ST004_Ari,Supermarket,PRD_BAK_001,Croissant Butter,Bakery,5,45.00,0.05,213.75,0,0.00,0
TX000481,2026-02-03,ST003_Silom,Express,PRD_BAK_003,Baguette Traditional,Bakery,5,40.00,0.05,190.00,0,0.00,0
TX000482,2026-01-29,ST005_Ladprao,Hypermarket,PRD_PRD_002,Japanese Salad Mix,Produce,7,59.00,0.00,413.00,0,0.00,0
TX000483,2026-04-12,ST005_Ladprao,Hypermarket,PRD_BAK_002,Whole Wheat Bread,Bakery,7,55.00,0.05,365.75,0,0.00,1
TX000484,2026-06-13,ST004_Ari,Supermarket,PRD_BEV_002,Organic Green Tea,Beverages,6,40.00,0.05,228.00,0,0.00,1
TX000485,2026-06-27,ST005_Ladprao,Hypermarket,PRD_PRD_002,Japanese Salad Mix,Produce,5,59.00,0.00,295.00,0,0.00,1
TX000486,2026-03-17,ST002_Sukhumvit,Supermarket,PRD_BAK_003,Baguette Traditional,Bakery,4,40.00,0.20,128.00,1,24.00,0
TX000487,2026-05-26,ST001_Siam,Hypermarket,PRD_BAK_003,Baguette Traditional,Bakery,7,40.00,0.15,238.00,0,0.00,0
TX000488,2026-06-06,ST002_Sukhumvit,Supermarket,PRD_BEV_002,Organic Green Tea,Beverages,5,40.00,0.00,200.00,0,0.00,1
TX000489,2026-03-23,ST002_Sukhumvit,Supermarket,PRD_BEV_002,Organic Green Tea,Beverages,4,40.00,0.00,160.00,0,0.00,0
TX000490,2026-03-27,ST004_Ari,Supermarket,PRD_BAK_001,Croissant Butter,Bakery,6,45.00,0.05,256.50,0,0.00,0
TX000491,2026-01-01,ST001_Siam,Hypermarket,PRD_PRD_003,Sweet Cherry Tomato,Produce,10,49.00,0.10,441.00,0,0.00,0
TX000492,2026-04-16,ST004_Ari,Supermarket,PRD_PRD_003,Sweet Cherry Tomato,Produce,4,49.00,0.05,186.20,0,0.00,0
TX000493,2026-06-16,ST002_Sukhumvit,Supermarket,PRD_BAK_003,Baguette Traditional,Bakery,5,40.00,0.10,180.00,1,24.00,0
TX000494,2026-01-27,ST001_Siam,Hypermarket,PRD_PRD_002,Japanese Salad Mix,Produce,5,59.00,0.00,295.00,0,0.00,0
TX000495,2026-01-20,ST005_Ladprao,Hypermarket,PRD_BAK_002,Whole Wheat Bread,Bakery,5,55.00,,261.25,0,0.00,0
TX000496,2026-06-17,ST002_Sukhumvit,Supermarket,PRD_BEV_001,Cold Pressed Orange Juice,Beverages,4,65.00,0.10,234.00,0,0.00,0
TX000497,2026-02-22,ST002_Sukhumvit,Supermarket,PRD_PRD_003,Sweet Cherry Tomato,Produce,3,49.00,0.20,117.60,0,0.00,1
TX000498,2026-03-18,ST002_Sukhumvit,Supermarket,PRD_BAK_002,Whole Wheat Bread,Bakery,3,55.00,0.00,165.00,0,0.00,0
TX000499,2026-05-06,ST002_Sukhumvit,Supermarket,PRD_BAK_001,Croissant Butter,Bakery,6,45.00,0.05,256.50,0,0.00,0
TX000500,2026-05-03,ST002_Sukhumvit,Supermarket,PRD_BAK_002,Whole Wheat Bread,Bakery,5,55.00,0.00,275.00,1,33.00,1
TX000501,2026-01-30,ST003_Silom,Express,PRD_PRD_003,Sweet Cherry Tomato,Produce,1,49.00,0.10,44.10,0,0.00,0
TX000502,2026-01-24,ST005_Ladprao,Hypermarket,PRD_PRD_003,Sweet Cherry Tomato,Produce,5,49.00,0.00,245.00,1,29.40,1
TX000503,2026-04-23,ST004_Ari,Supermarket,PRD_PRD_001,Organic Avocado,Produce,6,69.00,0.00,414.00,1,41.40,0
TX000504,2026-01-25,ST001_Siam,Hypermarket,PRD_BEV_002,Organic Green Tea,Beverages,8,40.00,0.05,304.00,0,0.00,1
TX000505,2026-01-16,ST004_Ari,Supermarket,PRD_DAI_002,Greek Yogurt Plain,Dairy,4,35.00,0.10,126.00,0,0.00,0
TX000506,2026-05-02,ST005_Ladprao,Hypermarket,PRD_BAK_004,Danish Apple,Bakery,8,50.00,0.10,360.00,0,0.00,1
TX000507,2026-05-27,ST005_Ladprao,Hypermarket,PRD_BEV_001,Cold Pressed Orange Juice,Beverages,8,65.00,0.00,520.00,1,39.00,0
TX000508,2026-02-24,ST002_Sukhumvit,Supermarket,PRD_BAK_003,Baguette Traditional,Bakery,4,40.00,0.00,160.00,0,0.00,0
TX000509,2026-04-22,ST002_Sukhumvit,Supermarket,PRD_BEV_002,Organic Green Tea,Beverages,5,40.00,0.00,200.00,0,0.00,0
TX000510,2026-01-18,ST001_Siam,Hypermarket,PRD_PRD_003,Sweet Cherry Tomato,Produce,8,49.00,0.15,333.20,0,0.00,1
TX000511,2026-03-12,ST005_Ladprao,Hypermarket,PRD_DAI_001,Fresh Milk Pasteurized 1L,Dairy,7,48.00,0.00,336.00,0,0.00,0
TX000512,2026-04-17,ST002_Sukhumvit,Supermarket,PRD_BAK_003,Baguette Traditional,Bakery,4,40.00,0.15,136.00,0,0.00,0
TX000513,2026-01-26,ST001_Siam,Hypermarket,PRD_BEV_001,Cold Pressed Orange Juice,Beverages,7,65.00,0.00,455.00,0,0.00,0
TX000514,2026-03-09,ST004_Ari,Supermarket,PRD_BEV_002,Organic Green Tea,Beverages,2,40.00,0.10,72.00,0,0.00,0
TX000515,2026-02-14,ST003_Silom,Express,PRD_PRD_003,Sweet Cherry Tomato,Produce,2,49.00,0.00,98.00,1,29.40,1
TX000516,2026-03-26,ST002_Sukhumvit,Supermarket,PRD_BAK_001,Croissant Butter,Bakery,5,45.00,0.20,180.00,0,0.00,0
TX000517,2026-03-19,ST003_Silom,Express,PRD_PRD_001,Organic Avocado,Produce,5,69.00,0.10,310.50,0,0.00,0
TX000518,2026-02-28,ST002_Sukhumvit,Supermarket,PRD_PRD_001,Organic Avocado,Produce,4,69.00,0.20,220.80,0,0.00,1
TX000519,2026-06-15,ST001_Siam,Hypermarket,PRD_BAK_004,Danish Apple,Bakery,9,50.00,0.10,405.00,0,0.00,0
TX000520,2026-05-05,ST005_Ladprao,Hypermarket,PRD_PRD_002,Japanese Salad Mix,Produce,6,59.00,0.00,354.00,0,0.00,0
TX000521,2026-02-04,ST005_Ladprao,Hypermarket,PRD_BEV_001,Cold Pressed Orange Juice,Beverages,6,65.00,0.00,390.00,0,0.00,0
TX000522,2026-02-21,ST001_Siam,Hypermarket,PRD_BAK_004,Danish Apple,Bakery,3,50.00,0.00,150.00,0,0.00,1
TX000523,2026-04-29,ST005_Ladprao,Hypermarket,PRD_PRD_003,Sweet Cherry Tomato,Produce,11,49.00,0.20,431.20,0,0.00,0
TX000524,2026-03-03,ST003_Silom,Express,PRD_DAI_001,Fresh Milk Pasteurized 1L,Dairy,6,48.00,0.10,259.20,0,0.00,0
TX000525,2026-02-11,ST003_Silom,Express,PRD_BAK_002,Whole Wheat Bread,Bakery,7,55.00,0.05,365.75,3,99.00,0
TX000526,2026-02-24,ST002_Sukhumvit,Supermarket,PRD_BEV_002,Organic Green Tea,Beverages,5,40.00,0.00,200.00,0,0.00,0
TX000527,2026-04-15,ST005_Ladprao,Hypermarket,PRD_BAK_001,Croissant Butter,Bakery,13,45.00,0.20,468.00,0,0.00,0
TX000528,2026-01-03,ST002_Sukhumvit,Supermarket,PRD_PRD_001,Organic Avocado,Produce,6,69.00,0.15,351.90,0,0.00,1
TX000529,2026-06-14,ST003_Silom,Express,PRD_PRD_003,Sweet Cherry Tomato,Produce,5,49.00,0.10,220.50,1,29.40,1
TX000530,2026-05-14,ST005_Ladprao,Hypermarket,PRD_PRD_003,Sweet Cherry Tomato,Produce,10,49.00,0.15,416.50,0,0.00,0
TX000531,2026-04-06,ST005_Ladprao,Hypermarket,PRD_BEV_002,Organic Green Tea,Beverages,8,40.00,0.05,304.00,0,0.00,0
TX000532,2026-01-17,ST003_Silom,Express,PRD_PRD_001,Organic Avocado,Produce,5,69.00,0.20,276.00,0,0.00,1
TX000533,2026-06-16,ST003_Silom,Express,PRD_BAK_004,Danish Apple,Bakery,5,50.00,0.00,250.00,0,0.00,0
TX000534,2026-01-15,ST005_Ladprao,Hypermarket,PRD_PRD_003,Sweet Cherry Tomato,Produce,9,49.00,0.20,352.80,1,29.40,0
TX000535,2026-03-17,ST003_Silom,Express,PRD_PRD_003,Sweet Cherry Tomato,Produce,4,49.00,0.10,176.40,0,0.00,0
TX000536,2026-02-18,ST003_Silom,Express,PRD_BAK_004,Danish Apple,Bakery,6,50.00,0.20,240.00,0,0.00,0
TX000537,2026-06-21,ST003_Silom,Express,PRD_DAI_002,Greek Yogurt Plain,Dairy,6,35.00,0.05,199.50,0,0.00,1
TX000538,2026-01-25,ST004_Ari,Supermarket,PRD_BAK_003,Baguette Traditional,Bakery,4,40.00,0.20,128.00,0,0.00,1
TX000539,2026-02-16,ST003_Silom,Express,PRD_BEV_002,Organic Green Tea,Beverages,4,40.00,0.00,160.00,0,0.00,0
TX000540,2026-03-26,ST003_Silom,Express,PRD_PRD_001,Organic Avocado,Produce,6,69.00,0.15,351.90,0,0.00,0
TX000541,2026-05-01,ST001_Siam,Hypermarket,PRD_BEV_002,Organic Green Tea,Beverages,5,40.00,0.00,200.00,1,24.00,0
TX000542,2026-05-16,ST003_Silom,Express,PRD_PRD_003,Sweet Cherry Tomato,Produce,4,49.00,0.00,196.00,0,0.00,1
TX000543,2026-05-26,ST004_Ari,Supermarket,PRD_BAK_003,Baguette Traditional,Bakery,4,40.00,0.05,152.00,0,0.00,0
TX000544,2026-01-21,ST004_Ari,Supermarket,PRD_PRD_002,Japanese Salad Mix,Produce,8,59.00,0.20,377.60,0,0.00,0
TX000545,2026-02-23,ST002_Sukhumvit,Supermarket,PRD_BEV_001,Cold Pressed Orange Juice,Beverages,4,65.00,0.00,260.00,0,0.00,0
TX000546,2026-01-23,ST002_Sukhumvit,Supermarket,PRD_BEV_001,Cold Pressed Orange Juice,Beverages,5,65.00,0.10,292.50,0,0.00,0
TX000547,2026-01-10,ST005_Ladprao,Hypermarket,PRD_BAK_004,Danish Apple,Bakery,8,50.00,,320.00,0,0.00,1
TX000548,2026-03-24,ST005_Ladprao,Hypermarket,PRD_BAK_004,Danish Apple,Bakery,6,50.00,0.00,300.00,1,30.00,0
TX000549,2026-03-30,ST003_Silom,Express,PRD_BAK_003,Baguette Traditional,Bakery,2,40.00,0.00,80.00,2,48.00,0
TX000550,2026-03-18,ST003_Silom,Express,PRD_DAI_001,Fresh Milk Pasteurized 1L,Dairy,2,48.00,0.05,91.20,0,0.00,0
TX000551,2026-05-06,ST003_Silom,Express,PRD_BAK_004,Danish Apple,Bakery,4,50.00,0.00,200.00,0,0.00,0
TX000552,2026-04-14,ST001_Siam,Hypermarket,PRD_BAK_004,Danish Apple,Bakery,6,50.00,0.00,300.00,0,0.00,0
TX000553,2026-02-13,ST001_Siam,Hypermarket,PRD_PRD_002,Japanese Salad Mix,Produce,9,59.00,0.20,424.80,0,0.00,0
TX000554,2026-06-13,ST003_Silom,Express,PRD_DAI_002,Greek Yogurt Plain,Dairy,3,35.00,0.00,105.00,2,42.00,1
TX000555,2026-01-13,ST001_Siam,Hypermarket,PRD_PRD_003,Sweet Cherry Tomato,Produce,7,49.00,0.10,308.70,0,0.00,0
TX000556,2026-06-27,ST001_Siam,Hypermarket,PRD_PRD_001,Organic Avocado,Produce,9,69.00,0.10,558.90,0,0.00,1
TX000557,2026-03-11,ST005_Ladprao,Hypermarket,PRD_BEV_001,Cold Pressed Orange Juice,Beverages,4,65.00,0.00,260.00,0,0.00,0
TX000558,2026-03-14,ST001_Siam,Hypermarket,PRD_BAK_002,Whole Wheat Bread,Bakery,10,55.00,0.10,495.00,0,0.00,1
TX000559,2026-03-09,ST005_Ladprao,Hypermarket,PRD_BAK_004,Danish Apple,Bakery,7,50.00,0.05,332.50,1,30.00,0
TX000560,2026-02-23,ST004_Ari,Supermarket,PRD_PRD_002,Japanese Salad Mix,Produce,7,59.00,0.00,413.00,0,0.00,0
TX000561,2026-06-21,ST004_Ari,Supermarket,PRD_BAK_003,Baguette Traditional,Bakery,5,40.00,0.00,200.00,0,0.00,1
TX000562,2026-01-26,ST003_Silom,Express,PRD_BEV_002,Organic Green Tea,Beverages,1,40.00,0.00,40.00,2,48.00,0
TX000563,2026-02-14,ST001_Siam,Hypermarket,PRD_PRD_001,Organic Avocado,Produce,8,69.00,0.05,524.40,0,0.00,1
TX000564,2026-01-12,ST001_Siam,Hypermarket,PRD_BAK_003,Baguette Traditional,Bakery,8,40.00,0.20,256.00,0,0.00,0
TX000565,2026-04-23,ST005_Ladprao,Hypermarket,PRD_PRD_001,Organic Avocado,Produce,12,69.00,0.20,662.40,0,0.00,0
TX000566,2026-04-27,ST003_Silom,Express,PRD_PRD_003,Sweet Cherry Tomato,Produce,7,49.00,0.20,274.40,0,0.00,0
TX000567,2026-06-16,ST002_Sukhumvit,Supermarket,PRD_BAK_002,Whole Wheat Bread,Bakery,4,55.00,0.00,220.00,0,0.00,0
TX000568,2026-04-17,ST005_Ladprao,Hypermarket,PRD_DAI_001,Fresh Milk Pasteurized 1L,Dairy,8,48.00,0.10,345.60,0,0.00,0
TX000569,2026-04-02,ST005_Ladprao,Hypermarket,PRD_BAK_001,Croissant Butter,Bakery,11,45.00,0.20,396.00,0,0.00,0
TX000570,2026-05-05,ST001_Siam,Hypermarket,PRD_PRD_003,Sweet Cherry Tomato,Produce,6,49.00,0.10,264.60,1,29.40,0
TX000571,2026-06-23,ST005_Ladprao,Hypermarket,PRD_BEV_001,Cold Pressed Orange Juice,Beverages,8,65.00,0.00,520.00,0,0.00,0
TX000572,2026-03-28,ST005_Ladprao,Hypermarket,PRD_DAI_002,Greek Yogurt Plain,Dairy,4,35.00,0.00,140.00,0,0.00,1
TX000573,2026-06-14,ST004_Ari,Supermarket,PRD_BAK_003,Baguette Traditional,Bakery,7,40.00,0.15,238.00,0,0.00,1
TX000574,2026-01-03,ST002_Sukhumvit,Supermarket,PRD_DAI_002,Greek Yogurt Plain,Dairy,8,35.00,0.10,252.00,0,0.00,1
TX000575,2026-03-03,ST003_Silom,Express,PRD_PRD_001,Organic Avocado,Produce,1,69.00,0.00,69.00,0,0.00,0
TX000576,2026-04-07,ST004_Ari,Supermarket,PRD_BAK_004,Danish Apple,Bakery,2,50.00,0.00,100.00,0,0.00,0
TX000577,2026-04-25,ST003_Silom,Express,PRD_BAK_002,Whole Wheat Bread,Bakery,5,55.00,,247.50,0,0.00,1
TX000578,2026-04-14,ST004_Ari,Supermarket,PRD_BAK_001,Croissant Butter,Bakery,3,45.00,0.15,114.75,0,0.00,0
TX000579,2026-06-13,ST003_Silom,Express,PRD_DAI_002,Greek Yogurt Plain,Dairy,3,35.00,0.00,105.00,0,0.00,1
TX000580,2026-03-29,ST003_Silom,Express,PRD_BAK_001,Croissant Butter,Bakery,4,45.00,0.00,180.00,0,0.00,1
TX000581,2026-06-18,ST003_Silom,Express,PRD_DAI_001,Fresh Milk Pasteurized 1L,Dairy,2,48.00,0.00,96.00,2,57.60,0
TX000582,2026-06-12,ST003_Silom,Express,PRD_DAI_002,Greek Yogurt Plain,Dairy,4,35.00,0.05,133.00,0,0.00,0
TX000583,2026-02-12,ST004_Ari,Supermarket,PRD_BAK_003,Baguette Traditional,Bakery,7,40.00,0.20,224.00,0,0.00,0
TX000584,2026-01-31,ST004_Ari,Supermarket,PRD_BAK_004,Danish Apple,Bakery,4,50.00,0.10,180.00,0,0.00,1
TX000585,2026-03-28,ST001_Siam,Hypermarket,PRD_PRD_003,Sweet Cherry Tomato,Produce,9,49.00,0.00,441.00,0,0.00,1
TX000586,2026-04-26,ST004_Ari,Supermarket,PRD_BEV_002,Organic Green Tea,Beverages,3,40.00,,120.00,0,0.00,1
TX000587,2026-01-13,ST005_Ladprao,Hypermarket,PRD_PRD_003,Sweet Cherry Tomato,Produce,7,49.00,0.15,291.55,0,0.00,0
TX000588,2026-05-29,ST002_Sukhumvit,Supermarket,PRD_BAK_003,Baguette Traditional,Bakery,5,40.00,0.00,200.00,0,0.00,0
TX000589,2026-03-24,ST005_Ladprao,Hypermarket,PRD_PRD_003,Sweet Cherry Tomato,Produce,12,49.00,0.10,529.20,0,0.00,0
TX000590,2026-03-29,ST003_Silom,Express,PRD_DAI_001,Fresh Milk Pasteurized 1L,Dairy,3,48.00,0.00,144.00,1,28.80,1
TX000591,2026-06-29,ST005_Ladprao,Hypermarket,PRD_PRD_002,Japanese Salad Mix,Produce,8,59.00,0.20,377.60,0,0.00,0
TX000592,2026-02-25,ST002_Sukhumvit,Supermarket,PRD_BAK_004,Danish Apple,Bakery,6,50.00,0.15,255.00,0,0.00,0
TX000593,2026-06-16,ST002_Sukhumvit,Supermarket,PRD_DAI_002,Greek Yogurt Plain,Dairy,3,35.00,0.05,99.75,0,0.00,0
TX000594,2026-05-24,ST004_Ari,Supermarket,PRD_BEV_001,Cold Pressed Orange Juice,Beverages,4,65.00,0.10,234.00,0,0.00,1
TX000595,2026-04-19,ST001_Siam,Hypermarket,PRD_DAI_002,Greek Yogurt Plain,Dairy,3,35.00,0.00,105.00,1,21.00,1
TX000596,2026-02-11,ST003_Silom,Express,PRD_BEV_002,Organic Green Tea,Beverages,6,40.00,0.05,228.00,0,0.00,0
TX000597,2026-03-17,ST002_Sukhumvit,Supermarket,PRD_DAI_002,Greek Yogurt Plain,Dairy,3,35.00,0.00,105.00,0,0.00,0
TX000598,2026-05-24,ST002_Sukhumvit,Supermarket,PRD_BEV_002,Organic Green Tea,Beverages,7,40.00,0.10,252.00,0,0.00,1
TX000599,2026-06-28,ST003_Silom,Express,PRD_BEV_002,Organic Green Tea,Beverages,5,40.00,0.00,200.00,0,0.00,1
TX000600,2026-03-22,ST005_Ladprao,Hypermarket,PRD_BAK_001,Croissant Butter,Bakery,6,45.00,0.00,270.00,0,0.00,1
TX000601,2026-04-24,ST002_Sukhumvit,Supermarket,PRD_BEV_002,Organic Green Tea,Beverages,5,40.00,0.05,190.00,0,0.00,0
TX000602,2026-02-19,ST003_Silom,Express,PRD_DAI_001,Fresh Milk Pasteurized 1L,Dairy,1,48.00,0.00,48.00,0,0.00,0
TX000603,2026-02-14,ST005_Ladprao,Hypermarket,PRD_BAK_002,Whole Wheat Bread,Bakery,9,55.00,0.10,445.50,0,0.00,1
TX000604,2026-03-07,ST001_Siam,Hypermarket,PRD_PRD_002,Japanese Salad Mix,Produce,8,59.00,0.10,424.80,0,0.00,1
TX000605,2026-02-09,ST003_Silom,Express,PRD_BEV_001,Cold Pressed Orange Juice,Beverages,4,65.00,0.00,260.00,0,0.00,0
TX000606,2026-05-27,ST005_Ladprao,Hypermarket,PRD_PRD_002,Japanese Salad Mix,Produce,4,59.00,0.00,236.00,0,0.00,0
TX000607,2026-02-26,ST002_Sukhumvit,Supermarket,PRD_DAI_002,Greek Yogurt Plain,Dairy,5,35.00,0.00,175.00,0,0.00,0
TX000608,2026-03-31,ST002_Sukhumvit,Supermarket,PRD_BAK_004,Danish Apple,Bakery,6,50.00,0.20,240.00,0,0.00,0
TX000609,2026-02-25,ST005_Ladprao,Hypermarket,PRD_DAI_002,Greek Yogurt Plain,Dairy,11,35.00,,346.50,0,0.00,0
TX000610,2026-06-21,ST003_Silom,Express,PRD_DAI_001,Fresh Milk Pasteurized 1L,Dairy,3,48.00,0.00,144.00,0,0.00,1
TX000611,2026-06-09,ST002_Sukhumvit,Supermarket,PRD_BAK_001,Croissant Butter,Bakery,8,45.00,0.20,288.00,0,0.00,0
TX000612,2026-03-07,ST005_Ladprao,Hypermarket,PRD_PRD_001,Organic Avocado,Produce,5,69.00,0.00,345.00,0,0.00,1
TX000613,2026-04-06,ST005_Ladprao,Hypermarket,PRD_DAI_002,Greek Yogurt Plain,Dairy,7,35.00,0.10,220.50,0,0.00,0
TX000614,2026-01-22,ST001_Siam,Hypermarket,PRD_BAK_003,Baguette Traditional,Bakery,9,40.00,0.15,306.00,0,0.00,0
TX000615,2026-02-23,ST002_Sukhumvit,Supermarket,PRD_BEV_002,Organic Green Tea,Beverages,6,40.00,0.10,216.00,0,0.00,0
TX000616,2026-04-22,ST001_Siam,Hypermarket,PRD_BEV_002,Organic Green Tea,Beverages,6,40.00,0.00,240.00,1,24.00,0
TX000617,2026-02-15,ST003_Silom,Express,PRD_DAI_002,Greek Yogurt Plain,Dairy,3,35.00,0.00,105.00,0,0.00,1
TX000618,2026-03-08,ST004_Ari,Supermarket,PRD_PRD_003,Sweet Cherry Tomato,Produce,4,49.00,0.10,176.40,1,29.40,1
TX000619,2026-05-17,ST001_Siam,Hypermarket,PRD_BEV_002,Organic Green Tea,Beverages,7,40.00,0.00,280.00,0,0.00,1
TX000620,2026-05-09,ST001_Siam,Hypermarket,PRD_PRD_001,Organic Avocado,Produce,7,69.00,0.20,386.40,0,0.00,1
TX000621,2026-04-23,ST004_Ari,Supermarket,PRD_PRD_003,Sweet Cherry Tomato,Produce,8,49.00,0.20,313.60,0,0.00,0
TX000622,2026-05-20,ST003_Silom,Express,PRD_BEV_002,Organic Green Tea,Beverages,4,40.00,0.00,160.00,0,0.00,0
TX000623,2026-06-15,ST003_Silom,Express,PRD_BAK_001,Croissant Butter,Bakery,5,45.00,0.15,191.25,1,27.00,0
TX000624,2026-04-11,ST005_Ladprao,Hypermarket,PRD_DAI_002,Greek Yogurt Plain,Dairy,6,35.00,0.00,210.00,0,0.00,1
TX000625,2026-04-16,ST005_Ladprao,Hypermarket,PRD_BAK_003,Baguette Traditional,Bakery,9,40.00,0.00,360.00,1,24.00,0
TX000626,2026-06-21,ST005_Ladprao,Hypermarket,PRD_BAK_001,Croissant Butter,Bakery,8,45.00,0.15,306.00,0,0.00,1
TX000627,2026-03-16,ST001_Siam,Hypermarket,PRD_PRD_001,Organic Avocado,Produce,7,69.00,0.00,483.00,0,0.00,0
TX000628,2026-06-21,ST002_Sukhumvit,Supermarket,PRD_BAK_002,Whole Wheat Bread,Bakery,7,55.00,0.05,365.75,0,0.00,1
TX000629,2026-03-23,ST004_Ari,Supermarket,PRD_DAI_001,Fresh Milk Pasteurized 1L,Dairy,4,48.00,0.05,182.40,0,0.00,0
TX000630,2026-04-04,ST003_Silom,Express,PRD_PRD_003,Sweet Cherry Tomato,Produce,3,49.00,0.00,147.00,2,58.80,1
TX000631,2026-04-22,ST003_Silom,Express,PRD_PRD_002,Japanese Salad Mix,Produce,5,59.00,0.00,295.00,0,0.00,0
TX000632,2026-05-03,ST004_Ari,Supermarket,PRD_DAI_001,Fresh Milk Pasteurized 1L,Dairy,5,48.00,0.05,228.00,0,0.00,1
TX000633,2026-01-21,ST003_Silom,Express,PRD_BAK_003,Baguette Traditional,Bakery,3,40.00,0.15,102.00,2,48.00,0
TX000634,2026-01-05,ST005_Ladprao,Hypermarket,PRD_BEV_002,Organic Green Tea,Beverages,4,40.00,0.00,160.00,0,0.00,0
TX000635,2026-06-01,ST002_Sukhumvit,Supermarket,PRD_BAK_001,Croissant Butter,Bakery,6,45.00,0.15,229.50,0,0.00,0
TX000636,2026-02-08,ST003_Silom,Express,PRD_PRD_003,Sweet Cherry Tomato,Produce,7,49.00,0.00,343.00,0,0.00,1
TX000637,2026-03-16,ST002_Sukhumvit,Supermarket,PRD_DAI_001,Fresh Milk Pasteurized 1L,Dairy,3,48.00,0.00,144.00,0,0.00,0
TX000638,2026-06-07,ST002_Sukhumvit,Supermarket,PRD_DAI_002,Greek Yogurt Plain,Dairy,6,35.00,0.00,210.00,0,0.00,1
TX000639,2026-05-25,ST002_Sukhumvit,Supermarket,PRD_DAI_001,Fresh Milk Pasteurized 1L,Dairy,8,48.00,0.05,364.80,0,0.00,0
TX000640,2026-03-01,ST001_Siam,Hypermarket,PRD_BEV_002,Organic Green Tea,Beverages,7,40.00,0.00,280.00,0,0.00,1
TX000641,2026-04-10,ST004_Ari,Supermarket,PRD_DAI_001,Fresh Milk Pasteurized 1L,Dairy,7,48.00,0.00,336.00,1,28.80,0
TX000642,2026-06-12,ST003_Silom,Express,PRD_PRD_001,Organic Avocado,Produce,4,69.00,0.15,234.60,0,0.00,0
TX000643,2026-06-17,ST001_Siam,Hypermarket,PRD_DAI_002,Greek Yogurt Plain,Dairy,7,35.00,0.05,232.75,0,0.00,0
TX000644,2026-05-13,ST004_Ari,Supermarket,PRD_PRD_002,Japanese Salad Mix,Produce,3,59.00,0.05,168.15,0,0.00,0
TX000645,2026-02-05,ST004_Ari,Supermarket,PRD_BAK_003,Baguette Traditional,Bakery,5,40.00,0.00,200.00,1,24.00,0
TX000646,2026-04-03,ST005_Ladprao,Hypermarket,PRD_BAK_002,Whole Wheat Bread,Bakery,9,55.00,0.20,396.00,0,0.00,0
TX000647,2026-01-30,ST004_Ari,Supermarket,PRD_BEV_002,Organic Green Tea,Beverages,3,40.00,0.10,108.00,0,0.00,0
TX000648,2026-03-04,ST001_Siam,Hypermarket,PRD_BAK_003,Baguette Traditional,Bakery,9,40.00,0.15,306.00,0,0.00,0
TX000649,2026-05-12,ST001_Siam,Hypermarket,PRD_BEV_001,Cold Pressed Orange Juice,Beverages,8,65.00,0.00,520.00,0,0.00,0
TX000650,2026-06-03,ST005_Ladprao,Hypermarket,PRD_BEV_002,Organic Green Tea,Beverages,7,40.00,0.00,280.00,0,0.00,0
TX000651,2026-03-14,ST001_Siam,Hypermarket,PRD_BAK_004,Danish Apple,Bakery,7,50.00,0.10,315.00,0,0.00,1
TX000652,2026-04-16,ST005_Ladprao,Hypermarket,PRD_BAK_003,Baguette Traditional,Bakery,8,40.00,0.15,272.00,0,0.00,0
TX000653,2026-06-18,ST005_Ladprao,Hypermarket,PRD_PRD_001,Organic Avocado,Produce,6,69.00,0.00,414.00,0,0.00,0
TX000654,2026-02-28,ST004_Ari,Supermarket,PRD_PRD_003,Sweet Cherry Tomato,Produce,3,49.00,0.00,147.00,1,29.40,1
TX000655,2026-04-18,ST002_Sukhumvit,Supermarket,PRD_BEV_001,Cold Pressed Orange Juice,Beverages,8,65.00,0.00,520.00,0,0.00,1
TX000656,2026-06-03,ST001_Siam,Hypermarket,PRD_DAI_002,Greek Yogurt Plain,Dairy,8,35.00,0.00,280.00,0,0.00,0
TX000657,2026-01-01,ST004_Ari,Supermarket,PRD_DAI_002,Greek Yogurt Plain,Dairy,7,35.00,0.10,220.50,0,0.00,0
TX000658,2026-05-16,ST004_Ari,Supermarket,PRD_BAK_004,Danish Apple,Bakery,6,50.00,0.10,270.00,0,0.00,1
TX000659,2026-06-28,ST005_Ladprao,Hypermarket,PRD_BAK_002,Whole Wheat Bread,Bakery,7,55.00,0.10,346.50,0,0.00,1
TX000660,2026-03-01,ST001_Siam,Hypermarket,PRD_PRD_001,Organic Avocado,Produce,10,69.00,0.15,586.50,0,0.00,1
TX000661,2026-01-02,ST005_Ladprao,Hypermarket,PRD_DAI_002,Greek Yogurt Plain,Dairy,5,35.00,0.00,175.00,0,0.00,0
TX000662,2026-02-22,ST003_Silom,Express,PRD_PRD_003,Sweet Cherry Tomato,Produce,5,49.00,0.05,232.75,0,0.00,1
TX000663,2026-05-18,ST004_Ari,Supermarket,PRD_BEV_001,Cold Pressed Orange Juice,Beverages,6,65.00,0.05,370.50,0,0.00,0
TX000664,2026-04-12,ST002_Sukhumvit,Supermarket,PRD_PRD_003,Sweet Cherry Tomato,Produce,7,49.00,0.15,291.55,0,0.00,1
TX000665,2026-03-06,ST003_Silom,Express,PRD_BEV_001,Cold Pressed Orange Juice,Beverages,2,65.00,0.05,123.50,0,0.00,0
TX000666,2026-02-05,ST001_Siam,Hypermarket,PRD_BAK_004,Danish Apple,Bakery,9,50.00,0.10,405.00,0,0.00,0
TX000667,2026-03-28,ST005_Ladprao,Hypermarket,PRD_BEV_001,Cold Pressed Orange Juice,Beverages,3,65.00,0.00,195.00,0,0.00,1
TX000668,2026-01-02,ST001_Siam,Hypermarket,PRD_BAK_003,Baguette Traditional,Bakery,10,40.00,0.10,360.00,1,24.00,0
TX000669,2026-01-21,ST005_Ladprao,Hypermarket,PRD_BAK_001,Croissant Butter,Bakery,6,45.00,0.20,216.00,0,0.00,0
TX000670,2026-06-02,ST001_Siam,Hypermarket,PRD_BAK_003,Baguette Traditional,Bakery,13,40.00,,416.00,0,0.00,0
TX000671,2026-06-18,ST005_Ladprao,Hypermarket,PRD_PRD_001,Organic Avocado,Produce,9,69.00,0.00,621.00,0,0.00,0
TX000672,2026-02-13,ST001_Siam,Hypermarket,PRD_PRD_002,Japanese Salad Mix,Produce,7,59.00,0.00,413.00,0,0.00,0
TX000673,2026-01-23,ST003_Silom,Express,PRD_PRD_003,Sweet Cherry Tomato,Produce,3,49.00,,139.65,0,0.00,0
TX000674,2026-06-30,ST001_Siam,Hypermarket,PRD_BAK_002,Whole Wheat Bread,Bakery,7,55.00,0.15,327.25,0,0.00,0
TX000675,2026-05-30,ST003_Silom,Express,PRD_PRD_002,Japanese Salad Mix,Produce,5,59.00,0.05,280.25,0,0.00,1
TX000676,2026-01-02,ST003_Silom,Express,PRD_BAK_003,Baguette Traditional,Bakery,8,40.00,0.10,288.00,0,0.00,0
TX000677,2026-05-09,ST003_Silom,Express,PRD_PRD_002,Japanese Salad Mix,Produce,5,59.00,0.00,295.00,0,0.00,1
TX000678,2026-05-28,ST003_Silom,Express,PRD_DAI_001,Fresh Milk Pasteurized 1L,Dairy,1,48.00,0.10,43.20,0,0.00,0
TX000679,2026-03-28,ST004_Ari,Supermarket,PRD_BEV_002,Organic Green Tea,Beverages,8,40.00,0.10,288.00,0,0.00,1
TX000680,2026-04-08,ST002_Sukhumvit,Supermarket,PRD_BEV_002,Organic Green Tea,Beverages,3,40.00,0.00,120.00,0,0.00,0
TX000681,2026-04-01,ST005_Ladprao,Hypermarket,PRD_DAI_002,Greek Yogurt Plain,Dairy,6,35.00,0.00,210.00,0,0.00,0
TX000682,2026-03-29,ST001_Siam,Hypermarket,PRD_DAI_002,Greek Yogurt Plain,Dairy,5,35.00,0.00,175.00,0,0.00,1
TX000683,2026-05-27,ST003_Silom,Express,PRD_BAK_003,Baguette Traditional,Bakery,4,40.00,0.20,128.00,0,0.00,0
TX000684,2026-03-03,ST003_Silom,Express,PRD_BAK_004,Danish Apple,Bakery,1,50.00,0.00,50.00,2,60.00,0
TX000685,2026-01-28,ST001_Siam,Hypermarket,PRD_BAK_002,Whole Wheat Bread,Bakery,12,55.00,0.20,528.00,0,0.00,0
TX000686,2026-01-02,ST005_Ladprao,Hypermarket,PRD_BAK_001,Croissant Butter,Bakery,7,45.00,0.10,283.50,0,0.00,0
TX000687,2026-05-28,ST003_Silom,Express,PRD_DAI_001,Fresh Milk Pasteurized 1L,Dairy,5,48.00,0.00,240.00,0,0.00,0
TX000688,2026-03-13,ST004_Ari,Supermarket,PRD_BAK_004,Danish Apple,Bakery,8,50.00,0.15,340.00,0,0.00,0
TX000689,2026-01-09,ST005_Ladprao,Hypermarket,PRD_PRD_002,Japanese Salad Mix,Produce,9,59.00,0.10,477.90,0,0.00,0
TX000690,2026-04-28,ST001_Siam,Hypermarket,PRD_DAI_002,Greek Yogurt Plain,Dairy,8,35.00,0.10,252.00,0,0.00,0
TX000691,2026-01-26,ST003_Silom,Express,PRD_PRD_002,Japanese Salad Mix,Produce,5,59.00,0.15,250.75,0,0.00,0
TX000692,2026-03-09,ST002_Sukhumvit,Supermarket,PRD_PRD_001,Organic Avocado,Produce,7,69.00,0.10,434.70,0,0.00,0
TX000693,2026-04-18,ST003_Silom,Express,PRD_PRD_002,Japanese Salad Mix,Produce,4,59.00,0.10,212.40,2,70.80,1
TX000694,2026-02-28,ST001_Siam,Hypermarket,PRD_PRD_001,Organic Avocado,Produce,7,69.00,0.00,483.00,0,0.00,1
TX000695,2026-02-20,ST002_Sukhumvit,Supermarket,PRD_BAK_003,Baguette Traditional,Bakery,6,40.00,0.10,216.00,0,0.00,0
TX000696,2026-06-11,ST005_Ladprao,Hypermarket,PRD_DAI_002,Greek Yogurt Plain,Dairy,6,35.00,0.05,199.50,0,0.00,0
TX000697,2026-05-24,ST005_Ladprao,Hypermarket,PRD_BAK_001,Croissant Butter,Bakery,9,45.00,0.10,364.50,0,0.00,1
TX000698,2026-06-11,ST001_Siam,Hypermarket,PRD_DAI_001,Fresh Milk Pasteurized 1L,Dairy,8,48.00,0.05,364.80,0,0.00,0
TX000699,2026-05-23,ST003_Silom,Express,PRD_PRD_002,Japanese Salad Mix,Produce,2,59.00,0.00,118.00,0,0.00,1
TX000700,2026-05-28,ST005_Ladprao,Hypermarket,PRD_BEV_002,Organic Green Tea,Beverages,7,40.00,0.00,280.00,0,0.00,0
TX000701,2026-03-25,ST005_Ladprao,Hypermarket,PRD_DAI_001,Fresh Milk Pasteurized 1L,Dairy,9,48.00,0.10,388.80,0,0.00,0
TX000702,2026-02-07,ST002_Sukhumvit,Supermarket,PRD_BEV_002,Organic Green Tea,Beverages,4,40.00,0.05,152.00,0,0.00,1
TX000703,2026-04-14,ST001_Siam,Hypermarket,PRD_BAK_002,Whole Wheat Bread,Bakery,6,55.00,0.00,330.00,0,0.00,0
TX000704,2026-06-04,ST004_Ari,Supermarket,PRD_PRD_001,Organic Avocado,Produce,7,69.00,0.10,434.70,0,0.00,0
TX000705,2026-05-31,ST005_Ladprao,Hypermarket,PRD_DAI_001,Fresh Milk Pasteurized 1L,Dairy,10,48.00,0.10,432.00,0,0.00,1
TX000706,2026-03-06,ST001_Siam,Hypermarket,PRD_BAK_004,Danish Apple,Bakery,9,50.00,0.00,450.00,0,0.00,0
TX000707,2026-05-02,ST005_Ladprao,Hypermarket,PRD_BAK_001,Croissant Butter,Bakery,7,45.00,0.00,315.00,0,0.00,1
TX000708,2026-06-08,ST002_Sukhumvit,Supermarket,PRD_BAK_002,Whole Wheat Bread,Bakery,5,55.00,0.20,220.00,0,0.00,0
TX000709,2026-02-28,ST002_Sukhumvit,Supermarket,PRD_PRD_001,Organic Avocado,Produce,5,69.00,,310.50,0,0.00,1
TX000710,2026-06-19,ST003_Silom,Express,PRD_PRD_002,Japanese Salad Mix,Produce,4,59.00,0.10,212.40,0,0.00,0
TX000711,2026-03-11,ST005_Ladprao,Hypermarket,PRD_DAI_001,Fresh Milk Pasteurized 1L,Dairy,9,48.00,0.00,432.00,0,0.00,0
TX000712,2026-06-11,ST005_Ladprao,Hypermarket,PRD_PRD_003,Sweet Cherry Tomato,Produce,8,49.00,0.15,333.20,0,0.00,0
TX000713,2026-03-30,ST004_Ari,Supermarket,PRD_DAI_002,Greek Yogurt Plain,Dairy,5,35.00,0.00,175.00,0,0.00,0
TX000714,2026-03-19,ST001_Siam,Hypermarket,PRD_BAK_001,Croissant Butter,Bakery,7,45.00,0.15,267.75,0,0.00,0
TX000715,2026-03-30,ST003_Silom,Express,PRD_DAI_001,Fresh Milk Pasteurized 1L,Dairy,3,48.00,0.00,144.00,0,0.00,0
TX000716,2026-04-21,ST003_Silom,Express,PRD_BEV_001,Cold Pressed Orange Juice,Beverages,2,65.00,0.00,130.00,0,0.00,0
TX000717,2026-02-18,ST004_Ari,Supermarket,PRD_DAI_002,Greek Yogurt Plain,Dairy,5,35.00,0.10,157.50,0,0.00,0
TX000718,2026-04-07,ST002_Sukhumvit,Supermarket,PRD_PRD_001,Organic Avocado,Produce,5,69.00,0.00,345.00,0,0.00,0
TX000719,2026-06-06,ST003_Silom,Express,PRD_PRD_001,Organic Avocado,Produce,5,69.00,0.20,276.00,0,0.00,1
TX000720,2026-02-16,ST002_Sukhumvit,Supermarket,PRD_PRD_001,Organic Avocado,Produce,2,69.00,0.00,138.00,0,0.00,0
TX000721,2026-03-11,ST005_Ladprao,Hypermarket,PRD_DAI_001,Fresh Milk Pasteurized 1L,Dairy,6,48.00,,288.00,0,0.00,0
TX000722,2026-01-27,ST003_Silom,Express,PRD_PRD_001,Organic Avocado,Produce,4,69.00,0.00,276.00,0,0.00,0
TX000723,2026-03-01,ST001_Siam,Hypermarket,PRD_BAK_003,Baguette Traditional,Bakery,5,40.00,0.00,200.00,0,0.00,1
TX000724,2026-04-06,ST004_Ari,Supermarket,PRD_BAK_001,Croissant Butter,Bakery,5,45.00,0.05,213.75,0,0.00,0
TX000725,2026-02-07,ST001_Siam,Hypermarket,PRD_PRD_001,Organic Avocado,Produce,10,69.00,0.10,621.00,0,0.00,1
TX000726,2026-04-08,ST001_Siam,Hypermarket,PRD_BAK_002,Whole Wheat Bread,Bakery,10,55.00,0.20,440.00,0,0.00,0
TX000727,2026-04-24,ST002_Sukhumvit,Supermarket,PRD_BAK_001,Croissant Butter,Bakery,2,45.00,0.00,90.00,0,0.00,0
TX000728,2026-05-02,ST004_Ari,Supermarket,PRD_BEV_002,Organic Green Tea,Beverages,6,40.00,0.05,228.00,0,0.00,1
TX000729,2026-01-11,ST005_Ladprao,Hypermarket,PRD_DAI_002,Greek Yogurt Plain,Dairy,6,35.00,0.00,210.00,0,0.00,1
TX000730,2026-06-20,ST002_Sukhumvit,Supermarket,PRD_BAK_002,Whole Wheat Bread,Bakery,7,55.00,0.00,385.00,0,0.00,1
TX000731,2026-02-12,ST003_Silom,Express,PRD_BEV_001,Cold Pressed Orange Juice,Beverages,3,65.00,0.00,195.00,0,0.00,0
TX000732,2026-06-26,ST004_Ari,Supermarket,PRD_BEV_001,Cold Pressed Orange Juice,Beverages,5,65.00,0.00,325.00,0,0.00,0
TX000733,2026-02-10,ST004_Ari,Supermarket,PRD_BAK_002,Whole Wheat Bread,Bakery,4,55.00,0.20,176.00,0,0.00,0
TX000734,2026-01-16,ST003_Silom,Express,PRD_BEV_002,Organic Green Tea,Beverages,1,40.00,0.00,40.00,0,0.00,0
TX000735,2026-02-02,ST004_Ari,Supermarket,PRD_BAK_004,Danish Apple,Bakery,8,50.00,0.05,380.00,0,0.00,0
TX000736,2026-04-23,ST002_Sukhumvit,Supermarket,PRD_BAK_001,Croissant Butter,Bakery,6,45.00,0.20,216.00,0,0.00,0
TX000737,2026-03-06,ST001_Siam,Hypermarket,PRD_DAI_001,Fresh Milk Pasteurized 1L,Dairy,6,48.00,0.10,259.20,0,0.00,0
TX000738,2026-05-20,ST003_Silom,Express,PRD_PRD_002,Japanese Salad Mix,Produce,5,59.00,0.20,236.00,0,0.00,0
TX000739,2026-06-03,ST005_Ladprao,Hypermarket,PRD_BAK_003,Baguette Traditional,Bakery,5,40.00,0.00,200.00,0,0.00,0
TX000740,2026-04-27,ST001_Siam,Hypermarket,PRD_BEV_002,Organic Green Tea,Beverages,8,40.00,0.10,288.00,0,0.00,0
TX000741,2026-06-08,ST003_Silom,Express,PRD_BEV_001,Cold Pressed Orange Juice,Beverages,3,65.00,0.00,195.00,0,0.00,0
TX000742,2026-02-18,ST005_Ladprao,Hypermarket,PRD_BEV_002,Organic Green Tea,Beverages,9,40.00,0.10,324.00,0,0.00,0
TX000743,2026-03-14,ST003_Silom,Express,PRD_PRD_003,Sweet Cherry Tomato,Produce,5,49.00,0.20,196.00,0,0.00,1
TX000744,2026-02-03,ST002_Sukhumvit,Supermarket,PRD_BAK_001,Croissant Butter,Bakery,5,45.00,0.00,225.00,1,27.00,0
TX000745,2026-04-10,ST004_Ari,Supermarket,PRD_DAI_002,Greek Yogurt Plain,Dairy,5,35.00,0.05,166.25,0,0.00,0
TX000746,2026-01-19,ST001_Siam,Hypermarket,PRD_BAK_004,Danish Apple,Bakery,6,50.00,0.20,240.00,1,30.00,0
TX000747,2026-01-16,ST003_Silom,Express,PRD_DAI_002,Greek Yogurt Plain,Dairy,6,35.00,0.10,189.00,1,21.00,0
TX000748,2026-05-16,ST001_Siam,Hypermarket,PRD_BAK_002,Whole Wheat Bread,Bakery,8,55.00,0.05,418.00,0,0.00,1
TX000749,2026-03-01,ST005_Ladprao,Hypermarket,PRD_PRD_003,Sweet Cherry Tomato,Produce,7,49.00,0.00,343.00,1,29.40,1
TX000750,2026-05-23,ST005_Ladprao,Hypermarket,PRD_PRD_003,Sweet Cherry Tomato,Produce,8,49.00,0.20,313.60,0,0.00,1
TX000751,2026-04-02,ST004_Ari,Supermarket,PRD_BEV_002,Organic Green Tea,Beverages,6,40.00,0.10,216.00,0,0.00,0
TX000752,2026-03-28,ST002_Sukhumvit,Supermarket,PRD_DAI_002,Greek Yogurt Plain,Dairy,5,35.00,0.10,157.50,0,0.00,1
TX000753,2026-05-21,ST003_Silom,Express,PRD_PRD_002,Japanese Salad Mix,Produce,5,59.00,0.10,265.50,0,0.00,0
TX000754,2026-05-25,ST005_Ladprao,Hypermarket,PRD_BAK_004,Danish Apple,Bakery,6,50.00,0.10,270.00,0,0.00,0
TX000755,2026-03-07,ST003_Silom,Express,PRD_DAI_001,Fresh Milk Pasteurized 1L,Dairy,4,48.00,0.10,172.80,2,57.60,1
TX000756,2026-01-05,ST005_Ladprao,Hypermarket,PRD_BAK_003,Baguette Traditional,Bakery,12,40.00,0.05,456.00,0,0.00,0
TX000757,2026-06-26,ST003_Silom,Express,PRD_DAI_002,Greek Yogurt Plain,Dairy,4,35.00,0.00,140.00,1,21.00,0
TX000758,2026-05-30,ST002_Sukhumvit,Supermarket,PRD_BAK_004,Danish Apple,Bakery,5,50.00,0.05,237.50,0,0.00,1
TX000759,2026-04-13,ST005_Ladprao,Hypermarket,PRD_BAK_004,Danish Apple,Bakery,11,50.00,0.20,440.00,0,0.00,0
TX000760,2026-06-26,ST005_Ladprao,Hypermarket,PRD_BAK_002,Whole Wheat Bread,Bakery,9,55.00,0.15,420.75,0,0.00,0
TX000761,2026-05-28,ST004_Ari,Supermarket,PRD_BAK_002,Whole Wheat Bread,Bakery,6,55.00,0.00,330.00,0,0.00,0
TX000762,2026-01-31,ST002_Sukhumvit,Supermarket,PRD_BEV_002,Organic Green Tea,Beverages,4,40.00,0.00,160.00,0,0.00,1
TX000763,2026-01-14,ST003_Silom,Express,PRD_DAI_002,Greek Yogurt Plain,Dairy,3,35.00,0.00,105.00,0,0.00,0
TX000764,2026-02-09,ST001_Siam,Hypermarket,PRD_BEV_002,Organic Green Tea,Beverages,10,40.00,0.10,360.00,0,0.00,0
TX000765,2026-05-28,ST005_Ladprao,Hypermarket,PRD_BAK_002,Whole Wheat Bread,Bakery,4,55.00,0.00,220.00,1,33.00,0
TX000766,2026-05-02,ST005_Ladprao,Hypermarket,PRD_BAK_001,Croissant Butter,Bakery,8,45.00,0.15,306.00,0,0.00,1
TX000767,2026-02-03,ST002_Sukhumvit,Supermarket,PRD_DAI_001,Fresh Milk Pasteurized 1L,Dairy,5,48.00,0.00,240.00,0,0.00,0
TX000768,2026-02-20,ST005_Ladprao,Hypermarket,PRD_BEV_001,Cold Pressed Orange Juice,Beverages,7,65.00,0.00,455.00,0,0.00,0
TX000769,2026-05-28,ST001_Siam,Hypermarket,PRD_BAK_002,Whole Wheat Bread,Bakery,11,55.00,0.20,484.00,0,0.00,0
TX000770,2026-02-18,ST003_Silom,Express,PRD_PRD_002,Japanese Salad Mix,Produce,3,59.00,0.15,150.45,1,35.40,0
TX000771,2026-04-24,ST005_Ladprao,Hypermarket,PRD_BAK_003,Baguette Traditional,Bakery,11,40.00,0.10,396.00,0,0.00,0
TX000772,2026-01-22,ST001_Siam,Hypermarket,PRD_BAK_001,Croissant Butter,Bakery,7,45.00,0.00,315.00,0,0.00,0
TX000773,2026-03-15,ST001_Siam,Hypermarket,PRD_PRD_002,Japanese Salad Mix,Produce,10,59.00,0.20,472.00,0,0.00,1
TX000774,2026-05-18,ST002_Sukhumvit,Supermarket,PRD_BAK_004,Danish Apple,Bakery,5,50.00,0.15,212.50,0,0.00,0
TX000775,2026-05-04,ST005_Ladprao,Hypermarket,PRD_BAK_003,Baguette Traditional,Bakery,9,40.00,0.20,288.00,0,0.00,0
TX000776,2026-01-12,ST003_Silom,Express,PRD_BAK_003,Baguette Traditional,Bakery,3,40.00,0.00,120.00,2,48.00,0
TX000777,2026-06-17,ST001_Siam,Hypermarket,PRD_BAK_002,Whole Wheat Bread,Bakery,6,55.00,0.10,297.00,0,0.00,0
TX000778,2026-06-18,ST003_Silom,Express,PRD_BAK_002,Whole Wheat Bread,Bakery,3,55.00,0.00,165.00,3,99.00,0
TX000779,2026-05-11,ST001_Siam,Hypermarket,PRD_PRD_002,Japanese Salad Mix,Produce,9,59.00,0.10,477.90,0,0.00,0
TX000780,2026-04-28,ST005_Ladprao,Hypermarket,PRD_BAK_001,Croissant Butter,Bakery,5,45.00,0.00,225.00,1,27.00,0
TX000781,2026-02-10,ST001_Siam,Hypermarket,PRD_PRD_002,Japanese Salad Mix,Produce,9,59.00,0.20,424.80,0,0.00,0
TX000782,2026-03-02,ST005_Ladprao,Hypermarket,PRD_PRD_001,Organic Avocado,Produce,4,69.00,0.00,276.00,0,0.00,0
TX000783,2026-01-08,ST005_Ladprao,Hypermarket,PRD_PRD_001,Organic Avocado,Produce,4,69.00,0.00,276.00,2,82.80,0
TX000784,2026-04-08,ST005_Ladprao,Hypermarket,PRD_BEV_002,Organic Green Tea,Beverages,5,40.00,0.00,200.00,0,0.00,0
TX000785,2026-04-20,ST003_Silom,Express,PRD_BEV_001,Cold Pressed Orange Juice,Beverages,3,65.00,0.05,185.25,0,0.00,0
TX000786,2026-06-25,ST002_Sukhumvit,Supermarket,PRD_BAK_003,Baguette Traditional,Bakery,5,40.00,0.05,190.00,0,0.00,0
TX000787,2026-02-04,ST004_Ari,Supermarket,PRD_BAK_003,Baguette Traditional,Bakery,10,40.00,0.20,320.00,0,0.00,0
TX000788,2026-01-31,ST002_Sukhumvit,Supermarket,PRD_PRD_002,Japanese Salad Mix,Produce,3,59.00,0.00,177.00,0,0.00,1
TX000789,2026-04-16,ST004_Ari,Supermarket,PRD_PRD_001,Organic Avocado,Produce,6,69.00,0.10,372.60,0,0.00,0
TX000790,2026-02-08,ST002_Sukhumvit,Supermarket,PRD_BAK_002,Whole Wheat Bread,Bakery,2,55.00,0.00,110.00,1,33.00,1
TX000791,2026-05-26,ST005_Ladprao,Hypermarket,PRD_BAK_004,Danish Apple,Bakery,7,50.00,0.15,297.50,0,0.00,0
TX000792,2026-04-02,ST001_Siam,Hypermarket,PRD_DAI_001,Fresh Milk Pasteurized 1L,Dairy,4,48.00,0.00,192.00,0,0.00,0
TX000793,2026-04-10,ST004_Ari,Supermarket,PRD_DAI_001,Fresh Milk Pasteurized 1L,Dairy,4,48.00,0.00,192.00,0,0.00,0
TX000794,2026-04-15,ST001_Siam,Hypermarket,PRD_PRD_001,Organic Avocado,Produce,8,69.00,0.10,496.80,0,0.00,0
TX000795,2026-02-15,ST004_Ari,Supermarket,PRD_BEV_001,Cold Pressed Orange Juice,Beverages,8,65.00,0.10,468.00,0,0.00,1
TX000796,2026-03-05,ST004_Ari,Supermarket,PRD_PRD_003,Sweet Cherry Tomato,Produce,2,49.00,0.00,98.00,0,0.00,0
TX000797,2026-05-27,ST005_Ladprao,Hypermarket,PRD_DAI_002,Greek Yogurt Plain,Dairy,5,35.00,0.00,175.00,0,0.00,0
TX000798,2026-01-11,ST002_Sukhumvit,Supermarket,PRD_DAI_002,Greek Yogurt Plain,Dairy,6,35.00,0.10,189.00,0,0.00,1
TX000799,2026-01-13,ST002_Sukhumvit,Supermarket,PRD_PRD_001,Organic Avocado,Produce,6,69.00,0.10,372.60,0,0.00,0
TX000800,2026-03-15,ST004_Ari,Supermarket,PRD_BAK_003,Baguette Traditional,Bakery,5,40.00,0.10,180.00,0,0.00,1
TX000801,2026-04-29,ST004_Ari,Supermarket,PRD_BAK_002,Whole Wheat Bread,Bakery,10,55.00,0.20,440.00,0,0.00,0
TX000802,2026-05-30,ST005_Ladprao,Hypermarket,PRD_BAK_003,Baguette Traditional,Bakery,7,40.00,0.10,252.00,0,0.00,1
TX000803,2026-02-21,ST004_Ari,Supermarket,PRD_BAK_002,Whole Wheat Bread,Bakery,6,55.00,0.05,313.50,0,0.00,1
TX000804,2026-02-11,ST001_Siam,Hypermarket,PRD_BAK_002,Whole Wheat Bread,Bakery,6,55.00,0.00,330.00,1,33.00,0
TX000805,2026-05-11,ST005_Ladprao,Hypermarket,PRD_BAK_003,Baguette Traditional,Bakery,8,40.00,0.10,288.00,0,0.00,0
TX000806,2026-06-18,ST002_Sukhumvit,Supermarket,PRD_BAK_003,Baguette Traditional,Bakery,4,40.00,0.00,160.00,1,24.00,0
TX000807,2026-04-25,ST003_Silom,Express,PRD_BEV_002,Organic Green Tea,Beverages,2,40.00,0.00,80.00,2,48.00,1
TX000808,2026-03-06,ST001_Siam,Hypermarket,PRD_DAI_001,Fresh Milk Pasteurized 1L,Dairy,9,48.00,0.10,388.80,0,0.00,0
TX000809,2026-01-02,ST005_Ladprao,Hypermarket,PRD_DAI_001,Fresh Milk Pasteurized 1L,Dairy,7,48.00,0.00,336.00,0,0.00,0
TX000810,2026-06-03,ST005_Ladprao,Hypermarket,PRD_BAK_001,Croissant Butter,Bakery,9,45.00,0.00,405.00,0,0.00,0
TX000811,2026-06-10,ST005_Ladprao,Hypermarket,PRD_BAK_004,Danish Apple,Bakery,7,50.00,0.00,350.00,0,0.00,0
TX000812,2026-01-09,ST005_Ladprao,Hypermarket,PRD_BEV_001,Cold Pressed Orange Juice,Beverages,8,65.00,0.05,494.00,0,0.00,0
TX000813,2026-01-28,ST004_Ari,Supermarket,PRD_BAK_003,Baguette Traditional,Bakery,3,40.00,0.00,120.00,0,0.00,0
TX000814,2026-05-24,ST002_Sukhumvit,Supermarket,PRD_DAI_001,Fresh Milk Pasteurized 1L,Dairy,3,48.00,0.05,136.80,0,0.00,1
TX000815,2026-03-18,ST003_Silom,Express,PRD_PRD_002,Japanese Salad Mix,Produce,6,59.00,0.10,318.60,0,0.00,0
TX000816,2026-05-01,ST002_Sukhumvit,Supermarket,PRD_BAK_002,Whole Wheat Bread,Bakery,4,55.00,0.20,176.00,0,0.00,0
TX000817,2026-04-16,ST005_Ladprao,Hypermarket,PRD_BAK_004,Danish Apple,Bakery,10,50.00,0.20,400.00,0,0.00,0
TX000818,2026-05-16,ST001_Siam,Hypermarket,PRD_DAI_001,Fresh Milk Pasteurized 1L,Dairy,8,48.00,0.05,364.80,0,0.00,1
TX000819,2026-03-08,ST005_Ladprao,Hypermarket,PRD_BEV_001,Cold Pressed Orange Juice,Beverages,9,65.00,0.05,555.75,0,0.00,1
TX000820,2026-05-08,ST004_Ari,Supermarket,PRD_BAK_003,Baguette Traditional,Bakery,5,40.00,0.15,170.00,0,0.00,0
TX000821,2026-02-19,ST001_Siam,Hypermarket,PRD_BAK_002,Whole Wheat Bread,Bakery,4,55.00,0.00,220.00,0,0.00,0
TX000822,2026-06-07,ST004_Ari,Supermarket,PRD_PRD_003,Sweet Cherry Tomato,Produce,5,49.00,0.00,245.00,0,0.00,1
TX000823,2026-06-13,ST002_Sukhumvit,Supermarket,PRD_BAK_001,Croissant Butter,Bakery,7,45.00,0.20,252.00,0,0.00,1
TX000824,2026-05-10,ST005_Ladprao,Hypermarket,PRD_PRD_002,Japanese Salad Mix,Produce,8,59.00,0.00,472.00,1,35.40,1
TX000825,2026-01-08,ST002_Sukhumvit,Supermarket,PRD_BAK_004,Danish Apple,Bakery,6,50.00,0.05,285.00,0,0.00,0
TX000826,2026-05-03,ST004_Ari,Supermarket,PRD_BAK_001,Croissant Butter,Bakery,7,45.00,0.20,252.00,0,0.00,1
TX000827,2026-03-27,ST004_Ari,Supermarket,PRD_PRD_003,Sweet Cherry Tomato,Produce,7,49.00,0.20,274.40,0,0.00,0
TX000828,2026-05-25,ST003_Silom,Express,PRD_DAI_002,Greek Yogurt Plain,Dairy,4,35.00,0.00,140.00,0,0.00,0
TX000829,2026-04-01,ST001_Siam,Hypermarket,PRD_BAK_003,Baguette Traditional,Bakery,10,40.00,0.05,380.00,0,0.00,0
TX000830,2026-04-07,ST005_Ladprao,Hypermarket,PRD_BAK_003,Baguette Traditional,Bakery,8,40.00,0.15,272.00,0,0.00,0
TX000831,2026-03-20,ST003_Silom,Express,PRD_BAK_001,Croissant Butter,Bakery,3,45.00,0.05,128.25,0,0.00,0
TX000832,2026-03-02,ST003_Silom,Express,PRD_DAI_001,Fresh Milk Pasteurized 1L,Dairy,4,48.00,0.05,182.40,0,0.00,0
TX000833,2026-02-21,ST001_Siam,Hypermarket,PRD_DAI_001,Fresh Milk Pasteurized 1L,Dairy,8,48.00,0.00,384.00,0,0.00,1
TX000834,2026-02-09,ST002_Sukhumvit,Supermarket,PRD_PRD_002,Japanese Salad Mix,Produce,5,59.00,0.10,265.50,0,0.00,0
TX000835,2026-01-26,ST005_Ladprao,Hypermarket,PRD_BEV_002,Organic Green Tea,Beverages,5,40.00,0.00,200.00,0,0.00,0
TX000836,2026-04-10,ST005_Ladprao,Hypermarket,PRD_BAK_002,Whole Wheat Bread,Bakery,6,55.00,0.00,330.00,0,0.00,0
TX000837,2026-03-27,ST004_Ari,Supermarket,PRD_BAK_001,Croissant Butter,Bakery,5,45.00,0.00,225.00,0,0.00,0
TX000838,2026-03-21,ST001_Siam,Hypermarket,PRD_BEV_001,Cold Pressed Orange Juice,Beverages,7,65.00,0.05,432.25,0,0.00,1
TX000839,2026-05-17,ST003_Silom,Express,PRD_DAI_001,Fresh Milk Pasteurized 1L,Dairy,3,48.00,0.00,144.00,2,57.60,1
TX000840,2026-05-24,ST005_Ladprao,Hypermarket,PRD_BAK_002,Whole Wheat Bread,Bakery,7,55.00,0.00,385.00,0,0.00,1
TX000841,2026-03-11,ST002_Sukhumvit,Supermarket,PRD_PRD_001,Organic Avocado,Produce,6,69.00,0.15,351.90,0,0.00,0
TX000842,2026-04-24,ST001_Siam,Hypermarket,PRD_BAK_003,Baguette Traditional,Bakery,7,40.00,0.00,280.00,0,0.00,0
TX000843,2026-01-28,ST004_Ari,Supermarket,PRD_BAK_001,Croissant Butter,Bakery,4,45.00,0.00,180.00,0,0.00,0
TX000844,2026-06-26,ST004_Ari,Supermarket,PRD_BEV_001,Cold Pressed Orange Juice,Beverages,5,65.00,0.05,308.75,0,0.00,0
TX000845,2026-06-21,ST005_Ladprao,Hypermarket,PRD_BAK_002,Whole Wheat Bread,Bakery,7,55.00,0.10,346.50,0,0.00,1
TX000846,2026-01-25,ST004_Ari,Supermarket,PRD_PRD_001,Organic Avocado,Produce,6,69.00,0.20,331.20,0,0.00,1
TX000847,2026-05-01,ST002_Sukhumvit,Supermarket,PRD_BAK_004,Danish Apple,Bakery,6,50.00,0.00,300.00,0,0.00,0
TX000848,2026-06-29,ST003_Silom,Express,PRD_PRD_002,Japanese Salad Mix,Produce,3,59.00,0.10,159.30,0,0.00,0
TX000849,2026-01-29,ST003_Silom,Express,PRD_DAI_001,Fresh Milk Pasteurized 1L,Dairy,5,48.00,0.10,216.00,0,0.00,0
TX000850,2026-05-11,ST001_Siam,Hypermarket,PRD_PRD_003,Sweet Cherry Tomato,Produce,9,49.00,0.20,352.80,0,0.00,0
TX000851,2026-06-16,ST001_Siam,Hypermarket,PRD_PRD_001,Organic Avocado,Produce,7,69.00,0.15,410.55,0,0.00,0
TX000852,2026-02-10,ST004_Ari,Supermarket,PRD_PRD_003,Sweet Cherry Tomato,Produce,5,49.00,0.00,245.00,0,0.00,0
TX000853,2026-06-01,ST004_Ari,Supermarket,PRD_PRD_003,Sweet Cherry Tomato,Produce,7,49.00,0.15,291.55,0,0.00,0
TX000854,2026-01-20,ST005_Ladprao,Hypermarket,PRD_DAI_001,Fresh Milk Pasteurized 1L,Dairy,5,48.00,0.00,240.00,0,0.00,0
TX000855,2026-05-23,ST001_Siam,Hypermarket,PRD_DAI_001,Fresh Milk Pasteurized 1L,Dairy,6,48.00,0.00,288.00,0,0.00,1
TX000856,2026-06-02,ST004_Ari,Supermarket,PRD_PRD_002,Japanese Salad Mix,Produce,7,59.00,0.10,371.70,0,0.00,0
TX000857,2026-02-25,ST002_Sukhumvit,Supermarket,PRD_BEV_001,Cold Pressed Orange Juice,Beverages,5,65.00,0.00,325.00,0,0.00,0
TX000858,2026-06-07,ST005_Ladprao,Hypermarket,PRD_DAI_001,Fresh Milk Pasteurized 1L,Dairy,4,48.00,0.00,192.00,0,0.00,1
TX000859,2026-03-18,ST005_Ladprao,Hypermarket,PRD_BEV_002,Organic Green Tea,Beverages,11,40.00,0.05,418.00,0,0.00,0
TX000860,2026-01-23,ST005_Ladprao,Hypermarket,PRD_BAK_001,Croissant Butter,Bakery,7,45.00,0.15,267.75,0,0.00,0
TX000861,2026-02-02,ST003_Silom,Express,PRD_BAK_001,Croissant Butter,Bakery,7,45.00,0.05,299.25,1,27.00,0
TX000862,2026-04-02,ST001_Siam,Hypermarket,PRD_PRD_001,Organic Avocado,Produce,7,69.00,0.00,483.00,0,0.00,0
TX000863,2026-04-08,ST004_Ari,Supermarket,PRD_PRD_003,Sweet Cherry Tomato,Produce,8,49.00,0.10,352.80,0,0.00,0
TX000864,2026-05-02,ST002_Sukhumvit,Supermarket,PRD_BAK_004,Danish Apple,Bakery,3,50.00,0.15,127.50,0,0.00,1
TX000865,2026-06-21,ST002_Sukhumvit,Supermarket,PRD_BAK_003,Baguette Traditional,Bakery,7,40.00,0.00,280.00,2,48.00,1
TX000866,2026-04-22,ST002_Sukhumvit,Supermarket,PRD_BAK_002,Whole Wheat Bread,Bakery,5,55.00,0.00,275.00,0,0.00,0
TX000867,2026-04-27,ST005_Ladprao,Hypermarket,PRD_PRD_003,Sweet Cherry Tomato,Produce,10,49.00,0.15,416.50,0,0.00,0
TX000868,2026-04-01,ST002_Sukhumvit,Supermarket,PRD_BAK_003,Baguette Traditional,Bakery,7,40.00,0.10,252.00,0,0.00,0
TX000869,2026-03-02,ST005_Ladprao,Hypermarket,PRD_PRD_001,Organic Avocado,Produce,10,69.00,0.10,621.00,1,41.40,0
TX000870,2026-05-04,ST003_Silom,Express,PRD_BAK_002,Whole Wheat Bread,Bakery,2,55.00,0.15,93.50,2,66.00,0
TX000871,2026-03-13,ST004_Ari,Supermarket,PRD_DAI_002,Greek Yogurt Plain,Dairy,2,35.00,0.00,70.00,0,0.00,0
TX000872,2026-06-19,ST001_Siam,Hypermarket,PRD_BEV_002,Organic Green Tea,Beverages,7,40.00,0.05,266.00,0,0.00,0
TX000873,2026-05-17,ST001_Siam,Hypermarket,PRD_DAI_001,Fresh Milk Pasteurized 1L,Dairy,6,48.00,0.10,259.20,0,0.00,1
TX000874,2026-03-17,ST003_Silom,Express,PRD_BAK_003,Baguette Traditional,Bakery,3,40.00,0.00,120.00,0,0.00,0
TX000875,2026-03-19,ST005_Ladprao,Hypermarket,PRD_PRD_001,Organic Avocado,Produce,5,69.00,0.00,345.00,0,0.00,0
TX000876,2026-03-16,ST005_Ladprao,Hypermarket,PRD_BAK_001,Croissant Butter,Bakery,6,45.00,0.05,256.50,0,0.00,0
TX000877,2026-01-20,ST003_Silom,Express,PRD_PRD_001,Organic Avocado,Produce,3,69.00,0.00,207.00,1,41.40,0
TX000878,2026-06-04,ST002_Sukhumvit,Supermarket,PRD_BEV_001,Cold Pressed Orange Juice,Beverages,4,65.00,0.00,260.00,0,0.00,0
TX000879,2026-03-02,ST004_Ari,Supermarket,PRD_BAK_003,Baguette Traditional,Bakery,5,40.00,0.15,170.00,0,0.00,0
TX000880,2026-01-22,ST002_Sukhumvit,Supermarket,PRD_BEV_001,Cold Pressed Orange Juice,Beverages,6,65.00,0.00,390.00,0,0.00,0
TX000881,2026-06-19,ST004_Ari,Supermarket,PRD_BEV_002,Organic Green Tea,Beverages,2,40.00,0.00,80.00,0,0.00,0
TX000882,2026-03-30,ST001_Siam,Hypermarket,PRD_BEV_002,Organic Green Tea,Beverages,7,40.00,0.05,266.00,0,0.00,0
TX000883,2026-03-19,ST004_Ari,Supermarket,PRD_DAI_002,Greek Yogurt Plain,Dairy,4,35.00,0.00,140.00,0,0.00,0
TX000884,2026-05-02,ST003_Silom,Express,PRD_BAK_003,Baguette Traditional,Bakery,5,40.00,0.15,170.00,0,0.00,1
TX000885,2026-06-23,ST003_Silom,Express,PRD_DAI_002,Greek Yogurt Plain,Dairy,3,35.00,0.00,105.00,1,21.00,0
TX000886,2026-06-06,ST003_Silom,Express,PRD_PRD_002,Japanese Salad Mix,Produce,4,59.00,0.05,224.20,3,106.20,1
TX000887,2026-06-22,ST002_Sukhumvit,Supermarket,PRD_BEV_002,Organic Green Tea,Beverages,6,40.00,0.00,240.00,0,0.00,0
TX000888,2026-02-16,ST003_Silom,Express,PRD_DAI_002,Greek Yogurt Plain,Dairy,2,35.00,0.00,70.00,1,21.00,0
TX000889,2026-01-27,ST004_Ari,Supermarket,PRD_PRD_002,Japanese Salad Mix,Produce,4,59.00,0.00,236.00,1,35.40,0
TX000890,2026-01-15,ST005_Ladprao,Hypermarket,PRD_BEV_002,Organic Green Tea,Beverages,9,40.00,0.00,360.00,0,0.00,0
TX000891,2026-06-04,ST002_Sukhumvit,Supermarket,PRD_PRD_003,Sweet Cherry Tomato,Produce,6,49.00,0.20,235.20,0,0.00,0
TX000892,2026-02-17,ST001_Siam,Hypermarket,PRD_BAK_003,Baguette Traditional,Bakery,7,40.00,0.05,266.00,2,48.00,0
TX000893,2026-03-12,ST004_Ari,Supermarket,PRD_BEV_002,Organic Green Tea,Beverages,5,40.00,0.05,190.00,0,0.00,0
TX000894,2026-04-10,ST003_Silom,Express,PRD_BAK_001,Croissant Butter,Bakery,7,45.00,0.05,299.25,0,0.00,0
TX000895,2026-04-23,ST001_Siam,Hypermarket,PRD_DAI_001,Fresh Milk Pasteurized 1L,Dairy,6,48.00,0.00,288.00,0,0.00,0
TX000896,2026-04-21,ST002_Sukhumvit,Supermarket,PRD_BEV_001,Cold Pressed Orange Juice,Beverages,4,65.00,0.00,260.00,0,0.00,0
TX000897,2026-01-27,ST001_Siam,Hypermarket,PRD_BAK_002,Whole Wheat Bread,Bakery,5,55.00,0.00,275.00,0,0.00,0
TX000898,2026-02-08,ST001_Siam,Hypermarket,PRD_BAK_001,Croissant Butter,Bakery,9,45.00,0.20,324.00,0,0.00,1
TX000899,2026-03-26,ST004_Ari,Supermarket,PRD_BEV_001,Cold Pressed Orange Juice,Beverages,1,65.00,0.00,65.00,0,0.00,0
TX000900,2026-01-18,ST005_Ladprao,Hypermarket,PRD_BAK_004,Danish Apple,Bakery,6,50.00,0.00,300.00,0,0.00,1
TX000901,2026-05-04,ST001_Siam,Hypermarket,PRD_BEV_001,Cold Pressed Orange Juice,Beverages,7,65.00,0.05,432.25,0,0.00,0
TX000902,2026-06-15,ST001_Siam,Hypermarket,PRD_PRD_002,Japanese Salad Mix,Produce,10,59.00,0.15,501.50,0,0.00,0
TX000903,2026-04-28,ST003_Silom,Express,PRD_BEV_002,Organic Green Tea,Beverages,4,40.00,0.00,160.00,0,0.00,0
TX000904,2026-06-28,ST004_Ari,Supermarket,PRD_BAK_002,Whole Wheat Bread,Bakery,7,55.00,0.20,308.00,0,0.00,1
TX000905,2026-06-11,ST004_Ari,Supermarket,PRD_BAK_004,Danish Apple,Bakery,5,50.00,0.00,250.00,0,0.00,0
TX000906,2026-04-10,ST001_Siam,Hypermarket,PRD_DAI_002,Greek Yogurt Plain,Dairy,7,35.00,0.05,232.75,0,0.00,0
TX000907,2026-04-26,ST001_Siam,Hypermarket,PRD_BAK_001,Croissant Butter,Bakery,10,45.00,0.05,427.50,1,27.00,1
TX000908,2026-06-17,ST005_Ladprao,Hypermarket,PRD_DAI_001,Fresh Milk Pasteurized 1L,Dairy,6,48.00,0.00,288.00,1,28.80,0
TX000909,2026-05-06,ST001_Siam,Hypermarket,PRD_DAI_001,Fresh Milk Pasteurized 1L,Dairy,7,48.00,0.00,336.00,2,57.60,0
TX000910,2026-03-20,ST001_Siam,Hypermarket,PRD_DAI_001,Fresh Milk Pasteurized 1L,Dairy,7,48.00,0.00,336.00,0,0.00,0
TX000911,2026-06-02,ST005_Ladprao,Hypermarket,PRD_BAK_004,Danish Apple,Bakery,6,50.00,0.00,300.00,0,0.00,0
TX000912,2026-06-23,ST004_Ari,Supermarket,PRD_PRD_002,Japanese Salad Mix,Produce,7,59.00,0.00,413.00,1,35.40,0
TX000913,2026-02-24,ST001_Siam,Hypermarket,PRD_BEV_001,Cold Pressed Orange Juice,Beverages,6,65.00,0.00,390.00,0,0.00,0
TX000914,2026-06-28,ST003_Silom,Express,PRD_DAI_002,Greek Yogurt Plain,Dairy,4,35.00,0.00,140.00,0,0.00,1
TX000915,2026-01-11,ST002_Sukhumvit,Supermarket,PRD_BAK_002,Whole Wheat Bread,Bakery,5,55.00,0.20,220.00,1,33.00,1
TX000916,2026-01-02,ST001_Siam,Hypermarket,PRD_BAK_003,Baguette Traditional,Bakery,6,40.00,0.00,240.00,0,0.00,0
TX000917,2026-05-02,ST002_Sukhumvit,Supermarket,PRD_BAK_004,Danish Apple,Bakery,2,50.00,0.00,100.00,0,0.00,1
TX000918,2026-04-16,ST002_Sukhumvit,Supermarket,PRD_BAK_003,Baguette Traditional,Bakery,5,40.00,0.15,170.00,0,0.00,0
TX000919,2026-01-23,ST003_Silom,Express,PRD_PRD_002,Japanese Salad Mix,Produce,2,59.00,0.10,106.20,2,70.80,0
TX000920,2026-01-25,ST005_Ladprao,Hypermarket,PRD_PRD_002,Japanese Salad Mix,Produce,10,59.00,0.15,501.50,0,0.00,1
TX000921,2026-06-10,ST002_Sukhumvit,Supermarket,PRD_PRD_001,Organic Avocado,Produce,5,69.00,0.00,345.00,0,0.00,0
TX000922,2026-05-02,ST004_Ari,Supermarket,PRD_BAK_003,Baguette Traditional,Bakery,7,40.00,0.00,280.00,0,0.00,1
TX000923,2026-06-15,ST003_Silom,Express,PRD_PRD_001,Organic Avocado,Produce,2,69.00,0.00,138.00,0,0.00,0
TX000924,2026-01-12,ST001_Siam,Hypermarket,PRD_BAK_001,Croissant Butter,Bakery,9,45.00,0.15,344.25,0,0.00,0
TX000925,2026-05-05,ST005_Ladprao,Hypermarket,PRD_BAK_002,Whole Wheat Bread,Bakery,9,55.00,0.00,495.00,0,0.00,0
TX000926,2026-02-20,ST003_Silom,Express,PRD_BAK_004,Danish Apple,Bakery,2,50.00,0.00,100.00,3,90.00,0
TX000927,2026-04-07,ST002_Sukhumvit,Supermarket,PRD_BAK_002,Whole Wheat Bread,Bakery,7,55.00,0.10,346.50,0,0.00,0
TX000928,2026-04-22,ST002_Sukhumvit,Supermarket,PRD_BAK_004,Danish Apple,Bakery,5,50.00,0.15,212.50,0,0.00,0
TX000929,2026-06-11,ST003_Silom,Express,PRD_PRD_001,Organic Avocado,Produce,4,69.00,0.00,276.00,3,124.20,0
TX000930,2026-01-29,ST004_Ari,Supermarket,PRD_DAI_001,Fresh Milk Pasteurized 1L,Dairy,6,48.00,0.10,259.20,0,0.00,0
TX000931,2026-03-17,ST005_Ladprao,Hypermarket,PRD_BAK_003,Baguette Traditional,Bakery,13,40.00,0.20,416.00,0,0.00,0
TX000932,2026-02-28,ST001_Siam,Hypermarket,PRD_PRD_003,Sweet Cherry Tomato,Produce,8,49.00,0.15,333.20,0,0.00,1
TX000933,2026-06-01,ST004_Ari,Supermarket,PRD_DAI_001,Fresh Milk Pasteurized 1L,Dairy,7,48.00,0.05,319.20,0,0.00,0
TX000934,2026-04-22,ST005_Ladprao,Hypermarket,PRD_BAK_004,Danish Apple,Bakery,9,50.00,0.15,382.50,0,0.00,0
TX000935,2026-01-02,ST004_Ari,Supermarket,PRD_BAK_001,Croissant Butter,Bakery,7,45.00,0.00,315.00,0,0.00,0
TX000936,2026-04-11,ST004_Ari,Supermarket,PRD_BAK_002,Whole Wheat Bread,Bakery,5,55.00,0.10,247.50,0,0.00,1
TX000937,2026-01-04,ST004_Ari,Supermarket,PRD_BAK_004,Danish Apple,Bakery,4,50.00,,200.00,0,0.00,1
TX000938,2026-06-21,ST003_Silom,Express,PRD_BAK_003,Baguette Traditional,Bakery,6,40.00,0.20,192.00,0,0.00,1
TX000939,2026-05-30,ST001_Siam,Hypermarket,PRD_DAI_001,Fresh Milk Pasteurized 1L,Dairy,8,48.00,0.10,345.60,0,0.00,1
TX000940,2026-04-05,ST004_Ari,Supermarket,PRD_BEV_002,Organic Green Tea,Beverages,1,40.00,0.00,40.00,0,0.00,1
TX000941,2026-06-26,ST003_Silom,Express,PRD_DAI_002,Greek Yogurt Plain,Dairy,3,35.00,0.00,105.00,0,0.00,0
TX000942,2026-05-28,ST002_Sukhumvit,Supermarket,PRD_BEV_002,Organic Green Tea,Beverages,7,40.00,0.00,280.00,0,0.00,0
TX000943,2026-01-15,ST005_Ladprao,Hypermarket,PRD_BEV_002,Organic Green Tea,Beverages,8,40.00,0.05,304.00,0,0.00,0
TX000944,2026-04-04,ST003_Silom,Express,PRD_BAK_003,Baguette Traditional,Bakery,5,40.00,0.20,160.00,0,0.00,1
TX000945,2026-02-22,ST002_Sukhumvit,Supermarket,PRD_PRD_002,Japanese Salad Mix,Produce,2,59.00,0.00,118.00,0,0.00,1
TX000946,2026-06-29,ST002_Sukhumvit,Supermarket,PRD_BAK_004,Danish Apple,Bakery,4,50.00,0.05,190.00,0,0.00,0
TX000947,2026-06-24,ST004_Ari,Supermarket,PRD_PRD_001,Organic Avocado,Produce,6,69.00,0.00,414.00,0,0.00,0
TX000948,2026-02-01,ST004_Ari,Supermarket,PRD_DAI_002,Greek Yogurt Plain,Dairy,6,35.00,0.05,199.50,0,0.00,1
TX000949,2026-06-22,ST001_Siam,Hypermarket,PRD_BAK_004,Danish Apple,Bakery,9,50.00,0.10,405.00,0,0.00,0
TX000950,2026-01-20,ST001_Siam,Hypermarket,PRD_BAK_003,Baguette Traditional,Bakery,8,40.00,0.05,304.00,0,0.00,0
TX000951,2026-02-08,ST002_Sukhumvit,Supermarket,PRD_DAI_002,Greek Yogurt Plain,Dairy,3,35.00,0.00,105.00,0,0.00,1
TX000952,2026-03-30,ST004_Ari,Supermarket,PRD_DAI_001,Fresh Milk Pasteurized 1L,Dairy,9,48.00,0.00,432.00,0,0.00,0
TX000953,2026-03-01,ST005_Ladprao,Hypermarket,PRD_BEV_002,Organic Green Tea,Beverages,6,40.00,0.05,228.00,0,0.00,1
TX000954,2026-06-01,ST005_Ladprao,Hypermarket,PRD_DAI_002,Greek Yogurt Plain,Dairy,9,35.00,0.10,283.50,0,0.00,0
TX000955,2026-03-20,ST002_Sukhumvit,Supermarket,PRD_PRD_001,Organic Avocado,Produce,1,69.00,0.00,69.00,0,0.00,0
TX000956,2026-04-01,ST003_Silom,Express,PRD_DAI_001,Fresh Milk Pasteurized 1L,Dairy,4,48.00,0.00,192.00,0,0.00,0
TX000957,2026-05-18,ST003_Silom,Express,PRD_BAK_003,Baguette Traditional,Bakery,5,40.00,0.00,200.00,0,0.00,0
TX000958,2026-03-02,ST001_Siam,Hypermarket,PRD_BAK_001,Croissant Butter,Bakery,5,45.00,0.05,213.75,0,0.00,0
TX000959,2026-04-05,ST002_Sukhumvit,Supermarket,PRD_BAK_004,Danish Apple,Bakery,6,50.00,0.15,255.00,0,0.00,1
TX000960,2026-04-25,ST005_Ladprao,Hypermarket,PRD_BAK_003,Baguette Traditional,Bakery,7,40.00,0.15,238.00,0,0.00,1
TX000961,2026-04-14,ST004_Ari,Supermarket,PRD_BAK_003,Baguette Traditional,Bakery,6,40.00,0.10,216.00,0,0.00,0
TX000962,2026-05-10,ST003_Silom,Express,PRD_BEV_002,Organic Green Tea,Beverages,4,40.00,0.05,152.00,0,0.00,1
TX000963,2026-05-27,ST002_Sukhumvit,Supermarket,PRD_BEV_001,Cold Pressed Orange Juice,Beverages,5,65.00,0.10,292.50,0,0.00,0
TX000964,2026-06-23,ST005_Ladprao,Hypermarket,PRD_BAK_002,Whole Wheat Bread,Bakery,8,55.00,0.05,418.00,1,33.00,0
TX000965,2026-03-25,ST001_Siam,Hypermarket,PRD_BEV_001,Cold Pressed Orange Juice,Beverages,6,65.00,0.00,390.00,0,0.00,0
TX000966,2026-03-13,ST002_Sukhumvit,Supermarket,PRD_BAK_001,Croissant Butter,Bakery,3,45.00,0.00,135.00,0,0.00,0
TX000967,2026-05-12,ST004_Ari,Supermarket,PRD_BAK_004,Danish Apple,Bakery,5,50.00,0.10,225.00,0,0.00,0
TX000968,2026-01-15,ST003_Silom,Express,PRD_PRD_003,Sweet Cherry Tomato,Produce,3,49.00,,147.00,0,0.00,0
TX000969,2026-03-30,ST003_Silom,Express,PRD_PRD_001,Organic Avocado,Produce,3,69.00,0.10,186.30,0,0.00,0
TX000970,2026-04-24,ST004_Ari,Supermarket,PRD_DAI_001,Fresh Milk Pasteurized 1L,Dairy,6,48.00,0.05,273.60,0,0.00,0
TX000971,2026-04-17,ST002_Sukhumvit,Supermarket,PRD_BEV_001,Cold Pressed Orange Juice,Beverages,7,65.00,0.00,455.00,0,0.00,0
TX000972,2026-05-15,ST003_Silom,Express,PRD_BAK_002,Whole Wheat Bread,Bakery,5,55.00,0.15,233.75,0,0.00,0
TX000973,2026-04-17,ST002_Sukhumvit,Supermarket,PRD_DAI_002,Greek Yogurt Plain,Dairy,5,35.00,0.10,157.50,0,0.00,0
TX000974,2026-02-05,ST002_Sukhumvit,Supermarket,PRD_BAK_003,Baguette Traditional,Bakery,5,40.00,0.10,180.00,0,0.00,0
TX000975,2026-05-30,ST003_Silom,Express,PRD_DAI_001,Fresh Milk Pasteurized 1L,Dairy,6,48.00,0.10,259.20,0,0.00,1
TX000976,2026-02-09,ST003_Silom,Express,PRD_PRD_001,Organic Avocado,Produce,6,69.00,0.20,331.20,0,0.00,0
TX000977,2026-04-17,ST002_Sukhumvit,Supermarket,PRD_DAI_001,Fresh Milk Pasteurized 1L,Dairy,3,48.00,0.00,144.00,1,28.80,0
TX000978,2026-06-03,ST003_Silom,Express,PRD_BEV_001,Cold Pressed Orange Juice,Beverages,3,65.00,0.10,175.50,0,0.00,0
TX000979,2026-06-10,ST004_Ari,Supermarket,PRD_BAK_002,Whole Wheat Bread,Bakery,3,55.00,0.05,156.75,0,0.00,0
TX000980,2026-01-15,ST002_Sukhumvit,Supermarket,PRD_PRD_002,Japanese Salad Mix,Produce,5,59.00,0.10,265.50,0,0.00,0
TX000981,2026-02-11,ST001_Siam,Hypermarket,PRD_PRD_001,Organic Avocado,Produce,4,69.00,0.05,262.20,0,0.00,0
TX000982,2026-05-16,ST001_Siam,Hypermarket,PRD_DAI_002,Greek Yogurt Plain,Dairy,8,35.00,0.00,280.00,0,0.00,1
TX000983,2026-01-25,ST005_Ladprao,Hypermarket,PRD_BAK_003,Baguette Traditional,Bakery,8,40.00,0.15,272.00,0,0.00,1
TX000984,2026-03-11,ST003_Silom,Express,PRD_BAK_002,Whole Wheat Bread,Bakery,6,55.00,0.15,280.50,0,0.00,0
TX000985,2026-01-04,ST002_Sukhumvit,Supermarket,PRD_DAI_002,Greek Yogurt Plain,Dairy,4,35.00,0.05,133.00,0,0.00,1
TX000986,2026-01-27,ST002_Sukhumvit,Supermarket,PRD_BAK_003,Baguette Traditional,Bakery,7,40.00,0.15,238.00,0,0.00,0
TX000987,2026-05-24,ST005_Ladprao,Hypermarket,PRD_DAI_002,Greek Yogurt Plain,Dairy,3,35.00,0.00,105.00,1,21.00,1
TX000988,2026-01-05,ST004_Ari,Supermarket,PRD_PRD_002,Japanese Salad Mix,Produce,5,59.00,0.05,280.25,0,0.00,0
TX000989,2026-05-14,ST003_Silom,Express,PRD_BAK_003,Baguette Traditional,Bakery,4,40.00,0.20,128.00,0,0.00,0
TX000990,2026-01-31,ST002_Sukhumvit,Supermarket,PRD_BAK_003,Baguette Traditional,Bakery,7,40.00,0.20,224.00,0,0.00,1
TX000991,2026-01-21,ST004_Ari,Supermarket,PRD_BAK_002,Whole Wheat Bread,Bakery,5,55.00,0.00,275.00,1,33.00,0
TX000992,2026-01-09,ST005_Ladprao,Hypermarket,PRD_BEV_001,Cold Pressed Orange Juice,Beverages,7,65.00,0.00,455.00,0,0.00,0
TX000993,2026-01-12,ST001_Siam,Hypermarket,PRD_PRD_001,Organic Avocado,Produce,10,69.00,0.20,552.00,0,0.00,0
TX000994,2026-05-31,ST002_Sukhumvit,Supermarket,PRD_BAK_003,Baguette Traditional,Bakery,7,40.00,0.20,224.00,0,0.00,1
TX000995,2026-03-13,ST005_Ladprao,Hypermarket,PRD_PRD_002,Japanese Salad Mix,Produce,8,59.00,0.05,448.40,0,0.00,0
TX000996,2026-05-26,ST001_Siam,Hypermarket,PRD_BAK_002,Whole Wheat Bread,Bakery,10,55.00,0.15,467.50,0,0.00,0
TX000997,2026-02-19,ST003_Silom,Express,PRD_BAK_003,Baguette Traditional,Bakery,7,40.00,0.15,238.00,0,0.00,0
TX000998,2026-05-02,ST003_Silom,Express,PRD_BEV_001,Cold Pressed Orange Juice,Beverages,4,65.00,0.00,260.00,0,0.00,1
TX000999,2026-02-16,ST003_Silom,Express,PRD_PRD_003,Sweet Cherry Tomato,Produce,5,49.00,0.10,220.50,2,58.80,0
TX001000,2026-02-01,ST004_Ari,Supermarket,PRD_BAK_002,Whole Wheat Bread,Bakery,8,55.00,0.15,374.00,0,0.00,1
TX001001,2026-01-11,ST001_Siam,Hypermarket,PRD_PRD_002,Japanese Salad Mix,Produce,10,59.00,0.10,531.00,0,0.00,1
TX001002,2026-06-03,ST003_Silom,Express,PRD_BEV_002,Organic Green Tea,Beverages,5,40.00,0.10,180.00,0,0.00,0
TX001003,2026-01-18,ST004_Ari,Supermarket,PRD_BEV_002,Organic Green Tea,Beverages,7,40.00,0.05,266.00,0,0.00,1
TX001004,2026-05-06,ST001_Siam,Hypermarket,PRD_PRD_003,Sweet Cherry Tomato,Produce,6,49.00,0.10,264.60,0,0.00,0
TX001005,2026-06-27,ST005_Ladprao,Hypermarket,PRD_BAK_002,Whole Wheat Bread,Bakery,9,55.00,0.20,396.00,0,0.00,1
TX001006,2026-01-17,ST003_Silom,Express,PRD_BAK_004,Danish Apple,Bakery,5,50.00,0.05,237.50,0,0.00,1
TX001007,2026-04-19,ST004_Ari,Supermarket,PRD_PRD_001,Organic Avocado,Produce,10,69.00,0.20,552.00,0,0.00,1
TX001008,2026-06-14,ST004_Ari,Supermarket,PRD_PRD_002,Japanese Salad Mix,Produce,4,59.00,0.10,212.40,0,0.00,1
TX001009,2026-02-07,ST004_Ari,Supermarket,PRD_BAK_002,Whole Wheat Bread,Bakery,1,55.00,0.00,55.00,1,33.00,1
TX001010,2026-01-26,ST001_Siam,Hypermarket,PRD_BAK_002,Whole Wheat Bread,Bakery,8,55.00,0.10,396.00,0,0.00,0
TX001011,2026-04-08,ST005_Ladprao,Hypermarket,PRD_BEV_002,Organic Green Tea,Beverages,9,40.00,0.05,342.00,0,0.00,0
TX001012,2026-05-14,ST004_Ari,Supermarket,PRD_DAI_001,Fresh Milk Pasteurized 1L,Dairy,6,48.00,0.00,288.00,0,0.00,0
TX001013,2026-05-10,ST003_Silom,Express,PRD_DAI_002,Greek Yogurt Plain,Dairy,5,35.00,0.05,166.25,1,21.00,1
TX001014,2026-04-21,ST001_Siam,Hypermarket,PRD_PRD_003,Sweet Cherry Tomato,Produce,7,49.00,,308.70,0,0.00,0
TX001015,2026-05-23,ST003_Silom,Express,PRD_BAK_003,Baguette Traditional,Bakery,6,40.00,0.10,216.00,0,0.00,1
TX001016,2026-04-10,ST004_Ari,Supermarket,PRD_BAK_002,Whole Wheat Bread,Bakery,5,55.00,0.15,233.75,0,0.00,0
TX001017,2026-05-02,ST005_Ladprao,Hypermarket,PRD_BAK_003,Baguette Traditional,Bakery,7,40.00,0.15,238.00,1,24.00,1
TX001018,2026-06-23,ST003_Silom,Express,PRD_PRD_001,Organic Avocado,Produce,6,69.00,0.05,393.30,1,41.40,0
TX001019,2026-05-30,ST001_Siam,Hypermarket,PRD_BEV_002,Organic Green Tea,Beverages,7,40.00,0.05,266.00,0,0.00,1
TX001020,2026-04-02,ST004_Ari,Supermarket,PRD_PRD_002,Japanese Salad Mix,Produce,4,59.00,0.00,236.00,0,0.00,0
TX001021,2026-06-26,ST001_Siam,Hypermarket,PRD_PRD_001,Organic Avocado,Produce,5,69.00,,345.00,0,0.00,0
TX001022,2026-03-25,ST001_Siam,Hypermarket,PRD_DAI_001,Fresh Milk Pasteurized 1L,Dairy,5,48.00,0.10,216.00,0,0.00,0
TX001023,2026-05-31,ST001_Siam,Hypermarket,PRD_PRD_002,Japanese Salad Mix,Produce,7,59.00,0.10,371.70,0,0.00,1
TX001024,2026-01-26,ST004_Ari,Supermarket,PRD_BAK_002,Whole Wheat Bread,Bakery,6,55.00,0.20,264.00,0,0.00,0
TX001025,2026-03-28,ST002_Sukhumvit,Supermarket,PRD_BEV_001,Cold Pressed Orange Juice,Beverages,4,65.00,0.05,247.00,0,0.00,1
TX001026,2026-05-08,ST001_Siam,Hypermarket,PRD_DAI_002,Greek Yogurt Plain,Dairy,6,35.00,0.00,210.00,0,0.00,0
TX001027,2026-02-27,ST005_Ladprao,Hypermarket,PRD_BAK_002,Whole Wheat Bread,Bakery,10,55.00,0.20,440.00,0,0.00,0
TX001028,2026-03-28,ST003_Silom,Express,PRD_BAK_002,Whole Wheat Bread,Bakery,5,55.00,0.15,233.75,1,33.00,1
TX001029,2026-06-16,ST003_Silom,Express,PRD_DAI_002,Greek Yogurt Plain,Dairy,2,35.00,0.05,66.50,0,0.00,0
TX001030,2026-06-09,ST005_Ladprao,Hypermarket,PRD_DAI_001,Fresh Milk Pasteurized 1L,Dairy,7,48.00,0.00,336.00,0,0.00,0
TX001031,2026-05-13,ST002_Sukhumvit,Supermarket,PRD_BEV_001,Cold Pressed Orange Juice,Beverages,7,65.00,0.10,409.50,0,0.00,0
TX001032,2026-06-13,ST005_Ladprao,Hypermarket,PRD_BEV_001,Cold Pressed Orange Juice,Beverages,12,65.00,0.10,702.00,0,0.00,1
TX001033,2026-01-16,ST005_Ladprao,Hypermarket,PRD_BAK_004,Danish Apple,Bakery,6,50.00,0.05,285.00,0,0.00,0
TX001034,2026-04-22,ST004_Ari,Supermarket,PRD_PRD_002,Japanese Salad Mix,Produce,5,59.00,0.00,295.00,0,0.00,0
TX001035,2026-03-10,ST003_Silom,Express,PRD_BEV_002,Organic Green Tea,Beverages,3,40.00,0.00,120.00,0,0.00,0
TX001036,2026-02-19,ST001_Siam,Hypermarket,PRD_BAK_004,Danish Apple,Bakery,9,50.00,0.05,427.50,0,0.00,0
TX001037,2026-04-22,ST004_Ari,Supermarket,PRD_BEV_002,Organic Green Tea,Beverages,5,40.00,0.00,200.00,1,24.00,0
TX001038,2026-03-13,ST005_Ladprao,Hypermarket,PRD_BAK_003,Baguette Traditional,Bakery,12,40.00,,384.00,0,0.00,0
TX001039,2026-01-22,ST003_Silom,Express,PRD_BEV_001,Cold Pressed Orange Juice,Beverages,1,65.00,0.05,61.75,0,0.00,0
TX001040,2026-04-15,ST003_Silom,Express,PRD_BEV_002,Organic Green Tea,Beverages,1,40.00,0.00,40.00,0,0.00,0
TX001041,2026-05-27,ST005_Ladprao,Hypermarket,PRD_BAK_002,Whole Wheat Bread,Bakery,11,55.00,0.15,514.25,0,0.00,0
TX001042,2026-05-15,ST003_Silom,Express,PRD_DAI_001,Fresh Milk Pasteurized 1L,Dairy,4,48.00,0.00,192.00,0,0.00,0
TX001043,2026-05-30,ST004_Ari,Supermarket,PRD_BAK_004,Danish Apple,Bakery,6,50.00,0.10,270.00,0,0.00,1
TX001044,2026-02-24,ST003_Silom,Express,PRD_DAI_001,Fresh Milk Pasteurized 1L,Dairy,4,48.00,0.10,172.80,0,0.00,0
TX001045,2026-01-29,ST003_Silom,Express,PRD_DAI_002,Greek Yogurt Plain,Dairy,7,35.00,0.10,220.50,0,0.00,0
TX001046,2026-03-13,ST002_Sukhumvit,Supermarket,PRD_PRD_002,Japanese Salad Mix,Produce,5,59.00,0.10,265.50,1,35.40,0
TX001047,2026-06-05,ST001_Siam,Hypermarket,PRD_BEV_002,Organic Green Tea,Beverages,5,40.00,0.00,200.00,0,0.00,0
TX001048,2026-03-21,ST003_Silom,Express,PRD_BEV_002,Organic Green Tea,Beverages,1,40.00,0.00,40.00,0,0.00,1
TX001049,2026-04-24,ST004_Ari,Supermarket,PRD_BAK_001,Croissant Butter,Bakery,9,45.00,0.10,364.50,0,0.00,0
TX001050,2026-03-02,ST003_Silom,Express,PRD_BAK_004,Danish Apple,Bakery,2,50.00,0.00,100.00,0,0.00,0
TX001051,2026-06-14,ST004_Ari,Supermarket,PRD_BAK_001,Croissant Butter,Bakery,7,45.00,0.05,299.25,0,0.00,1
TX001052,2026-04-16,ST003_Silom,Express,PRD_PRD_003,Sweet Cherry Tomato,Produce,1,49.00,0.00,49.00,0,0.00,0
TX001053,2026-05-10,ST001_Siam,Hypermarket,PRD_PRD_002,Japanese Salad Mix,Produce,6,59.00,0.10,318.60,0,0.00,1
TX001054,2026-01-08,ST001_Siam,Hypermarket,PRD_BEV_002,Organic Green Tea,Beverages,5,40.00,0.00,200.00,0,0.00,0
TX001055,2026-02-04,ST001_Siam,Hypermarket,PRD_PRD_003,Sweet Cherry Tomato,Produce,6,49.00,0.00,294.00,1,29.40,0
TX001056,2026-05-13,ST002_Sukhumvit,Supermarket,PRD_BEV_001,Cold Pressed Orange Juice,Beverages,6,65.00,0.10,351.00,0,0.00,0
TX001057,2026-03-08,ST002_Sukhumvit,Supermarket,PRD_BEV_002,Organic Green Tea,Beverages,4,40.00,0.05,152.00,0,0.00,1
TX001058,2026-04-17,ST003_Silom,Express,PRD_BAK_003,Baguette Traditional,Bakery,7,40.00,0.10,252.00,0,0.00,0
TX001059,2026-01-06,ST005_Ladprao,Hypermarket,PRD_BEV_002,Organic Green Tea,Beverages,4,40.00,0.00,160.00,0,0.00,0
TX001060,2026-02-20,ST003_Silom,Express,PRD_BAK_003,Baguette Traditional,Bakery,2,40.00,0.00,80.00,2,48.00,0
TX001061,2026-04-05,ST002_Sukhumvit,Supermarket,PRD_BEV_001,Cold Pressed Orange Juice,Beverages,6,65.00,0.00,390.00,0,0.00,1
TX001062,2026-06-22,ST004_Ari,Supermarket,PRD_BAK_002,Whole Wheat Bread,Bakery,5,55.00,0.00,275.00,0,0.00,0
TX001063,2026-03-10,ST003_Silom,Express,PRD_DAI_001,Fresh Milk Pasteurized 1L,Dairy,7,48.00,0.10,302.40,0,0.00,0
TX001064,2026-03-14,ST002_Sukhumvit,Supermarket,PRD_PRD_003,Sweet Cherry Tomato,Produce,7,49.00,0.00,343.00,0,0.00,1
TX001065,2026-03-16,ST003_Silom,Express,PRD_BAK_004,Danish Apple,Bakery,4,50.00,0.15,170.00,0,0.00,0
TX001066,2026-01-22,ST001_Siam,Hypermarket,PRD_DAI_001,Fresh Milk Pasteurized 1L,Dairy,7,48.00,0.00,336.00,0,0.00,0
TX001067,2026-04-12,ST002_Sukhumvit,Supermarket,PRD_PRD_003,Sweet Cherry Tomato,Produce,5,49.00,0.20,196.00,0,0.00,1
TX001068,2026-01-14,ST003_Silom,Express,PRD_BAK_004,Danish Apple,Bakery,5,50.00,0.10,225.00,0,0.00,0
TX001069,2026-06-21,ST005_Ladprao,Hypermarket,PRD_BAK_001,Croissant Butter,Bakery,6,45.00,0.00,270.00,0,0.00,1
TX001070,2026-04-05,ST002_Sukhumvit,Supermarket,PRD_DAI_002,Greek Yogurt Plain,Dairy,7,35.00,0.00,245.00,0,0.00,1
TX001071,2026-05-09,ST004_Ari,Supermarket,PRD_PRD_002,Japanese Salad Mix,Produce,7,59.00,0.10,371.70,0,0.00,1
TX001072,2026-01-30,ST003_Silom,Express,PRD_BAK_001,Croissant Butter,Bakery,5,45.00,0.00,225.00,0,0.00,0
TX001073,2026-03-13,ST003_Silom,Express,PRD_PRD_003,Sweet Cherry Tomato,Produce,5,49.00,0.05,232.75,0,0.00,0
TX001074,2026-05-13,ST003_Silom,Express,PRD_PRD_003,Sweet Cherry Tomato,Produce,3,49.00,0.00,147.00,3,88.20,0
TX001075,2026-06-18,ST004_Ari,Supermarket,PRD_BAK_001,Croissant Butter,Bakery,4,45.00,0.00,180.00,1,27.00,0
TX001076,2026-06-30,ST004_Ari,Supermarket,PRD_PRD_003,Sweet Cherry Tomato,Produce,5,49.00,0.00,245.00,0,0.00,0
TX001077,2026-01-11,ST004_Ari,Supermarket,PRD_PRD_002,Japanese Salad Mix,Produce,5,59.00,0.20,236.00,0,0.00,1
TX001078,2026-02-07,ST001_Siam,Hypermarket,PRD_PRD_002,Japanese Salad Mix,Produce,6,59.00,0.00,354.00,1,35.40,1
TX001079,2026-03-11,ST005_Ladprao,Hypermarket,PRD_BEV_002,Organic Green Tea,Beverages,9,40.00,0.00,360.00,0,0.00,0
TX001080,2026-05-15,ST005_Ladprao,Hypermarket,PRD_BAK_003,Baguette Traditional,Bakery,9,40.00,0.10,324.00,0,0.00,0
TX001081,2026-03-26,ST001_Siam,Hypermarket,PRD_PRD_001,Organic Avocado,Produce,9,69.00,0.20,496.80,0,0.00,0
TX001082,2026-04-06,ST005_Ladprao,Hypermarket,PRD_BAK_002,Whole Wheat Bread,Bakery,8,55.00,0.05,418.00,0,0.00,0
TX001083,2026-04-27,ST003_Silom,Express,PRD_BEV_001,Cold Pressed Orange Juice,Beverages,4,65.00,0.00,260.00,0,0.00,0
TX001084,2026-06-09,ST004_Ari,Supermarket,PRD_PRD_002,Japanese Salad Mix,Produce,10,59.00,0.20,472.00,0,0.00,0
TX001085,2026-01-13,ST003_Silom,Express,PRD_PRD_002,Japanese Salad Mix,Produce,3,59.00,0.00,177.00,0,0.00,0
TX001086,2026-06-04,ST004_Ari,Supermarket,PRD_BAK_002,Whole Wheat Bread,Bakery,6,55.00,0.10,297.00,0,0.00,0
TX001087,2026-01-06,ST002_Sukhumvit,Supermarket,PRD_BAK_003,Baguette Traditional,Bakery,7,40.00,0.10,252.00,0,0.00,0
TX001088,2026-06-17,ST002_Sukhumvit,Supermarket,PRD_BAK_002,Whole Wheat Bread,Bakery,3,55.00,0.05,156.75,0,0.00,0
TX001089,2026-06-25,ST005_Ladprao,Hypermarket,PRD_BAK_003,Baguette Traditional,Bakery,7,40.00,0.05,266.00,0,0.00,0
TX001090,2026-05-12,ST002_Sukhumvit,Supermarket,PRD_DAI_001,Fresh Milk Pasteurized 1L,Dairy,7,48.00,0.10,302.40,0,0.00,0
TX001091,2026-04-19,ST003_Silom,Express,PRD_BEV_001,Cold Pressed Orange Juice,Beverages,2,65.00,0.00,130.00,0,0.00,1
TX001092,2026-01-11,ST005_Ladprao,Hypermarket,PRD_PRD_002,Japanese Salad Mix,Produce,7,59.00,0.10,371.70,0,0.00,1
TX001093,2026-05-15,ST005_Ladprao,Hypermarket,PRD_BAK_002,Whole Wheat Bread,Bakery,5,55.00,0.05,261.25,0,0.00,0
TX001094,2026-05-03,ST003_Silom,Express,PRD_BAK_003,Baguette Traditional,Bakery,3,40.00,0.00,120.00,1,24.00,1
TX001095,2026-05-26,ST001_Siam,Hypermarket,PRD_DAI_002,Greek Yogurt Plain,Dairy,8,35.00,0.00,280.00,0,0.00,0
TX001096,2026-04-29,ST005_Ladprao,Hypermarket,PRD_PRD_001,Organic Avocado,Produce,6,69.00,0.05,393.30,0,0.00,0
TX001097,2026-05-09,ST001_Siam,Hypermarket,PRD_BAK_002,Whole Wheat Bread,Bakery,9,55.00,0.20,396.00,0,0.00,1
TX001098,2026-01-22,ST004_Ari,Supermarket,PRD_PRD_001,Organic Avocado,Produce,4,69.00,0.05,262.20,0,0.00,0
TX001099,2026-06-21,ST004_Ari,Supermarket,PRD_BEV_001,Cold Pressed Orange Juice,Beverages,3,65.00,0.05,185.25,0,0.00,1
TX001100,2026-01-21,ST005_Ladprao,Hypermarket,PRD_PRD_001,Organic Avocado,Produce,13,69.00,0.20,717.60,0,0.00,0
TX001101,2026-01-02,ST004_Ari,Supermarket,PRD_BAK_002,Whole Wheat Bread,Bakery,5,55.00,0.00,275.00,0,0.00,0
TX001102,2026-06-04,ST004_Ari,Supermarket,PRD_PRD_001,Organic Avocado,Produce,8,69.00,0.15,469.20,0,0.00,0
TX001103,2026-06-26,ST004_Ari,Supermarket,PRD_PRD_001,Organic Avocado,Produce,5,69.00,,345.00,1,41.40,0
TX001104,2026-02-18,ST001_Siam,Hypermarket,PRD_BAK_004,Danish Apple,Bakery,7,50.00,0.10,315.00,0,0.00,0
TX001105,2026-05-18,ST002_Sukhumvit,Supermarket,PRD_BAK_002,Whole Wheat Bread,Bakery,3,55.00,0.05,156.75,0,0.00,0
TX001106,2026-04-19,ST001_Siam,Hypermarket,PRD_BAK_002,Whole Wheat Bread,Bakery,9,55.00,0.00,495.00,0,0.00,1
TX001107,2026-01-06,ST004_Ari,Supermarket,PRD_BEV_001,Cold Pressed Orange Juice,Beverages,3,65.00,0.00,195.00,0,0.00,0
TX001108,2026-04-11,ST001_Siam,Hypermarket,PRD_PRD_002,Japanese Salad Mix,Produce,9,59.00,0.00,531.00,0,0.00,1
TX001109,2026-05-07,ST005_Ladprao,Hypermarket,PRD_BEV_001,Cold Pressed Orange Juice,Beverages,9,65.00,0.05,555.75,0,0.00,0
TX001110,2026-05-12,ST005_Ladprao,Hypermarket,PRD_BEV_001,Cold Pressed Orange Juice,Beverages,8,65.00,0.10,468.00,0,0.00,0
TX001111,2026-05-22,ST001_Siam,Hypermarket,PRD_PRD_001,Organic Avocado,Produce,10,69.00,0.20,552.00,0,0.00,0
TX001112,2026-05-07,ST005_Ladprao,Hypermarket,PRD_BEV_002,Organic Green Tea,Beverages,6,40.00,0.05,228.00,0,0.00,0
TX001113,2026-05-01,ST003_Silom,Express,PRD_DAI_001,Fresh Milk Pasteurized 1L,Dairy,4,48.00,0.00,192.00,0,0.00,0
TX001114,2026-06-25,ST003_Silom,Express,PRD_BEV_001,Cold Pressed Orange Juice,Beverages,5,65.00,0.10,292.50,0,0.00,0
TX001115,2026-06-22,ST003_Silom,Express,PRD_DAI_001,Fresh Milk Pasteurized 1L,Dairy,4,48.00,0.00,192.00,0,0.00,0
TX001116,2026-01-23,ST004_Ari,Supermarket,PRD_BAK_003,Baguette Traditional,Bakery,5,40.00,0.00,200.00,2,48.00,0
TX001117,2026-05-07,ST003_Silom,Express,PRD_BAK_004,Danish Apple,Bakery,1,50.00,0.00,50.00,1,30.00,0
TX001118,2026-06-23,ST002_Sukhumvit,Supermarket,PRD_BAK_003,Baguette Traditional,Bakery,7,40.00,0.15,238.00,0,0.00,0
TX001119,2026-01-31,ST005_Ladprao,Hypermarket,PRD_BAK_004,Danish Apple,Bakery,8,50.00,0.10,360.00,0,0.00,1
TX001120,2026-04-01,ST001_Siam,Hypermarket,PRD_DAI_002,Greek Yogurt Plain,Dairy,10,35.00,0.05,332.50,0,0.00,0
TX001121,2026-01-27,ST001_Siam,Hypermarket,PRD_DAI_001,Fresh Milk Pasteurized 1L,Dairy,6,48.00,0.10,259.20,0,0.00,0
TX001122,2026-01-28,ST005_Ladprao,Hypermarket,PRD_BEV_001,Cold Pressed Orange Juice,Beverages,7,65.00,0.00,455.00,1,39.00,0
TX001123,2026-02-22,ST003_Silom,Express,PRD_BAK_003,Baguette Traditional,Bakery,5,40.00,0.20,160.00,0,0.00,1
TX001124,2026-01-26,ST002_Sukhumvit,Supermarket,PRD_BEV_002,Organic Green Tea,Beverages,7,40.00,0.05,266.00,0,0.00,0
TX001125,2026-02-21,ST004_Ari,Supermarket,PRD_PRD_003,Sweet Cherry Tomato,Produce,5,49.00,0.00,245.00,0,0.00,1
TX001126,2026-01-22,ST003_Silom,Express,PRD_PRD_002,Japanese Salad Mix,Produce,8,59.00,0.20,377.60,0,0.00,0
TX001127,2026-06-20,ST002_Sukhumvit,Supermarket,PRD_BAK_003,Baguette Traditional,Bakery,5,40.00,0.15,170.00,0,0.00,1
TX001128,2026-04-15,ST004_Ari,Supermarket,PRD_DAI_002,Greek Yogurt Plain,Dairy,6,35.00,0.05,199.50,0,0.00,0
TX001129,2026-01-03,ST005_Ladprao,Hypermarket,PRD_BAK_002,Whole Wheat Bread,Bakery,6,55.00,0.00,330.00,0,0.00,1
TX001130,2026-04-11,ST001_Siam,Hypermarket,PRD_BEV_002,Organic Green Tea,Beverages,8,40.00,0.00,320.00,0,0.00,1
TX001131,2026-06-11,ST005_Ladprao,Hypermarket,PRD_PRD_001,Organic Avocado,Produce,6,69.00,0.10,372.60,0,0.00,0
TX001132,2026-03-22,ST003_Silom,Express,PRD_BAK_001,Croissant Butter,Bakery,5,45.00,0.05,213.75,0,0.00,1
TX001133,2026-02-07,ST004_Ari,Supermarket,PRD_DAI_001,Fresh Milk Pasteurized 1L,Dairy,6,48.00,0.00,288.00,0,0.00,1
TX001134,2026-03-30,ST004_Ari,Supermarket,PRD_BAK_004,Danish Apple,Bakery,4,50.00,0.05,190.00,0,0.00,0
TX001135,2026-04-10,ST002_Sukhumvit,Supermarket,PRD_DAI_002,Greek Yogurt Plain,Dairy,5,35.00,0.05,166.25,0,0.00,0
TX001136,2026-06-12,ST002_Sukhumvit,Supermarket,PRD_BAK_001,Croissant Butter,Bakery,6,45.00,0.00,270.00,0,0.00,0
TX001137,2026-03-08,ST002_Sukhumvit,Supermarket,PRD_PRD_001,Organic Avocado,Produce,5,69.00,0.20,276.00,0,0.00,1
TX001138,2026-03-08,ST005_Ladprao,Hypermarket,PRD_PRD_002,Japanese Salad Mix,Produce,7,59.00,0.00,413.00,1,35.40,1
TX001139,2026-01-02,ST004_Ari,Supermarket,PRD_PRD_002,Japanese Salad Mix,Produce,4,59.00,0.00,236.00,0,0.00,0
TX001140,2026-05-25,ST005_Ladprao,Hypermarket,PRD_BEV_001,Cold Pressed Orange Juice,Beverages,6,65.00,0.00,390.00,0,0.00,0
TX001141,2026-06-22,ST002_Sukhumvit,Supermarket,PRD_PRD_003,Sweet Cherry Tomato,Produce,7,49.00,0.15,291.55,0,0.00,0
TX001142,2026-05-13,ST005_Ladprao,Hypermarket,PRD_BAK_004,Danish Apple,Bakery,6,50.00,0.05,285.00,0,0.00,0
TX001143,2026-01-24,ST001_Siam,Hypermarket,PRD_PRD_003,Sweet Cherry Tomato,Produce,7,49.00,0.00,343.00,0,0.00,1
TX001144,2026-04-05,ST005_Ladprao,Hypermarket,PRD_PRD_003,Sweet Cherry Tomato,Produce,6,49.00,0.15,249.90,0,0.00,1
TX001145,2026-06-12,ST004_Ari,Supermarket,PRD_DAI_001,Fresh Milk Pasteurized 1L,Dairy,5,48.00,0.10,216.00,0,0.00,0
TX001146,2026-02-11,ST002_Sukhumvit,Supermarket,PRD_DAI_002,Greek Yogurt Plain,Dairy,3,35.00,0.00,105.00,0,0.00,0
TX001147,2026-05-16,ST001_Siam,Hypermarket,PRD_BAK_004,Danish Apple,Bakery,8,50.00,0.10,360.00,0,0.00,1
TX001148,2026-05-24,ST003_Silom,Express,PRD_BAK_002,Whole Wheat Bread,Bakery,5,55.00,0.15,233.75,0,0.00,1
TX001149,2026-05-14,ST002_Sukhumvit,Supermarket,PRD_BAK_002,Whole Wheat Bread,Bakery,4,55.00,0.05,209.00,0,0.00,0
TX001150,2026-03-17,ST004_Ari,Supermarket,PRD_BAK_001,Croissant Butter,Bakery,6,45.00,0.00,270.00,1,27.00,0
TX001151,2026-03-14,ST002_Sukhumvit,Supermarket,PRD_BAK_003,Baguette Traditional,Bakery,6,40.00,0.20,192.00,0,0.00,1
TX001152,2026-04-17,ST004_Ari,Supermarket,PRD_BEV_001,Cold Pressed Orange Juice,Beverages,5,65.00,0.05,308.75,0,0.00,0
TX001153,2026-04-07,ST004_Ari,Supermarket,PRD_BEV_001,Cold Pressed Orange Juice,Beverages,5,65.00,0.00,325.00,0,0.00,0
TX001154,2026-04-25,ST002_Sukhumvit,Supermarket,PRD_PRD_002,Japanese Salad Mix,Produce,3,59.00,0.00,177.00,0,0.00,1
TX001155,2026-04-15,ST004_Ari,Supermarket,PRD_BAK_004,Danish Apple,Bakery,5,50.00,0.10,225.00,0,0.00,0
TX001156,2026-03-13,ST001_Siam,Hypermarket,PRD_BAK_003,Baguette Traditional,Bakery,10,40.00,0.20,320.00,1,24.00,0
TX001157,2026-06-15,ST001_Siam,Hypermarket,PRD_BEV_002,Organic Green Tea,Beverages,4,40.00,0.00,160.00,0,0.00,0
TX001158,2026-05-28,ST001_Siam,Hypermarket,PRD_BEV_001,Cold Pressed Orange Juice,Beverages,7,65.00,0.00,455.00,1,39.00,0
TX001159,2026-05-17,ST002_Sukhumvit,Supermarket,PRD_BAK_001,Croissant Butter,Bakery,5,45.00,0.05,213.75,0,0.00,1
TX001160,2026-04-24,ST001_Siam,Hypermarket,PRD_DAI_002,Greek Yogurt Plain,Dairy,6,35.00,0.05,199.50,0,0.00,0
TX001161,2026-01-06,ST003_Silom,Express,PRD_PRD_003,Sweet Cherry Tomato,Produce,1,49.00,0.00,49.00,3,88.20,0
TX001162,2026-01-30,ST001_Siam,Hypermarket,PRD_DAI_002,Greek Yogurt Plain,Dairy,6,35.00,0.00,210.00,0,0.00,0
TX001163,2026-04-15,ST002_Sukhumvit,Supermarket,PRD_BAK_001,Croissant Butter,Bakery,7,45.00,0.15,267.75,0,0.00,0
TX001164,2026-01-15,ST003_Silom,Express,PRD_PRD_003,Sweet Cherry Tomato,Produce,3,49.00,0.00,147.00,2,58.80,0
TX001165,2026-01-31,ST001_Siam,Hypermarket,PRD_BAK_004,Danish Apple,Bakery,7,50.00,0.00,350.00,0,0.00,1
TX001166,2026-04-09,ST001_Siam,Hypermarket,PRD_PRD_001,Organic Avocado,Produce,4,69.00,0.00,276.00,0,0.00,0
TX001167,2026-01-17,ST004_Ari,Supermarket,PRD_BAK_001,Croissant Butter,Bakery,3,45.00,0.10,121.50,1,27.00,1
TX001168,2026-05-31,ST001_Siam,Hypermarket,PRD_BAK_004,Danish Apple,Bakery,8,50.00,0.15,340.00,0,0.00,1
TX001169,2026-06-12,ST005_Ladprao,Hypermarket,PRD_BAK_004,Danish Apple,Bakery,6,50.00,0.00,300.00,0,0.00,0
TX001170,2026-03-04,ST005_Ladprao,Hypermarket,PRD_PRD_003,Sweet Cherry Tomato,Produce,9,49.00,0.15,374.85,0,0.00,0
TX001171,2026-03-16,ST002_Sukhumvit,Supermarket,PRD_BAK_001,Croissant Butter,Bakery,5,45.00,0.00,225.00,0,0.00,0
TX001172,2026-06-03,ST003_Silom,Express,PRD_BEV_002,Organic Green Tea,Beverages,7,40.00,0.10,252.00,0,0.00,0
TX001173,2026-03-14,ST001_Siam,Hypermarket,PRD_BAK_003,Baguette Traditional,Bakery,10,40.00,0.20,320.00,0,0.00,1
TX001174,2026-01-23,ST004_Ari,Supermarket,PRD_BAK_002,Whole Wheat Bread,Bakery,4,55.00,0.00,220.00,0,0.00,0
TX001175,2026-05-10,ST003_Silom,Express,PRD_BEV_002,Organic Green Tea,Beverages,1,40.00,0.05,38.00,0,0.00,1
TX001176,2026-04-26,ST003_Silom,Express,PRD_BAK_004,Danish Apple,Bakery,7,50.00,0.20,280.00,0,0.00,1
TX001177,2026-01-05,ST002_Sukhumvit,Supermarket,PRD_BEV_002,Organic Green Tea,Beverages,4,40.00,,160.00,0,0.00,0
TX001178,2026-01-03,ST002_Sukhumvit,Supermarket,PRD_PRD_003,Sweet Cherry Tomato,Produce,8,49.00,0.15,333.20,0,0.00,1
TX001179,2026-06-16,ST001_Siam,Hypermarket,PRD_DAI_002,Greek Yogurt Plain,Dairy,5,35.00,0.00,175.00,0,0.00,0
TX001180,2026-04-24,ST001_Siam,Hypermarket,PRD_PRD_002,Japanese Salad Mix,Produce,9,59.00,0.10,477.90,0,0.00,0
TX001181,2026-06-28,ST001_Siam,Hypermarket,PRD_BAK_002,Whole Wheat Bread,Bakery,7,55.00,0.10,346.50,0,0.00,1
TX001182,2026-01-03,ST002_Sukhumvit,Supermarket,PRD_BAK_001,Croissant Butter,Bakery,4,45.00,0.05,171.00,0,0.00,1
TX001183,2026-06-10,ST003_Silom,Express,PRD_BAK_004,Danish Apple,Bakery,1,50.00,0.00,50.00,0,0.00,0
TX001184,2026-01-10,ST003_Silom,Express,PRD_DAI_001,Fresh Milk Pasteurized 1L,Dairy,8,48.00,0.00,384.00,0,0.00,1
TX001185,2026-03-13,ST005_Ladprao,Hypermarket,PRD_DAI_002,Greek Yogurt Plain,Dairy,8,35.00,0.10,252.00,0,0.00,0
TX001186,2026-05-25,ST005_Ladprao,Hypermarket,PRD_BEV_001,Cold Pressed Orange Juice,Beverages,7,65.00,0.00,455.00,1,39.00,0
TX001187,2026-05-26,ST002_Sukhumvit,Supermarket,PRD_DAI_002,Greek Yogurt Plain,Dairy,6,35.00,0.05,199.50,0,0.00,0
TX001188,2026-05-17,ST005_Ladprao,Hypermarket,PRD_PRD_001,Organic Avocado,Produce,12,69.00,0.20,662.40,0,0.00,1
TX001189,2026-04-20,ST001_Siam,Hypermarket,PRD_PRD_002,Japanese Salad Mix,Produce,9,59.00,0.10,477.90,0,0.00,0
TX001190,2026-05-07,ST003_Silom,Express,PRD_DAI_002,Greek Yogurt Plain,Dairy,2,35.00,0.00,70.00,0,0.00,0
TX001191,2026-03-13,ST004_Ari,Supermarket,PRD_DAI_002,Greek Yogurt Plain,Dairy,5,35.00,0.10,157.50,0,0.00,0
TX001192,2026-01-07,ST002_Sukhumvit,Supermarket,PRD_PRD_003,Sweet Cherry Tomato,Produce,6,49.00,0.00,294.00,0,0.00,0
TX001193,2026-03-26,ST003_Silom,Express,PRD_BAK_002,Whole Wheat Bread,Bakery,5,55.00,,220.00,0,0.00,0
TX001194,2026-06-10,ST003_Silom,Express,PRD_PRD_001,Organic Avocado,Produce,3,69.00,0.00,207.00,2,82.80,0
TX001195,2026-03-27,ST005_Ladprao,Hypermarket,PRD_BAK_004,Danish Apple,Bakery,8,50.00,0.00,400.00,0,0.00,0
TX001196,2026-01-25,ST004_Ari,Supermarket,PRD_BEV_001,Cold Pressed Orange Juice,Beverages,5,65.00,0.00,325.00,1,39.00,1
TX001197,2026-06-27,ST001_Siam,Hypermarket,PRD_BAK_003,Baguette Traditional,Bakery,8,40.00,0.00,320.00,0,0.00,1
TX001198,2026-01-17,ST001_Siam,Hypermarket,PRD_BEV_002,Organic Green Tea,Beverages,6,40.00,0.00,240.00,0,0.00,1
TX001199,2026-04-08,ST004_Ari,Supermarket,PRD_BAK_002,Whole Wheat Bread,Bakery,6,55.00,0.15,280.50,0,0.00,0
TX001200,2026-01-03,ST004_Ari,Supermarket,PRD_PRD_003,Sweet Cherry Tomato,Produce,4,49.00,0.10,176.40,0,0.00,1
TX001201,2026-06-08,ST001_Siam,Hypermarket,PRD_PRD_002,Japanese Salad Mix,Produce,12,59.00,0.20,566.40,0,0.00,0
TX001202,2026-02-19,ST001_Siam,Hypermarket,PRD_BAK_002,Whole Wheat Bread,Bakery,5,55.00,0.00,275.00,0,0.00,0
TX001203,2026-02-19,ST005_Ladprao,Hypermarket,PRD_BAK_003,Baguette Traditional,Bakery,8,40.00,0.20,256.00,0,0.00,0
TX001204,2026-02-17,ST002_Sukhumvit,Supermarket,PRD_BAK_003,Baguette Traditional,Bakery,4,40.00,0.00,160.00,1,24.00,0
TX001205,2026-04-02,ST003_Silom,Express,PRD_BEV_001,Cold Pressed Orange Juice,Beverages,5,65.00,0.00,325.00,1,39.00,0
TX001206,2026-01-03,ST005_Ladprao,Hypermarket,PRD_BEV_001,Cold Pressed Orange Juice,Beverages,8,65.00,0.00,520.00,1,39.00,1
TX001207,2026-04-19,ST003_Silom,Express,PRD_BAK_004,Danish Apple,Bakery,3,50.00,0.00,150.00,0,0.00,1
TX001208,2026-01-18,ST003_Silom,Express,PRD_BAK_004,Danish Apple,Bakery,3,50.00,0.20,120.00,0,0.00,1
TX001209,2026-05-29,ST005_Ladprao,Hypermarket,PRD_PRD_002,Japanese Salad Mix,Produce,9,59.00,0.15,451.35,0,0.00,0
TX001210,2026-01-27,ST004_Ari,Supermarket,PRD_BAK_001,Croissant Butter,Bakery,6,45.00,0.10,243.00,0,0.00,0
TX001211,2026-06-09,ST002_Sukhumvit,Supermarket,PRD_BAK_004,Danish Apple,Bakery,6,50.00,0.10,270.00,0,0.00,0
TX001212,2026-03-26,ST004_Ari,Supermarket,PRD_BAK_004,Danish Apple,Bakery,8,50.00,0.10,360.00,0,0.00,0
TX001213,2026-01-08,ST005_Ladprao,Hypermarket,PRD_BAK_002,Whole Wheat Bread,Bakery,11,55.00,0.00,605.00,0,0.00,0
TX001214,2026-05-30,ST003_Silom,Express,PRD_BAK_001,Croissant Butter,Bakery,4,45.00,0.00,180.00,2,54.00,1
TX001215,2026-02-14,ST003_Silom,Express,PRD_DAI_002,Greek Yogurt Plain,Dairy,4,35.00,0.00,140.00,0,0.00,1
TX001216,2026-01-06,ST002_Sukhumvit,Supermarket,PRD_PRD_003,Sweet Cherry Tomato,Produce,7,49.00,0.20,274.40,0,0.00,0
TX001217,2026-02-23,ST003_Silom,Express,PRD_DAI_001,Fresh Milk Pasteurized 1L,Dairy,2,48.00,0.00,96.00,2,57.60,0
TX001218,2026-06-09,ST004_Ari,Supermarket,PRD_BAK_002,Whole Wheat Bread,Bakery,7,55.00,0.00,385.00,0,0.00,0
TX001219,2026-04-07,ST003_Silom,Express,PRD_PRD_002,Japanese Salad Mix,Produce,8,59.00,0.15,401.20,0,0.00,0
TX001220,2026-01-12,ST005_Ladprao,Hypermarket,PRD_BEV_001,Cold Pressed Orange Juice,Beverages,7,65.00,0.00,455.00,0,0.00,0
TX001221,2026-06-11,ST003_Silom,Express,PRD_BAK_003,Baguette Traditional,Bakery,4,40.00,0.15,136.00,0,0.00,0
TX001222,2026-02-23,ST001_Siam,Hypermarket,PRD_DAI_001,Fresh Milk Pasteurized 1L,Dairy,7,48.00,0.00,336.00,0,0.00,0
TX001223,2026-04-06,ST004_Ari,Supermarket,PRD_DAI_002,Greek Yogurt Plain,Dairy,7,35.00,0.10,220.50,0,0.00,0
TX001224,2026-05-15,ST004_Ari,Supermarket,PRD_DAI_001,Fresh Milk Pasteurized 1L,Dairy,5,48.00,0.10,216.00,0,0.00,0
TX001225,2026-01-10,ST002_Sukhumvit,Supermarket,PRD_BAK_004,Danish Apple,Bakery,6,50.00,0.00,300.00,0,0.00,1
TX001226,2026-02-25,ST003_Silom,Express,PRD_PRD_003,Sweet Cherry Tomato,Produce,1,49.00,0.10,44.10,0,0.00,0
TX001227,2026-02-04,ST001_Siam,Hypermarket,PRD_PRD_001,Organic Avocado,Produce,6,69.00,0.10,372.60,0,0.00,0
TX001228,2026-01-11,ST004_Ari,Supermarket,PRD_DAI_002,Greek Yogurt Plain,Dairy,3,35.00,0.05,99.75,0,0.00,1
TX001229,2026-03-23,ST003_Silom,Express,PRD_PRD_003,Sweet Cherry Tomato,Produce,4,49.00,0.00,196.00,2,58.80,0
TX001230,2026-01-22,ST003_Silom,Express,PRD_DAI_002,Greek Yogurt Plain,Dairy,6,35.00,0.00,210.00,0,0.00,0
TX001231,2026-01-26,ST001_Siam,Hypermarket,PRD_BAK_002,Whole Wheat Bread,Bakery,8,55.00,0.05,418.00,0,0.00,0
TX001232,2026-03-19,ST003_Silom,Express,PRD_BAK_004,Danish Apple,Bakery,6,50.00,0.20,240.00,0,0.00,0
TX001233,2026-05-20,ST003_Silom,Express,PRD_BAK_001,Croissant Butter,Bakery,4,45.00,0.05,171.00,0,0.00,0
TX001234,2026-05-29,ST001_Siam,Hypermarket,PRD_DAI_001,Fresh Milk Pasteurized 1L,Dairy,8,48.00,0.00,384.00,0,0.00,0
TX001235,2026-02-23,ST004_Ari,Supermarket,PRD_BAK_004,Danish Apple,Bakery,4,50.00,0.15,170.00,0,0.00,0
TX001236,2026-03-29,ST001_Siam,Hypermarket,PRD_PRD_002,Japanese Salad Mix,Produce,5,59.00,0.00,295.00,0,0.00,1
TX001237,2026-04-17,ST002_Sukhumvit,Supermarket,PRD_DAI_001,Fresh Milk Pasteurized 1L,Dairy,6,48.00,0.10,259.20,0,0.00,0
TX001238,2026-03-20,ST001_Siam,Hypermarket,PRD_DAI_001,Fresh Milk Pasteurized 1L,Dairy,7,48.00,0.05,319.20,0,0.00,0
TX001239,2026-06-25,ST004_Ari,Supermarket,PRD_DAI_002,Greek Yogurt Plain,Dairy,5,35.00,0.05,166.25,0,0.00,0
TX001240,2026-02-09,ST003_Silom,Express,PRD_BEV_001,Cold Pressed Orange Juice,Beverages,5,65.00,0.10,292.50,0,0.00,0
TX001241,2026-04-11,ST001_Siam,Hypermarket,PRD_DAI_002,Greek Yogurt Plain,Dairy,8,35.00,0.10,252.00,0,0.00,1
TX001242,2026-03-19,ST001_Siam,Hypermarket,PRD_BAK_003,Baguette Traditional,Bakery,7,40.00,0.00,280.00,0,0.00,0
TX001243,2026-06-26,ST005_Ladprao,Hypermarket,PRD_DAI_001,Fresh Milk Pasteurized 1L,Dairy,7,48.00,0.00,336.00,0,0.00,0
TX001244,2026-03-01,ST003_Silom,Express,PRD_BEV_002,Organic Green Tea,Beverages,4,40.00,0.00,160.00,0,0.00,1
TX001245,2026-01-03,ST002_Sukhumvit,Supermarket,PRD_PRD_002,Japanese Salad Mix,Produce,2,59.00,0.10,106.20,0,0.00,1
TX001246,2026-01-18,ST004_Ari,Supermarket,PRD_BAK_004,Danish Apple,Bakery,8,50.00,0.00,400.00,0,0.00,1
TX001247,2026-06-20,ST004_Ari,Supermarket,PRD_BAK_003,Baguette Traditional,Bakery,5,40.00,0.15,170.00,0,0.00,1
TX001248,2026-04-28,ST003_Silom,Express,PRD_BAK_004,Danish Apple,Bakery,3,50.00,0.00,150.00,0,0.00,0
TX001249,2026-04-13,ST005_Ladprao,Hypermarket,PRD_BAK_004,Danish Apple,Bakery,8,50.00,0.15,340.00,0,0.00,0
TX001250,2026-01-11,ST001_Siam,Hypermarket,PRD_PRD_001,Organic Avocado,Produce,11,69.00,0.20,607.20,0,0.00,1
TX001251,2026-06-29,ST003_Silom,Express,PRD_PRD_003,Sweet Cherry Tomato,Produce,6,49.00,0.15,249.90,0,0.00,0
TX001252,2026-06-08,ST004_Ari,Supermarket,PRD_DAI_001,Fresh Milk Pasteurized 1L,Dairy,3,48.00,0.10,129.60,0,0.00,0
TX001253,2026-05-26,ST001_Siam,Hypermarket,PRD_PRD_003,Sweet Cherry Tomato,Produce,11,49.00,0.20,431.20,0,0.00,0
TX001254,2026-06-10,ST005_Ladprao,Hypermarket,PRD_PRD_001,Organic Avocado,Produce,9,69.00,0.20,496.80,0,0.00,0
TX001255,2026-02-25,ST004_Ari,Supermarket,PRD_PRD_003,Sweet Cherry Tomato,Produce,7,49.00,0.15,291.55,0,0.00,0
TX001256,2026-03-25,ST004_Ari,Supermarket,PRD_DAI_001,Fresh Milk Pasteurized 1L,Dairy,6,48.00,0.00,288.00,0,0.00,0
TX001257,2026-04-29,ST001_Siam,Hypermarket,PRD_BAK_002,Whole Wheat Bread,Bakery,9,55.00,0.20,396.00,0,0.00,0
TX001258,2026-02-19,ST004_Ari,Supermarket,PRD_BAK_001,Croissant Butter,Bakery,2,45.00,0.00,90.00,1,27.00,0
TX001259,2026-04-29,ST004_Ari,Supermarket,PRD_DAI_001,Fresh Milk Pasteurized 1L,Dairy,4,48.00,0.00,192.00,1,28.80,0
TX001260,2026-05-01,ST003_Silom,Express,PRD_BAK_003,Baguette Traditional,Bakery,1,40.00,0.00,40.00,0,0.00,0
TX001261,2026-02-15,ST003_Silom,Express,PRD_BAK_002,Whole Wheat Bread,Bakery,5,55.00,,233.75,0,0.00,1
TX001262,2026-03-11,ST002_Sukhumvit,Supermarket,PRD_DAI_001,Fresh Milk Pasteurized 1L,Dairy,4,48.00,0.05,182.40,0,0.00,0
TX001263,2026-06-22,ST005_Ladprao,Hypermarket,PRD_BAK_004,Danish Apple,Bakery,7,50.00,0.10,315.00,0,0.00,0
TX001264,2026-06-18,ST001_Siam,Hypermarket,PRD_PRD_003,Sweet Cherry Tomato,Produce,7,49.00,0.20,274.40,0,0.00,0
TX001265,2026-01-02,ST001_Siam,Hypermarket,PRD_PRD_003,Sweet Cherry Tomato,Produce,8,49.00,0.00,392.00,0,0.00,0
TX001266,2026-04-18,ST001_Siam,Hypermarket,PRD_BAK_001,Croissant Butter,Bakery,7,45.00,0.05,299.25,0,0.00,1
TX001267,2026-01-17,ST002_Sukhumvit,Supermarket,PRD_BAK_002,Whole Wheat Bread,Bakery,7,55.00,0.20,308.00,0,0.00,1
TX001268,2026-03-25,ST003_Silom,Express,PRD_DAI_002,Greek Yogurt Plain,Dairy,4,35.00,0.00,140.00,0,0.00,0
TX001269,2026-04-12,ST004_Ari,Supermarket,PRD_BAK_002,Whole Wheat Bread,Bakery,5,55.00,0.00,275.00,1,33.00,1
TX001270,2026-03-22,ST001_Siam,Hypermarket,PRD_PRD_003,Sweet Cherry Tomato,Produce,6,49.00,0.00,294.00,0,0.00,1
TX001271,2026-04-05,ST001_Siam,Hypermarket,PRD_BAK_002,Whole Wheat Bread,Bakery,7,55.00,0.00,385.00,0,0.00,1
TX001272,2026-05-08,ST001_Siam,Hypermarket,PRD_DAI_002,Greek Yogurt Plain,Dairy,6,35.00,0.00,210.00,0,0.00,0
TX001273,2026-04-10,ST002_Sukhumvit,Supermarket,PRD_PRD_002,Japanese Salad Mix,Produce,5,59.00,0.00,295.00,0,0.00,0
TX001274,2026-03-23,ST004_Ari,Supermarket,PRD_BAK_002,Whole Wheat Bread,Bakery,9,55.00,0.05,470.25,0,0.00,0
TX001275,2026-03-01,ST005_Ladprao,Hypermarket,PRD_BEV_001,Cold Pressed Orange Juice,Beverages,7,65.00,0.00,455.00,0,0.00,1
TX001276,2026-02-01,ST003_Silom,Express,PRD_BAK_004,Danish Apple,Bakery,4,50.00,0.20,160.00,2,60.00,1
TX001277,2026-05-08,ST003_Silom,Express,PRD_BAK_004,Danish Apple,Bakery,2,50.00,0.00,100.00,3,90.00,0
TX001278,2026-04-24,ST003_Silom,Express,PRD_BAK_003,Baguette Traditional,Bakery,3,40.00,0.05,114.00,3,72.00,0
TX001279,2026-04-17,ST003_Silom,Express,PRD_BAK_001,Croissant Butter,Bakery,4,45.00,0.00,180.00,1,27.00,0
TX001280,2026-06-20,ST002_Sukhumvit,Supermarket,PRD_BEV_002,Organic Green Tea,Beverages,3,40.00,0.00,120.00,0,0.00,1
TX001281,2026-01-02,ST001_Siam,Hypermarket,PRD_DAI_001,Fresh Milk Pasteurized 1L,Dairy,6,48.00,0.00,288.00,0,0.00,0
TX001282,2026-02-06,ST002_Sukhumvit,Supermarket,PRD_BAK_003,Baguette Traditional,Bakery,5,40.00,0.00,200.00,0,0.00,0
TX001283,2026-05-10,ST001_Siam,Hypermarket,PRD_PRD_003,Sweet Cherry Tomato,Produce,11,49.00,0.20,431.20,0,0.00,1
TX001284,2026-02-20,ST002_Sukhumvit,Supermarket,PRD_PRD_003,Sweet Cherry Tomato,Produce,3,49.00,0.00,147.00,0,0.00,0
TX001285,2026-02-21,ST003_Silom,Express,PRD_DAI_001,Fresh Milk Pasteurized 1L,Dairy,3,48.00,0.00,144.00,0,0.00,1
TX001286,2026-04-07,ST002_Sukhumvit,Supermarket,PRD_DAI_001,Fresh Milk Pasteurized 1L,Dairy,4,48.00,0.10,172.80,0,0.00,0
TX001287,2026-05-04,ST001_Siam,Hypermarket,PRD_PRD_003,Sweet Cherry Tomato,Produce,9,49.00,0.10,396.90,0,0.00,0
TX001288,2026-03-18,ST005_Ladprao,Hypermarket,PRD_DAI_002,Greek Yogurt Plain,Dairy,6,35.00,0.00,210.00,0,0.00,0
TX001289,2026-03-14,ST004_Ari,Supermarket,PRD_DAI_002,Greek Yogurt Plain,Dairy,5,35.00,0.10,157.50,0,0.00,1
TX001290,2026-05-01,ST002_Sukhumvit,Supermarket,PRD_BAK_003,Baguette Traditional,Bakery,8,40.00,0.00,320.00,0,0.00,0
TX001291,2026-04-14,ST004_Ari,Supermarket,PRD_PRD_003,Sweet Cherry Tomato,Produce,7,49.00,0.20,274.40,0,0.00,0
TX001292,2026-06-14,ST005_Ladprao,Hypermarket,PRD_BAK_002,Whole Wheat Bread,Bakery,12,55.00,0.10,594.00,0,0.00,1
TX001293,2026-02-11,ST002_Sukhumvit,Supermarket,PRD_PRD_003,Sweet Cherry Tomato,Produce,2,49.00,0.05,93.10,0,0.00,0
TX001294,2026-03-31,ST005_Ladprao,Hypermarket,PRD_DAI_001,Fresh Milk Pasteurized 1L,Dairy,7,48.00,0.05,319.20,0,0.00,0
TX001295,2026-03-04,ST004_Ari,Supermarket,PRD_BAK_001,Croissant Butter,Bakery,3,45.00,0.05,128.25,0,0.00,0
TX001296,2026-06-28,ST002_Sukhumvit,Supermarket,PRD_PRD_001,Organic Avocado,Produce,4,69.00,0.15,234.60,0,0.00,1
TX001297,2026-06-19,ST002_Sukhumvit,Supermarket,PRD_BAK_001,Croissant Butter,Bakery,5,45.00,0.00,225.00,0,0.00,0
TX001298,2026-04-09,ST004_Ari,Supermarket,PRD_BEV_001,Cold Pressed Orange Juice,Beverages,3,65.00,0.00,195.00,0,0.00,0
TX001299,2026-03-06,ST003_Silom,Express,PRD_DAI_002,Greek Yogurt Plain,Dairy,4,35.00,0.10,126.00,0,0.00,0
TX001300,2026-01-23,ST001_Siam,Hypermarket,PRD_BEV_002,Organic Green Tea,Beverages,8,40.00,0.05,304.00,0,0.00,0
TX001301,2026-06-28,ST003_Silom,Express,PRD_BAK_001,Croissant Butter,Bakery,2,45.00,,90.00,0,0.00,1
TX001302,2026-01-18,ST004_Ari,Supermarket,PRD_DAI_002,Greek Yogurt Plain,Dairy,4,35.00,0.10,126.00,0,0.00,1
TX001303,2026-06-30,ST002_Sukhumvit,Supermarket,PRD_BAK_004,Danish Apple,Bakery,3,50.00,0.10,135.00,0,0.00,0
TX001304,2026-04-26,ST005_Ladprao,Hypermarket,PRD_BAK_004,Danish Apple,Bakery,7,50.00,0.00,350.00,0,0.00,1
TX001305,2026-04-15,ST004_Ari,Supermarket,PRD_BEV_002,Organic Green Tea,Beverages,7,40.00,0.00,280.00,0,0.00,0
TX001306,2026-03-17,ST001_Siam,Hypermarket,PRD_PRD_003,Sweet Cherry Tomato,Produce,6,49.00,0.00,294.00,0,0.00,0
TX001307,2026-06-22,ST001_Siam,Hypermarket,PRD_BAK_001,Croissant Butter,Bakery,8,45.00,0.00,360.00,0,0.00,0
TX001308,2026-06-20,ST005_Ladprao,Hypermarket,PRD_BAK_001,Croissant Butter,Bakery,7,45.00,0.00,315.00,0,0.00,1
TX001309,2026-03-10,ST004_Ari,Supermarket,PRD_DAI_001,Fresh Milk Pasteurized 1L,Dairy,8,48.00,0.05,364.80,0,0.00,0
TX001310,2026-06-24,ST003_Silom,Express,PRD_PRD_002,Japanese Salad Mix,Produce,6,59.00,0.00,354.00,0,0.00,0
TX001311,2026-04-02,ST003_Silom,Express,PRD_BAK_002,Whole Wheat Bread,Bakery,3,55.00,0.00,165.00,0,0.00,0
TX001312,2026-02-05,ST001_Siam,Hypermarket,PRD_BEV_001,Cold Pressed Orange Juice,Beverages,7,65.00,0.00,455.00,0,0.00,0
TX001313,2026-04-05,ST004_Ari,Supermarket,PRD_BEV_001,Cold Pressed Orange Juice,Beverages,5,65.00,0.10,292.50,0,0.00,1
TX001314,2026-01-01,ST003_Silom,Express,PRD_BAK_001,Croissant Butter,Bakery,5,45.00,0.20,180.00,0,0.00,0
TX001315,2026-04-24,ST002_Sukhumvit,Supermarket,PRD_BEV_001,Cold Pressed Orange Juice,Beverages,6,65.00,0.10,351.00,0,0.00,0
TX001316,2026-01-21,ST003_Silom,Express,PRD_PRD_003,Sweet Cherry Tomato,Produce,8,49.00,0.10,352.80,0,0.00,0
TX001317,2026-03-17,ST005_Ladprao,Hypermarket,PRD_BAK_004,Danish Apple,Bakery,9,50.00,0.20,360.00,0,0.00,0
TX001318,2026-05-27,ST005_Ladprao,Hypermarket,PRD_BAK_001,Croissant Butter,Bakery,6,45.00,0.00,270.00,0,0.00,0
TX001319,2026-04-30,ST002_Sukhumvit,Supermarket,PRD_DAI_001,Fresh Milk Pasteurized 1L,Dairy,5,48.00,0.00,240.00,0,0.00,0
TX001320,2026-03-04,ST002_Sukhumvit,Supermarket,PRD_BAK_003,Baguette Traditional,Bakery,6,40.00,,192.00,0,0.00,0
TX001321,2026-03-25,ST004_Ari,Supermarket,PRD_PRD_001,Organic Avocado,Produce,4,69.00,0.00,276.00,0,0.00,0
TX001322,2026-06-21,ST001_Siam,Hypermarket,PRD_BEV_002,Organic Green Tea,Beverages,9,40.00,0.00,360.00,0,0.00,1
TX001323,2026-03-27,ST002_Sukhumvit,Supermarket,PRD_BEV_001,Cold Pressed Orange Juice,Beverages,3,65.00,0.00,195.00,0,0.00,0
TX001324,2026-04-08,ST005_Ladprao,Hypermarket,PRD_PRD_003,Sweet Cherry Tomato,Produce,7,49.00,0.00,343.00,1,29.40,0
TX001325,2026-06-01,ST002_Sukhumvit,Supermarket,PRD_BAK_002,Whole Wheat Bread,Bakery,4,55.00,0.15,187.00,0,0.00,0
TX001326,2026-01-01,ST003_Silom,Express,PRD_BAK_001,Croissant Butter,Bakery,7,45.00,0.15,267.75,0,0.00,0
TX001327,2026-04-19,ST003_Silom,Express,PRD_PRD_002,Japanese Salad Mix,Produce,6,59.00,0.20,283.20,0,0.00,1
TX001328,2026-01-28,ST004_Ari,Supermarket,PRD_BAK_001,Croissant Butter,Bakery,6,45.00,0.15,229.50,0,0.00,0
TX001329,2026-03-17,ST002_Sukhumvit,Supermarket,PRD_DAI_001,Fresh Milk Pasteurized 1L,Dairy,6,48.00,0.10,259.20,0,0.00,0
TX001330,2026-06-29,ST001_Siam,Hypermarket,PRD_BEV_001,Cold Pressed Orange Juice,Beverages,8,65.00,0.05,494.00,0,0.00,0
TX001331,2026-02-01,ST003_Silom,Express,PRD_BEV_001,Cold Pressed Orange Juice,Beverages,4,65.00,0.10,234.00,0,0.00,1
TX001332,2026-01-16,ST003_Silom,Express,PRD_BAK_003,Baguette Traditional,Bakery,4,40.00,0.20,128.00,2,48.00,0
TX001333,2026-01-14,ST002_Sukhumvit,Supermarket,PRD_DAI_001,Fresh Milk Pasteurized 1L,Dairy,3,48.00,0.10,129.60,0,0.00,0
TX001334,2026-02-10,ST001_Siam,Hypermarket,PRD_DAI_002,Greek Yogurt Plain,Dairy,7,35.00,0.10,220.50,0,0.00,0
TX001335,2026-04-11,ST001_Siam,Hypermarket,PRD_DAI_002,Greek Yogurt Plain,Dairy,9,35.00,0.05,299.25,0,0.00,1
TX001336,2026-06-29,ST005_Ladprao,Hypermarket,PRD_PRD_003,Sweet Cherry Tomato,Produce,8,49.00,0.00,392.00,0,0.00,0
TX001337,2026-03-19,ST004_Ari,Supermarket,PRD_BEV_002,Organic Green Tea,Beverages,6,40.00,0.00,240.00,0,0.00,0
TX001338,2026-05-04,ST003_Silom,Express,PRD_BAK_003,Baguette Traditional,Bakery,4,40.00,,160.00,0,0.00,0
TX001339,2026-05-28,ST001_Siam,Hypermarket,PRD_BEV_002,Organic Green Tea,Beverages,9,40.00,0.00,360.00,0,0.00,0
TX001340,2026-06-23,ST002_Sukhumvit,Supermarket,PRD_BAK_001,Croissant Butter,Bakery,3,45.00,0.00,135.00,0,0.00,0
TX001341,2026-05-12,ST003_Silom,Express,PRD_BEV_001,Cold Pressed Orange Juice,Beverages,6,65.00,0.10,351.00,0,0.00,0
TX001342,2026-04-14,ST002_Sukhumvit,Supermarket,PRD_BAK_001,Croissant Butter,Bakery,5,45.00,0.00,225.00,0,0.00,0
TX001343,2026-06-17,ST004_Ari,Supermarket,PRD_BEV_002,Organic Green Tea,Beverages,6,40.00,0.00,240.00,0,0.00,0
TX001344,2026-06-16,ST004_Ari,Supermarket,PRD_PRD_001,Organic Avocado,Produce,6,69.00,0.20,331.20,0,0.00,0
TX001345,2026-05-06,ST005_Ladprao,Hypermarket,PRD_BAK_004,Danish Apple,Bakery,5,50.00,0.00,250.00,0,0.00,0
TX001346,2026-05-03,ST003_Silom,Express,PRD_BAK_002,Whole Wheat Bread,Bakery,6,55.00,0.15,280.50,0,0.00,1
TX001347,2026-05-27,ST002_Sukhumvit,Supermarket,PRD_BAK_002,Whole Wheat Bread,Bakery,7,55.00,0.05,365.75,2,66.00,0
TX001348,2026-06-29,ST001_Siam,Hypermarket,PRD_PRD_003,Sweet Cherry Tomato,Produce,7,49.00,0.15,291.55,0,0.00,0
TX001349,2026-05-16,ST004_Ari,Supermarket,PRD_BAK_002,Whole Wheat Bread,Bakery,7,55.00,0.15,327.25,0,0.00,1
TX001350,2026-02-23,ST001_Siam,Hypermarket,PRD_BAK_003,Baguette Traditional,Bakery,7,40.00,,238.00,0,0.00,0
TX001351,2026-04-25,ST003_Silom,Express,PRD_BAK_002,Whole Wheat Bread,Bakery,4,55.00,0.00,220.00,2,66.00,1
TX001352,2026-01-09,ST001_Siam,Hypermarket,PRD_BAK_002,Whole Wheat Bread,Bakery,8,55.00,0.15,374.00,0,0.00,0
TX001353,2026-06-18,ST001_Siam,Hypermarket,PRD_BAK_004,Danish Apple,Bakery,11,50.00,0.05,522.50,2,60.00,0
TX001354,2026-05-17,ST004_Ari,Supermarket,PRD_BAK_003,Baguette Traditional,Bakery,5,40.00,0.15,170.00,0,0.00,1
TX001355,2026-04-01,ST005_Ladprao,Hypermarket,PRD_DAI_002,Greek Yogurt Plain,Dairy,6,35.00,0.00,210.00,1,21.00,0
TX001356,2026-02-06,ST003_Silom,Express,PRD_BAK_004,Danish Apple,Bakery,3,50.00,0.00,150.00,1,30.00,0
TX001357,2026-06-09,ST004_Ari,Supermarket,PRD_BAK_002,Whole Wheat Bread,Bakery,6,55.00,0.15,280.50,0,0.00,0
TX001358,2026-01-22,ST003_Silom,Express,PRD_BEV_002,Organic Green Tea,Beverages,6,40.00,0.10,216.00,0,0.00,0
TX001359,2026-02-22,ST001_Siam,Hypermarket,PRD_BEV_002,Organic Green Tea,Beverages,10,40.00,0.05,380.00,0,0.00,1
TX001360,2026-06-18,ST005_Ladprao,Hypermarket,PRD_BEV_001,Cold Pressed Orange Juice,Beverages,6,65.00,0.00,390.00,0,0.00,0
TX001361,2026-04-22,ST004_Ari,Supermarket,PRD_BAK_001,Croissant Butter,Bakery,6,45.00,0.15,229.50,0,0.00,0
TX001362,2026-04-15,ST001_Siam,Hypermarket,PRD_PRD_002,Japanese Salad Mix,Produce,11,59.00,0.20,519.20,0,0.00,0
TX001363,2026-03-11,ST002_Sukhumvit,Supermarket,PRD_BAK_004,Danish Apple,Bakery,7,50.00,0.05,332.50,0,0.00,0
TX001364,2026-01-27,ST001_Siam,Hypermarket,PRD_BAK_003,Baguette Traditional,Bakery,9,40.00,0.15,306.00,0,0.00,0
TX001365,2026-05-06,ST001_Siam,Hypermarket,PRD_DAI_002,Greek Yogurt Plain,Dairy,6,35.00,0.05,199.50,0,0.00,0
TX001366,2026-01-13,ST002_Sukhumvit,Supermarket,PRD_PRD_002,Japanese Salad Mix,Produce,3,59.00,0.10,159.30,0,0.00,0
TX001367,2026-06-23,ST005_Ladprao,Hypermarket,PRD_DAI_002,Greek Yogurt Plain,Dairy,7,35.00,0.10,220.50,1,21.00,0
TX001368,2026-02-09,ST002_Sukhumvit,Supermarket,PRD_BAK_003,Baguette Traditional,Bakery,4,40.00,0.10,144.00,0,0.00,0
TX001369,2026-04-05,ST002_Sukhumvit,Supermarket,PRD_BEV_002,Organic Green Tea,Beverages,5,40.00,0.10,180.00,0,0.00,1
TX001370,2026-04-01,ST004_Ari,Supermarket,PRD_DAI_002,Greek Yogurt Plain,Dairy,5,35.00,0.05,166.25,0,0.00,0
TX001371,2026-02-28,ST003_Silom,Express,PRD_BEV_002,Organic Green Tea,Beverages,5,40.00,0.00,200.00,0,0.00,1
TX001372,2026-03-22,ST001_Siam,Hypermarket,PRD_BEV_002,Organic Green Tea,Beverages,8,40.00,0.00,320.00,1,24.00,1
TX001373,2026-01-22,ST003_Silom,Express,PRD_DAI_002,Greek Yogurt Plain,Dairy,4,35.00,0.10,126.00,0,0.00,0
TX001374,2026-02-04,ST004_Ari,Supermarket,PRD_DAI_001,Fresh Milk Pasteurized 1L,Dairy,4,48.00,0.00,192.00,0,0.00,0
TX001375,2026-01-02,ST004_Ari,Supermarket,PRD_DAI_002,Greek Yogurt Plain,Dairy,5,35.00,0.05,166.25,0,0.00,0
TX001376,2026-05-16,ST005_Ladprao,Hypermarket,PRD_BAK_001,Croissant Butter,Bakery,11,45.00,0.15,420.75,0,0.00,1
TX001377,2026-05-15,ST002_Sukhumvit,Supermarket,PRD_BAK_003,Baguette Traditional,Bakery,4,40.00,0.00,160.00,0,0.00,0
TX001378,2026-05-07,ST004_Ari,Supermarket,PRD_BAK_003,Baguette Traditional,Bakery,6,40.00,0.05,228.00,0,0.00,0
TX001379,2026-06-23,ST002_Sukhumvit,Supermarket,PRD_DAI_002,Greek Yogurt Plain,Dairy,4,35.00,,140.00,0,0.00,0
TX001380,2026-06-11,ST005_Ladprao,Hypermarket,PRD_PRD_003,Sweet Cherry Tomato,Produce,8,49.00,0.00,392.00,0,0.00,0
TX001381,2026-06-14,ST005_Ladprao,Hypermarket,PRD_BAK_001,Croissant Butter,Bakery,10,45.00,,405.00,1,27.00,1
TX001382,2026-04-28,ST003_Silom,Express,PRD_PRD_001,Organic Avocado,Produce,5,69.00,0.05,327.75,0,0.00,0
TX001383,2026-01-03,ST001_Siam,Hypermarket,PRD_PRD_003,Sweet Cherry Tomato,Produce,9,49.00,0.10,396.90,0,0.00,1
TX001384,2026-02-09,ST004_Ari,Supermarket,PRD_BAK_002,Whole Wheat Bread,Bakery,8,55.00,0.10,396.00,0,0.00,0
TX001385,2026-04-06,ST003_Silom,Express,PRD_PRD_002,Japanese Salad Mix,Produce,4,59.00,0.10,212.40,0,0.00,0
TX001386,2026-03-10,ST001_Siam,Hypermarket,PRD_DAI_001,Fresh Milk Pasteurized 1L,Dairy,9,48.00,0.10,388.80,0,0.00,0
TX001387,2026-02-20,ST001_Siam,Hypermarket,PRD_BAK_004,Danish Apple,Bakery,9,50.00,0.05,427.50,1,30.00,0
TX001388,2026-02-11,ST002_Sukhumvit,Supermarket,PRD_DAI_001,Fresh Milk Pasteurized 1L,Dairy,7,48.00,0.05,319.20,0,0.00,0
TX001389,2026-05-07,ST002_Sukhumvit,Supermarket,PRD_PRD_002,Japanese Salad Mix,Produce,2,59.00,0.10,106.20,0,0.00,0
TX001390,2026-01-29,ST001_Siam,Hypermarket,PRD_BAK_001,Croissant Butter,Bakery,6,45.00,0.00,270.00,1,27.00,0
TX001391,2026-06-23,ST003_Silom,Express,PRD_PRD_003,Sweet Cherry Tomato,Produce,5,49.00,0.15,208.25,0,0.00,0
TX001392,2026-03-16,ST003_Silom,Express,PRD_DAI_001,Fresh Milk Pasteurized 1L,Dairy,4,48.00,0.00,192.00,1,28.80,0
TX001393,2026-03-05,ST003_Silom,Express,PRD_BAK_002,Whole Wheat Bread,Bakery,5,55.00,0.05,261.25,0,0.00,0
TX001394,2026-06-30,ST001_Siam,Hypermarket,PRD_DAI_002,Greek Yogurt Plain,Dairy,6,35.00,0.00,210.00,0,0.00,0
TX001395,2026-06-11,ST002_Sukhumvit,Supermarket,PRD_BAK_004,Danish Apple,Bakery,5,50.00,0.00,250.00,0,0.00,0
TX001396,2026-04-20,ST001_Siam,Hypermarket,PRD_BEV_001,Cold Pressed Orange Juice,Beverages,7,65.00,0.00,455.00,1,39.00,0
TX001397,2026-06-12,ST002_Sukhumvit,Supermarket,PRD_BAK_004,Danish Apple,Bakery,6,50.00,0.05,285.00,0,0.00,0
TX001398,2026-04-20,ST001_Siam,Hypermarket,PRD_PRD_001,Organic Avocado,Produce,6,69.00,0.00,414.00,0,0.00,0
TX001399,2026-03-23,ST001_Siam,Hypermarket,PRD_BAK_003,Baguette Traditional,Bakery,8,40.00,0.00,320.00,1,24.00,0
TX001400,2026-03-13,ST005_Ladprao,Hypermarket,PRD_BAK_002,Whole Wheat Bread,Bakery,7,55.00,0.10,346.50,0,0.00,0
TX001401,2026-04-04,ST003_Silom,Express,PRD_PRD_001,Organic Avocado,Produce,4,69.00,0.00,276.00,0,0.00,1
TX001402,2026-03-26,ST003_Silom,Express,PRD_PRD_002,Japanese Salad Mix,Produce,5,59.00,0.20,236.00,0,0.00,0
TX001403,2026-04-06,ST002_Sukhumvit,Supermarket,PRD_BEV_002,Organic Green Tea,Beverages,5,40.00,0.05,190.00,0,0.00,0
TX001404,2026-06-04,ST001_Siam,Hypermarket,PRD_BAK_001,Croissant Butter,Bakery,10,45.00,0.15,382.50,0,0.00,0
TX001405,2026-02-18,ST002_Sukhumvit,Supermarket,PRD_DAI_001,Fresh Milk Pasteurized 1L,Dairy,6,48.00,0.00,288.00,0,0.00,0
TX001406,2026-02-21,ST005_Ladprao,Hypermarket,PRD_BAK_003,Baguette Traditional,Bakery,7,40.00,0.00,280.00,1,24.00,1
TX001407,2026-05-24,ST003_Silom,Express,PRD_PRD_002,Japanese Salad Mix,Produce,6,59.00,0.10,318.60,0,0.00,1
TX001408,2026-04-22,ST001_Siam,Hypermarket,PRD_DAI_001,Fresh Milk Pasteurized 1L,Dairy,4,48.00,0.10,172.80,0,0.00,0
TX001409,2026-03-12,ST002_Sukhumvit,Supermarket,PRD_PRD_001,Organic Avocado,Produce,4,69.00,0.00,276.00,0,0.00,0
TX001410,2026-06-27,ST002_Sukhumvit,Supermarket,PRD_PRD_003,Sweet Cherry Tomato,Produce,4,49.00,0.10,176.40,0,0.00,1
TX001411,2026-05-11,ST004_Ari,Supermarket,PRD_DAI_002,Greek Yogurt Plain,Dairy,3,35.00,0.10,94.50,0,0.00,0
TX001412,2026-02-17,ST001_Siam,Hypermarket,PRD_BAK_003,Baguette Traditional,Bakery,9,40.00,0.15,306.00,0,0.00,0
TX001413,2026-04-27,ST005_Ladprao,Hypermarket,PRD_DAI_002,Greek Yogurt Plain,Dairy,10,35.00,0.05,332.50,0,0.00,0
TX001414,2026-03-10,ST005_Ladprao,Hypermarket,PRD_BAK_002,Whole Wheat Bread,Bakery,7,55.00,0.00,385.00,0,0.00,0
TX001415,2026-03-13,ST002_Sukhumvit,Supermarket,PRD_PRD_001,Organic Avocado,Produce,6,69.00,0.00,414.00,0,0.00,0
TX001416,2026-02-23,ST005_Ladprao,Hypermarket,PRD_BAK_002,Whole Wheat Bread,Bakery,5,55.00,0.00,275.00,0,0.00,0
TX001417,2026-06-30,ST005_Ladprao,Hypermarket,PRD_PRD_001,Organic Avocado,Produce,8,69.00,0.20,441.60,0,0.00,0
TX001418,2026-03-17,ST003_Silom,Express,PRD_BAK_001,Croissant Butter,Bakery,6,45.00,0.20,216.00,1,27.00,0
TX001419,2026-02-15,ST003_Silom,Express,PRD_BAK_001,Croissant Butter,Bakery,3,45.00,0.15,114.75,0,0.00,1
TX001420,2026-06-26,ST004_Ari,Supermarket,PRD_BEV_002,Organic Green Tea,Beverages,2,40.00,0.05,76.00,0,0.00,0
TX001421,2026-05-22,ST002_Sukhumvit,Supermarket,PRD_DAI_001,Fresh Milk Pasteurized 1L,Dairy,4,48.00,0.00,192.00,0,0.00,0
TX001422,2026-04-12,ST002_Sukhumvit,Supermarket,PRD_DAI_001,Fresh Milk Pasteurized 1L,Dairy,5,48.00,0.00,240.00,0,0.00,1
TX001423,2026-02-07,ST004_Ari,Supermarket,PRD_BAK_002,Whole Wheat Bread,Bakery,6,55.00,0.10,297.00,0,0.00,1
TX001424,2026-05-06,ST002_Sukhumvit,Supermarket,PRD_BEV_002,Organic Green Tea,Beverages,6,40.00,0.05,228.00,0,0.00,0
TX001425,2026-02-15,ST004_Ari,Supermarket,PRD_BEV_002,Organic Green Tea,Beverages,5,40.00,0.00,200.00,0,0.00,1
TX001426,2026-04-14,ST001_Siam,Hypermarket,PRD_DAI_002,Greek Yogurt Plain,Dairy,7,35.00,0.00,245.00,0,0.00,0
TX001427,2026-06-04,ST001_Siam,Hypermarket,PRD_PRD_003,Sweet Cherry Tomato,Produce,11,49.00,0.10,485.10,0,0.00,0
TX001428,2026-01-12,ST002_Sukhumvit,Supermarket,PRD_BAK_004,Danish Apple,Bakery,5,50.00,0.00,250.00,0,0.00,0
TX001429,2026-06-03,ST001_Siam,Hypermarket,PRD_BAK_001,Croissant Butter,Bakery,4,45.00,0.00,180.00,0,0.00,0
TX001430,2026-02-05,ST004_Ari,Supermarket,PRD_BEV_001,Cold Pressed Orange Juice,Beverages,5,65.00,0.10,292.50,0,0.00,0
TX001431,2026-05-03,ST002_Sukhumvit,Supermarket,PRD_BAK_004,Danish Apple,Bakery,3,50.00,,150.00,0,0.00,1
TX001432,2026-01-12,ST001_Siam,Hypermarket,PRD_DAI_002,Greek Yogurt Plain,Dairy,7,35.00,0.05,232.75,0,0.00,0
TX001433,2026-04-17,ST002_Sukhumvit,Supermarket,PRD_BAK_001,Croissant Butter,Bakery,6,45.00,0.00,270.00,1,27.00,0
TX001434,2026-02-27,ST004_Ari,Supermarket,PRD_BEV_002,Organic Green Tea,Beverages,1,40.00,0.00,40.00,0,0.00,0
TX001435,2026-03-14,ST003_Silom,Express,PRD_BAK_002,Whole Wheat Bread,Bakery,5,55.00,0.15,233.75,1,33.00,1
TX001436,2026-01-12,ST005_Ladprao,Hypermarket,PRD_BAK_003,Baguette Traditional,Bakery,9,40.00,0.00,360.00,0,0.00,0
TX001437,2026-02-16,ST004_Ari,Supermarket,PRD_BAK_003,Baguette Traditional,Bakery,6,40.00,0.20,192.00,0,0.00,0
TX001438,2026-03-11,ST004_Ari,Supermarket,PRD_BEV_002,Organic Green Tea,Beverages,3,40.00,0.05,114.00,0,0.00,0
TX001439,2026-01-20,ST001_Siam,Hypermarket,PRD_BAK_003,Baguette Traditional,Bakery,10,40.00,0.20,320.00,0,0.00,0
TX001440,2026-05-03,ST001_Siam,Hypermarket,PRD_BAK_002,Whole Wheat Bread,Bakery,10,55.00,0.15,467.50,0,0.00,1
TX001441,2026-02-07,ST001_Siam,Hypermarket,PRD_PRD_002,Japanese Salad Mix,Produce,7,59.00,0.00,413.00,0,0.00,1
TX001442,2026-06-27,ST004_Ari,Supermarket,PRD_BEV_001,Cold Pressed Orange Juice,Beverages,6,65.00,0.05,370.50,0,0.00,1
TX001443,2026-03-04,ST004_Ari,Supermarket,PRD_PRD_003,Sweet Cherry Tomato,Produce,4,49.00,0.15,166.60,0,0.00,0
TX001444,2026-04-09,ST001_Siam,Hypermarket,PRD_BEV_001,Cold Pressed Orange Juice,Beverages,8,65.00,0.10,468.00,0,0.00,0
TX001445,2026-02-26,ST001_Siam,Hypermarket,PRD_BAK_004,Danish Apple,Bakery,12,50.00,0.05,570.00,1,30.00,0
TX001446,2026-02-04,ST001_Siam,Hypermarket,PRD_BAK_001,Croissant Butter,Bakery,5,45.00,0.05,213.75,0,0.00,0
TX001447,2026-04-28,ST002_Sukhumvit,Supermarket,PRD_DAI_002,Greek Yogurt Plain,Dairy,8,35.00,0.10,252.00,0,0.00,0
TX001448,2026-01-15,ST002_Sukhumvit,Supermarket,PRD_BAK_002,Whole Wheat Bread,Bakery,6,55.00,0.20,264.00,1,33.00,0
TX001449,2026-04-06,ST001_Siam,Hypermarket,PRD_BAK_002,Whole Wheat Bread,Bakery,8,55.00,0.20,352.00,0,0.00,0
TX001450,2026-02-07,ST003_Silom,Express,PRD_BAK_003,Baguette Traditional,Bakery,3,40.00,0.00,120.00,3,72.00,1
TX001451,2026-02-16,ST004_Ari,Supermarket,PRD_BAK_003,Baguette Traditional,Bakery,7,40.00,0.20,224.00,0,0.00,0
TX001452,2026-05-01,ST004_Ari,Supermarket,PRD_PRD_002,Japanese Salad Mix,Produce,6,59.00,0.10,318.60,0,0.00,0
TX001453,2026-06-14,ST001_Siam,Hypermarket,PRD_BEV_001,Cold Pressed Orange Juice,Beverages,4,65.00,,260.00,0,0.00,1
TX001454,2026-04-19,ST004_Ari,Supermarket,PRD_DAI_002,Greek Yogurt Plain,Dairy,7,35.00,0.05,232.75,0,0.00,1
TX001455,2026-02-10,ST003_Silom,Express,PRD_BAK_002,Whole Wheat Bread,Bakery,4,55.00,0.15,187.00,0,0.00,0
TX001456,2026-02-24,ST004_Ari,Supermarket,PRD_BEV_001,Cold Pressed Orange Juice,Beverages,5,65.00,0.00,325.00,0,0.00,0
TX001457,2026-01-20,ST004_Ari,Supermarket,PRD_DAI_001,Fresh Milk Pasteurized 1L,Dairy,6,48.00,0.05,273.60,0,0.00,0
TX001458,2026-04-08,ST002_Sukhumvit,Supermarket,PRD_BAK_001,Croissant Butter,Bakery,4,45.00,0.05,171.00,0,0.00,0
TX001459,2026-06-04,ST003_Silom,Express,PRD_BAK_001,Croissant Butter,Bakery,3,45.00,0.00,135.00,1,27.00,0
TX001460,2026-03-21,ST002_Sukhumvit,Supermarket,PRD_DAI_002,Greek Yogurt Plain,Dairy,4,35.00,,140.00,0,0.00,1
TX001461,2026-03-10,ST001_Siam,Hypermarket,PRD_BEV_001,Cold Pressed Orange Juice,Beverages,4,65.00,0.00,260.00,1,39.00,0
TX001462,2026-03-21,ST001_Siam,Hypermarket,PRD_PRD_002,Japanese Salad Mix,Produce,9,59.00,0.05,504.45,0,0.00,1
TX001463,2026-04-02,ST002_Sukhumvit,Supermarket,PRD_BEV_002,Organic Green Tea,Beverages,4,40.00,0.00,160.00,0,0.00,0
TX001464,2026-05-09,ST001_Siam,Hypermarket,PRD_DAI_002,Greek Yogurt Plain,Dairy,9,35.00,0.00,315.00,0,0.00,1
TX001465,2026-01-10,ST003_Silom,Express,PRD_BAK_003,Baguette Traditional,Bakery,4,40.00,0.00,160.00,0,0.00,1
TX001466,2026-06-10,ST001_Siam,Hypermarket,PRD_BAK_004,Danish Apple,Bakery,7,50.00,0.00,350.00,0,0.00,0
TX001467,2026-05-09,ST005_Ladprao,Hypermarket,PRD_BEV_001,Cold Pressed Orange Juice,Beverages,5,65.00,0.05,308.75,0,0.00,1
TX001468,2026-03-16,ST003_Silom,Express,PRD_BEV_001,Cold Pressed Orange Juice,Beverages,7,65.00,0.10,409.50,0,0.00,0
TX001469,2026-06-06,ST005_Ladprao,Hypermarket,PRD_BAK_002,Whole Wheat Bread,Bakery,7,55.00,0.00,385.00,0,0.00,1
TX001470,2026-01-25,ST001_Siam,Hypermarket,PRD_BAK_003,Baguette Traditional,Bakery,3,40.00,0.05,114.00,0,0.00,1
TX001471,2026-01-25,ST004_Ari,Supermarket,PRD_PRD_002,Japanese Salad Mix,Produce,3,59.00,0.00,177.00,0,0.00,1
TX001472,2026-03-13,ST005_Ladprao,Hypermarket,PRD_PRD_002,Japanese Salad Mix,Produce,8,59.00,0.05,448.40,0,0.00,0
TX001473,2026-05-02,ST003_Silom,Express,PRD_DAI_001,Fresh Milk Pasteurized 1L,Dairy,4,48.00,0.00,192.00,0,0.00,1
TX001474,2026-05-05,ST001_Siam,Hypermarket,PRD_PRD_002,Japanese Salad Mix,Produce,5,59.00,0.05,280.25,0,0.00,0
TX001475,2026-04-04,ST005_Ladprao,Hypermarket,PRD_BEV_001,Cold Pressed Orange Juice,Beverages,9,65.00,0.05,555.75,0,0.00,1
TX001476,2026-05-10,ST004_Ari,Supermarket,PRD_PRD_001,Organic Avocado,Produce,11,69.00,0.20,607.20,0,0.00,1
TX001477,2026-06-29,ST005_Ladprao,Hypermarket,PRD_BAK_001,Croissant Butter,Bakery,8,45.00,0.00,360.00,0,0.00,0
TX001478,2026-02-10,ST005_Ladprao,Hypermarket,PRD_PRD_003,Sweet Cherry Tomato,Produce,7,49.00,0.00,343.00,0,0.00,0
TX001479,2026-04-30,ST005_Ladprao,Hypermarket,PRD_DAI_001,Fresh Milk Pasteurized 1L,Dairy,10,48.00,0.00,480.00,1,28.80,0
TX001480,2026-04-21,ST002_Sukhumvit,Supermarket,PRD_PRD_003,Sweet Cherry Tomato,Produce,1,49.00,0.05,46.55,0,0.00,0
TX001481,2026-06-04,ST004_Ari,Supermarket,PRD_BAK_004,Danish Apple,Bakery,7,50.00,0.20,280.00,0,0.00,0
TX001482,2026-05-01,ST002_Sukhumvit,Supermarket,PRD_BEV_002,Organic Green Tea,Beverages,4,40.00,,160.00,0,0.00,0
TX001483,2026-06-03,ST004_Ari,Supermarket,PRD_BAK_001,Croissant Butter,Bakery,6,45.00,0.05,256.50,0,0.00,0
TX001484,2026-01-06,ST004_Ari,Supermarket,PRD_PRD_001,Organic Avocado,Produce,1,69.00,0.05,65.55,0,0.00,0
TX001485,2026-01-18,ST003_Silom,Express,PRD_PRD_003,Sweet Cherry Tomato,Produce,3,49.00,0.00,147.00,0,0.00,1
TX001486,2026-06-21,ST003_Silom,Express,PRD_BAK_003,Baguette Traditional,Bakery,6,40.00,0.00,240.00,2,48.00,1
TX001487,2026-02-12,ST002_Sukhumvit,Supermarket,PRD_PRD_002,Japanese Salad Mix,Produce,5,59.00,0.10,265.50,0,0.00,0
TX001488,2026-02-11,ST004_Ari,Supermarket,PRD_PRD_002,Japanese Salad Mix,Produce,4,59.00,0.20,188.80,0,0.00,0
TX001489,2026-02-20,ST001_Siam,Hypermarket,PRD_BEV_002,Organic Green Tea,Beverages,5,40.00,0.00,200.00,0,0.00,0
TX001490,2026-03-23,ST001_Siam,Hypermarket,PRD_BAK_003,Baguette Traditional,Bakery,10,40.00,0.10,360.00,0,0.00,0
TX001491,2026-06-22,ST004_Ari,Supermarket,PRD_PRD_001,Organic Avocado,Produce,5,69.00,0.15,293.25,0,0.00,0
TX001492,2026-02-02,ST004_Ari,Supermarket,PRD_BEV_002,Organic Green Tea,Beverages,7,40.00,0.00,280.00,0,0.00,0
TX001493,2026-02-12,ST005_Ladprao,Hypermarket,PRD_PRD_003,Sweet Cherry Tomato,Produce,7,49.00,0.00,343.00,0,0.00,0
TX001494,2026-06-23,ST005_Ladprao,Hypermarket,PRD_BAK_001,Croissant Butter,Bakery,7,45.00,0.05,299.25,0,0.00,0
TX001495,2026-02-01,ST004_Ari,Supermarket,PRD_BEV_002,Organic Green Tea,Beverages,5,40.00,0.10,180.00,0,0.00,1
TX001496,2026-05-19,ST004_Ari,Supermarket,PRD_DAI_002,Greek Yogurt Plain,Dairy,6,35.00,0.05,199.50,0,0.00,0
TX001497,2026-06-02,ST002_Sukhumvit,Supermarket,PRD_DAI_002,Greek Yogurt Plain,Dairy,6,35.00,0.10,189.00,0,0.00,0
TX001498,2026-06-26,ST004_Ari,Supermarket,PRD_BEV_002,Organic Green Tea,Beverages,4,40.00,0.05,152.00,0,0.00,0
TX001499,2026-01-23,ST001_Siam,Hypermarket,PRD_BAK_002,Whole Wheat Bread,Bakery,6,55.00,0.20,264.00,1,33.00,0
TX001500,2026-06-09,ST005_Ladprao,Hypermarket,PRD_BAK_002,Whole Wheat Bread,Bakery,9,55.00,0.20,396.00,0,0.00,0
TX001501,2026-01-09,ST003_Silom,Express,PRD_PRD_003,Sweet Cherry Tomato,Produce,4,49.00,0.00,196.00,0,0.00,0
TX001502,2026-05-01,ST001_Siam,Hypermarket,PRD_PRD_002,Japanese Salad Mix,Produce,10,59.00,0.10,531.00,0,0.00,0
TX001503,2026-06-30,ST004_Ari,Supermarket,PRD_BAK_001,Croissant Butter,Bakery,5,45.00,0.05,213.75,0,0.00,0
TX001504,2026-03-20,ST004_Ari,Supermarket,PRD_BEV_002,Organic Green Tea,Beverages,3,40.00,,120.00,1,24.00,0
TX001505,2026-04-06,ST005_Ladprao,Hypermarket,PRD_BEV_001,Cold Pressed Orange Juice,Beverages,7,65.00,0.05,432.25,0,0.00,0
TX001506,2026-04-21,ST002_Sukhumvit,Supermarket,PRD_DAI_002,Greek Yogurt Plain,Dairy,6,35.00,0.10,189.00,0,0.00,0
TX001507,2026-05-28,ST004_Ari,Supermarket,PRD_BAK_003,Baguette Traditional,Bakery,9,40.00,0.20,288.00,0,0.00,0
TX001508,2026-04-14,ST003_Silom,Express,PRD_DAI_002,Greek Yogurt Plain,Dairy,3,35.00,0.00,105.00,0,0.00,0
TX001509,2026-06-11,ST005_Ladprao,Hypermarket,PRD_PRD_003,Sweet Cherry Tomato,Produce,10,49.00,0.20,392.00,0,0.00,0
TX001510,2026-02-10,ST003_Silom,Express,PRD_BAK_004,Danish Apple,Bakery,5,50.00,0.00,250.00,0,0.00,0
TX001511,2026-01-08,ST005_Ladprao,Hypermarket,PRD_DAI_002,Greek Yogurt Plain,Dairy,7,35.00,,245.00,0,0.00,0
TX001512,2026-02-03,ST004_Ari,Supermarket,PRD_BEV_002,Organic Green Tea,Beverages,6,40.00,0.05,228.00,0,0.00,0
TX001513,2026-03-04,ST004_Ari,Supermarket,PRD_PRD_001,Organic Avocado,Produce,9,69.00,0.20,496.80,0,0.00,0
TX001514,2026-02-06,ST001_Siam,Hypermarket,PRD_BEV_002,Organic Green Tea,Beverages,9,40.00,0.00,360.00,2,48.00,0
TX001515,2026-03-09,ST002_Sukhumvit,Supermarket,PRD_BAK_002,Whole Wheat Bread,Bakery,3,55.00,0.00,165.00,0,0.00,0
TX001516,2026-05-06,ST001_Siam,Hypermarket,PRD_PRD_003,Sweet Cherry Tomato,Produce,7,49.00,0.00,343.00,0,0.00,0
TX001517,2026-02-23,ST004_Ari,Supermarket,PRD_PRD_003,Sweet Cherry Tomato,Produce,4,49.00,0.05,186.20,0,0.00,0
TX001518,2026-02-15,ST005_Ladprao,Hypermarket,PRD_BEV_002,Organic Green Tea,Beverages,5,40.00,0.00,200.00,1,24.00,1
TX001519,2026-06-03,ST005_Ladprao,Hypermarket,PRD_BAK_001,Croissant Butter,Bakery,8,45.00,0.00,360.00,0,0.00,0
TX001520,2026-02-01,ST002_Sukhumvit,Supermarket,PRD_BEV_001,Cold Pressed Orange Juice,Beverages,3,65.00,0.00,195.00,0,0.00,1
TX001521,2026-04-04,ST001_Siam,Hypermarket,PRD_BAK_004,Danish Apple,Bakery,6,50.00,0.00,300.00,0,0.00,1
TX001522,2026-06-27,ST002_Sukhumvit,Supermarket,PRD_PRD_001,Organic Avocado,Produce,1,69.00,0.05,65.55,0,0.00,1
TX001523,2026-03-17,ST004_Ari,Supermarket,PRD_DAI_001,Fresh Milk Pasteurized 1L,Dairy,6,48.00,0.10,259.20,0,0.00,0
TX001524,2026-02-19,ST003_Silom,Express,PRD_BAK_003,Baguette Traditional,Bakery,2,40.00,0.00,80.00,1,24.00,0
TX001525,2026-05-30,ST005_Ladprao,Hypermarket,PRD_PRD_001,Organic Avocado,Produce,8,69.00,0.00,552.00,0,0.00,1
TX001526,2026-04-19,ST005_Ladprao,Hypermarket,PRD_PRD_001,Organic Avocado,Produce,3,69.00,0.05,196.65,0,0.00,1
TX001527,2026-04-20,ST002_Sukhumvit,Supermarket,PRD_BEV_001,Cold Pressed Orange Juice,Beverages,3,65.00,0.05,185.25,0,0.00,0
TX001528,2026-01-09,ST005_Ladprao,Hypermarket,PRD_PRD_001,Organic Avocado,Produce,10,69.00,0.15,586.50,0,0.00,0
TX001529,2026-06-15,ST005_Ladprao,Hypermarket,PRD_PRD_002,Japanese Salad Mix,Produce,9,59.00,0.10,477.90,0,0.00,0
TX001530,2026-04-02,ST002_Sukhumvit,Supermarket,PRD_BAK_002,Whole Wheat Bread,Bakery,5,55.00,0.00,275.00,0,0.00,0
TX001531,2026-03-22,ST001_Siam,Hypermarket,PRD_BAK_001,Croissant Butter,Bakery,6,45.00,0.05,256.50,0,0.00,1
TX001532,2026-03-24,ST002_Sukhumvit,Supermarket,PRD_DAI_002,Greek Yogurt Plain,Dairy,2,35.00,0.00,70.00,0,0.00,0
TX001533,2026-05-15,ST002_Sukhumvit,Supermarket,PRD_BAK_002,Whole Wheat Bread,Bakery,6,55.00,0.15,280.50,0,0.00,0
TX001534,2026-01-20,ST005_Ladprao,Hypermarket,PRD_BEV_002,Organic Green Tea,Beverages,10,40.00,0.10,360.00,0,0.00,0
TX001535,2026-03-23,ST002_Sukhumvit,Supermarket,PRD_BAK_004,Danish Apple,Bakery,5,50.00,0.00,250.00,0,0.00,0
TX001536,2026-02-01,ST004_Ari,Supermarket,PRD_BAK_003,Baguette Traditional,Bakery,4,40.00,0.15,136.00,0,0.00,1
TX001537,2026-05-28,ST001_Siam,Hypermarket,PRD_PRD_001,Organic Avocado,Produce,5,69.00,0.00,345.00,0,0.00,0
TX001538,2026-03-14,ST002_Sukhumvit,Supermarket,PRD_PRD_003,Sweet Cherry Tomato,Produce,2,49.00,0.00,98.00,0,0.00,1
TX001539,2026-01-11,ST003_Silom,Express,PRD_BEV_002,Organic Green Tea,Beverages,4,40.00,0.00,160.00,0,0.00,1
TX001540,2026-03-12,ST003_Silom,Express,PRD_PRD_002,Japanese Salad Mix,Produce,5,59.00,0.10,265.50,2,70.80,0
TX001541,2026-03-18,ST004_Ari,Supermarket,PRD_DAI_001,Fresh Milk Pasteurized 1L,Dairy,3,48.00,0.00,144.00,0,0.00,0
TX001542,2026-01-27,ST001_Siam,Hypermarket,PRD_BAK_004,Danish Apple,Bakery,7,50.00,0.00,350.00,0,0.00,0
TX001543,2026-04-22,ST002_Sukhumvit,Supermarket,PRD_BAK_003,Baguette Traditional,Bakery,4,40.00,0.00,160.00,1,24.00,0
TX001544,2026-01-02,ST001_Siam,Hypermarket,PRD_PRD_001,Organic Avocado,Produce,6,69.00,0.00,414.00,1,41.40,0
TX001545,2026-06-06,ST004_Ari,Supermarket,PRD_PRD_001,Organic Avocado,Produce,6,69.00,0.20,331.20,0,0.00,1
TX001546,2026-04-28,ST001_Siam,Hypermarket,PRD_BAK_003,Baguette Traditional,Bakery,9,40.00,0.05,342.00,0,0.00,0
TX001547,2026-04-16,ST004_Ari,Supermarket,PRD_BEV_002,Organic Green Tea,Beverages,2,40.00,0.00,80.00,0,0.00,0
TX001548,2026-05-03,ST004_Ari,Supermarket,PRD_PRD_001,Organic Avocado,Produce,5,69.00,0.05,327.75,0,0.00,1
TX001549,2026-01-22,ST003_Silom,Express,PRD_DAI_002,Greek Yogurt Plain,Dairy,2,35.00,0.00,70.00,0,0.00,0
TX001550,2026-02-22,ST001_Siam,Hypermarket,PRD_BAK_002,Whole Wheat Bread,Bakery,8,55.00,0.10,396.00,0,0.00,1
TX001551,2026-02-18,ST004_Ari,Supermarket,PRD_BAK_002,Whole Wheat Bread,Bakery,5,55.00,0.05,261.25,0,0.00,0
TX001552,2026-05-16,ST005_Ladprao,Hypermarket,PRD_PRD_002,Japanese Salad Mix,Produce,7,59.00,0.05,392.35,0,0.00,1
TX001553,2026-02-03,ST002_Sukhumvit,Supermarket,PRD_PRD_002,Japanese Salad Mix,Produce,3,59.00,0.10,159.30,0,0.00,0
TX001554,2026-05-12,ST002_Sukhumvit,Supermarket,PRD_PRD_003,Sweet Cherry Tomato,Produce,6,49.00,0.00,294.00,0,0.00,0
TX001555,2026-05-28,ST001_Siam,Hypermarket,PRD_BAK_003,Baguette Traditional,Bakery,9,40.00,0.10,324.00,0,0.00,0
TX001556,2026-03-03,ST001_Siam,Hypermarket,PRD_DAI_001,Fresh Milk Pasteurized 1L,Dairy,6,48.00,0.00,288.00,0,0.00,0
TX001557,2026-01-31,ST005_Ladprao,Hypermarket,PRD_BAK_002,Whole Wheat Bread,Bakery,9,55.00,0.05,470.25,0,0.00,1
TX001558,2026-05-09,ST004_Ari,Supermarket,PRD_DAI_002,Greek Yogurt Plain,Dairy,6,35.00,0.05,199.50,0,0.00,1
TX001559,2026-04-19,ST002_Sukhumvit,Supermarket,PRD_PRD_001,Organic Avocado,Produce,5,69.00,0.00,345.00,0,0.00,1
TX001560,2026-05-16,ST005_Ladprao,Hypermarket,PRD_DAI_001,Fresh Milk Pasteurized 1L,Dairy,8,48.00,0.10,345.60,0,0.00,1
TX001561,2026-01-30,ST001_Siam,Hypermarket,PRD_BAK_001,Croissant Butter,Bakery,9,45.00,0.15,344.25,0,0.00,0
TX001562,2026-01-26,ST003_Silom,Express,PRD_BAK_004,Danish Apple,Bakery,4,50.00,0.15,170.00,0,0.00,0
TX001563,2026-06-27,ST003_Silom,Express,PRD_DAI_001,Fresh Milk Pasteurized 1L,Dairy,2,48.00,0.00,96.00,2,57.60,1
TX001564,2026-03-15,ST001_Siam,Hypermarket,PRD_BAK_002,Whole Wheat Bread,Bakery,9,55.00,0.00,495.00,0,0.00,1
TX001565,2026-05-03,ST003_Silom,Express,PRD_BAK_004,Danish Apple,Bakery,3,50.00,0.00,150.00,2,60.00,1
TX001566,2026-02-06,ST001_Siam,Hypermarket,PRD_BEV_002,Organic Green Tea,Beverages,8,40.00,0.10,288.00,0,0.00,0
TX001567,2026-02-13,ST001_Siam,Hypermarket,PRD_BEV_001,Cold Pressed Orange Juice,Beverages,7,65.00,0.05,432.25,0,0.00,0
TX001568,2026-05-06,ST002_Sukhumvit,Supermarket,PRD_DAI_001,Fresh Milk Pasteurized 1L,Dairy,5,48.00,0.00,240.00,0,0.00,0
TX001569,2026-02-28,ST005_Ladprao,Hypermarket,PRD_DAI_002,Greek Yogurt Plain,Dairy,7,35.00,0.00,245.00,0,0.00,1
TX001570,2026-01-26,ST003_Silom,Express,PRD_PRD_002,Japanese Salad Mix,Produce,3,59.00,0.10,159.30,0,0.00,0
TX001571,2026-03-06,ST003_Silom,Express,PRD_DAI_001,Fresh Milk Pasteurized 1L,Dairy,4,48.00,0.00,192.00,0,0.00,0
TX001572,2026-03-27,ST005_Ladprao,Hypermarket,PRD_BEV_002,Organic Green Tea,Beverages,10,40.00,,360.00,0,0.00,0
TX001573,2026-04-16,ST002_Sukhumvit,Supermarket,PRD_BEV_002,Organic Green Tea,Beverages,6,40.00,,240.00,0,0.00,0
TX001574,2026-05-28,ST004_Ari,Supermarket,PRD_PRD_002,Japanese Salad Mix,Produce,4,59.00,0.00,236.00,0,0.00,0
TX001575,2026-03-12,ST005_Ladprao,Hypermarket,PRD_DAI_001,Fresh Milk Pasteurized 1L,Dairy,5,48.00,0.00,240.00,0,0.00,0
TX001576,2026-03-26,ST004_Ari,Supermarket,PRD_BEV_001,Cold Pressed Orange Juice,Beverages,7,65.00,0.10,409.50,0,0.00,0
TX001577,2026-06-29,ST003_Silom,Express,PRD_BEV_001,Cold Pressed Orange Juice,Beverages,3,65.00,0.00,195.00,0,0.00,0
TX001578,2026-03-30,ST003_Silom,Express,PRD_BAK_002,Whole Wheat Bread,Bakery,1,55.00,0.00,55.00,0,0.00,0
TX001579,2026-03-16,ST005_Ladprao,Hypermarket,PRD_DAI_002,Greek Yogurt Plain,Dairy,7,35.00,0.00,245.00,0,0.00,0
TX001580,2026-03-17,ST001_Siam,Hypermarket,PRD_DAI_001,Fresh Milk Pasteurized 1L,Dairy,7,48.00,0.00,336.00,2,57.60,0
TX001581,2026-01-02,ST004_Ari,Supermarket,PRD_PRD_002,Japanese Salad Mix,Produce,7,59.00,0.20,330.40,0,0.00,0
TX001582,2026-05-09,ST005_Ladprao,Hypermarket,PRD_BAK_003,Baguette Traditional,Bakery,6,40.00,0.00,240.00,0,0.00,1
TX001583,2026-02-20,ST004_Ari,Supermarket,PRD_BEV_001,Cold Pressed Orange Juice,Beverages,4,65.00,0.00,260.00,0,0.00,0
TX001584,2026-06-23,ST004_Ari,Supermarket,PRD_PRD_003,Sweet Cherry Tomato,Produce,6,49.00,0.10,264.60,0,0.00,0
TX001585,2026-03-08,ST003_Silom,Express,PRD_BEV_001,Cold Pressed Orange Juice,Beverages,5,65.00,0.05,308.75,0,0.00,1
TX001586,2026-02-05,ST002_Sukhumvit,Supermarket,PRD_PRD_001,Organic Avocado,Produce,6,69.00,0.00,414.00,0,0.00,0
TX001587,2026-03-20,ST001_Siam,Hypermarket,PRD_PRD_001,Organic Avocado,Produce,10,69.00,0.15,586.50,0,0.00,0
TX001588,2026-04-22,ST001_Siam,Hypermarket,PRD_BAK_003,Baguette Traditional,Bakery,8,40.00,0.15,272.00,0,0.00,0
TX001589,2026-06-25,ST003_Silom,Express,PRD_DAI_001,Fresh Milk Pasteurized 1L,Dairy,2,48.00,,91.20,0,0.00,0
TX001590,2026-05-24,ST001_Siam,Hypermarket,PRD_PRD_003,Sweet Cherry Tomato,Produce,7,49.00,0.00,343.00,0,0.00,1
TX001591,2026-03-19,ST002_Sukhumvit,Supermarket,PRD_BEV_001,Cold Pressed Orange Juice,Beverages,6,65.00,0.05,370.50,0,0.00,0
TX001592,2026-04-11,ST002_Sukhumvit,Supermarket,PRD_PRD_003,Sweet Cherry Tomato,Produce,8,49.00,0.20,313.60,1,29.40,1
TX001593,2026-01-14,ST001_Siam,Hypermarket,PRD_BAK_001,Croissant Butter,Bakery,4,45.00,0.05,171.00,0,0.00,0
TX001594,2026-03-27,ST005_Ladprao,Hypermarket,PRD_BAK_002,Whole Wheat Bread,Bakery,5,55.00,0.05,261.25,0,0.00,0
TX001595,2026-05-30,ST005_Ladprao,Hypermarket,PRD_BAK_001,Croissant Butter,Bakery,9,45.00,0.20,324.00,0,0.00,1
TX001596,2026-05-07,ST002_Sukhumvit,Supermarket,PRD_BAK_004,Danish Apple,Bakery,6,50.00,0.20,240.00,0,0.00,0
TX001597,2026-01-02,ST004_Ari,Supermarket,PRD_BEV_001,Cold Pressed Orange Juice,Beverages,4,65.00,0.00,260.00,2,78.00,0
TX001598,2026-01-25,ST002_Sukhumvit,Supermarket,PRD_BAK_004,Danish Apple,Bakery,5,50.00,0.00,250.00,0,0.00,1
TX001599,2026-04-24,ST004_Ari,Supermarket,PRD_BAK_001,Croissant Butter,Bakery,4,45.00,0.00,180.00,1,27.00,0
TX001600,2026-05-20,ST003_Silom,Express,PRD_BEV_001,Cold Pressed Orange Juice,Beverages,6,65.00,0.10,351.00,0,0.00,0
TX001601,2026-02-17,ST002_Sukhumvit,Supermarket,PRD_BEV_002,Organic Green Tea,Beverages,3,40.00,0.00,120.00,0,0.00,0
TX001602,2026-05-20,ST002_Sukhumvit,Supermarket,PRD_DAI_001,Fresh Milk Pasteurized 1L,Dairy,5,48.00,0.10,216.00,0,0.00,0
TX001603,2026-06-20,ST003_Silom,Express,PRD_PRD_003,Sweet Cherry Tomato,Produce,7,49.00,0.10,308.70,0,0.00,1
TX001604,2026-04-17,ST004_Ari,Supermarket,PRD_BAK_003,Baguette Traditional,Bakery,4,40.00,0.00,160.00,0,0.00,0
TX001605,2026-01-09,ST005_Ladprao,Hypermarket,PRD_DAI_001,Fresh Milk Pasteurized 1L,Dairy,7,48.00,0.00,336.00,0,0.00,0
TX001606,2026-02-05,ST004_Ari,Supermarket,PRD_DAI_001,Fresh Milk Pasteurized 1L,Dairy,6,48.00,0.05,273.60,0,0.00,0
TX001607,2026-02-23,ST003_Silom,Express,PRD_DAI_002,Greek Yogurt Plain,Dairy,4,35.00,0.10,126.00,0,0.00,0
TX001608,2026-02-08,ST003_Silom,Express,PRD_BEV_002,Organic Green Tea,Beverages,1,40.00,0.05,38.00,2,48.00,1
TX001609,2026-06-18,ST003_Silom,Express,PRD_PRD_003,Sweet Cherry Tomato,Produce,5,49.00,0.00,245.00,0,0.00,0
TX001610,2026-06-18,ST002_Sukhumvit,Supermarket,PRD_BEV_001,Cold Pressed Orange Juice,Beverages,4,65.00,0.05,247.00,0,0.00,0
TX001611,2026-05-29,ST003_Silom,Express,PRD_BEV_001,Cold Pressed Orange Juice,Beverages,5,65.00,0.10,292.50,0,0.00,0
TX001612,2026-06-20,ST001_Siam,Hypermarket,PRD_DAI_001,Fresh Milk Pasteurized 1L,Dairy,8,48.00,0.10,345.60,0,0.00,1
TX001613,2026-03-02,ST001_Siam,Hypermarket,PRD_BAK_003,Baguette Traditional,Bakery,12,40.00,0.20,384.00,0,0.00,0
TX001614,2026-06-06,ST003_Silom,Express,PRD_BAK_002,Whole Wheat Bread,Bakery,2,55.00,0.00,110.00,0,0.00,1
TX001615,2026-04-06,ST005_Ladprao,Hypermarket,PRD_BEV_002,Organic Green Tea,Beverages,8,40.00,0.00,320.00,0,0.00,0
TX001616,2026-06-13,ST005_Ladprao,Hypermarket,PRD_DAI_002,Greek Yogurt Plain,Dairy,6,35.00,0.00,210.00,0,0.00,1
TX001617,2026-06-23,ST003_Silom,Express,PRD_BAK_004,Danish Apple,Bakery,3,50.00,0.00,150.00,0,0.00,0
TX001618,2026-01-23,ST005_Ladprao,Hypermarket,PRD_BAK_001,Croissant Butter,Bakery,8,45.00,0.20,288.00,0,0.00,0
TX001619,2026-01-09,ST002_Sukhumvit,Supermarket,PRD_BAK_001,Croissant Butter,Bakery,5,45.00,0.05,213.75,0,0.00,0
TX001620,2026-06-24,ST005_Ladprao,Hypermarket,PRD_DAI_001,Fresh Milk Pasteurized 1L,Dairy,4,48.00,0.00,192.00,0,0.00,0
TX001621,2026-05-02,ST005_Ladprao,Hypermarket,PRD_PRD_002,Japanese Salad Mix,Produce,6,59.00,0.05,336.30,0,0.00,1
TX001622,2026-04-20,ST004_Ari,Supermarket,PRD_BAK_002,Whole Wheat Bread,Bakery,5,55.00,0.15,233.75,1,33.00,0
TX001623,2026-03-01,ST001_Siam,Hypermarket,PRD_BEV_001,Cold Pressed Orange Juice,Beverages,6,65.00,0.05,370.50,0,0.00,1
TX001624,2026-03-16,ST003_Silom,Express,PRD_PRD_003,Sweet Cherry Tomato,Produce,3,49.00,0.20,117.60,3,88.20,0
TX001625,2026-05-17,ST005_Ladprao,Hypermarket,PRD_BAK_004,Danish Apple,Bakery,11,50.00,0.15,467.50,0,0.00,1
TX001626,2026-06-28,ST001_Siam,Hypermarket,PRD_BEV_001,Cold Pressed Orange Juice,Beverages,7,65.00,0.10,409.50,0,0.00,1
TX001627,2026-06-17,ST001_Siam,Hypermarket,PRD_BAK_001,Croissant Butter,Bakery,6,45.00,0.05,256.50,0,0.00,0
TX001628,2026-02-22,ST005_Ladprao,Hypermarket,PRD_PRD_002,Japanese Salad Mix,Produce,10,59.00,0.20,472.00,0,0.00,1
TX001629,2026-05-07,ST001_Siam,Hypermarket,PRD_BEV_001,Cold Pressed Orange Juice,Beverages,6,65.00,0.00,390.00,0,0.00,0
TX001630,2026-01-21,ST005_Ladprao,Hypermarket,PRD_DAI_001,Fresh Milk Pasteurized 1L,Dairy,7,48.00,0.00,336.00,0,0.00,0
TX001631,2026-01-10,ST004_Ari,Supermarket,PRD_DAI_002,Greek Yogurt Plain,Dairy,4,35.00,0.00,140.00,0,0.00,1
TX001632,2026-02-28,ST001_Siam,Hypermarket,PRD_BAK_001,Croissant Butter,Bakery,5,45.00,0.00,225.00,0,0.00,1
TX001633,2026-05-17,ST005_Ladprao,Hypermarket,PRD_PRD_003,Sweet Cherry Tomato,Produce,9,49.00,0.20,352.80,0,0.00,1
TX001634,2026-04-07,ST002_Sukhumvit,Supermarket,PRD_PRD_003,Sweet Cherry Tomato,Produce,6,49.00,0.20,235.20,0,0.00,0
TX001635,2026-04-23,ST001_Siam,Hypermarket,PRD_BEV_001,Cold Pressed Orange Juice,Beverages,6,65.00,0.05,370.50,0,0.00,0
TX001636,2026-01-24,ST005_Ladprao,Hypermarket,PRD_BAK_001,Croissant Butter,Bakery,8,45.00,0.00,360.00,0,0.00,1
TX001637,2026-05-18,ST005_Ladprao,Hypermarket,PRD_BAK_001,Croissant Butter,Bakery,7,45.00,0.00,315.00,1,27.00,0
TX001638,2026-04-23,ST002_Sukhumvit,Supermarket,PRD_PRD_001,Organic Avocado,Produce,4,69.00,0.00,276.00,0,0.00,0
TX001639,2026-02-03,ST005_Ladprao,Hypermarket,PRD_PRD_003,Sweet Cherry Tomato,Produce,10,49.00,0.10,441.00,0,0.00,0
TX001640,2026-01-20,ST003_Silom,Express,PRD_DAI_002,Greek Yogurt Plain,Dairy,1,35.00,0.00,35.00,0,0.00,0
TX001641,2026-02-26,ST004_Ari,Supermarket,PRD_PRD_001,Organic Avocado,Produce,5,69.00,0.05,327.75,0,0.00,0
TX001642,2026-06-17,ST002_Sukhumvit,Supermarket,PRD_DAI_002,Greek Yogurt Plain,Dairy,4,35.00,0.05,133.00,0,0.00,0
TX001643,2026-04-16,ST005_Ladprao,Hypermarket,PRD_DAI_001,Fresh Milk Pasteurized 1L,Dairy,9,48.00,0.05,410.40,0,0.00,0
TX001644,2026-05-14,ST002_Sukhumvit,Supermarket,PRD_PRD_001,Organic Avocado,Produce,6,69.00,0.20,331.20,0,0.00,0
TX001645,2026-01-10,ST002_Sukhumvit,Supermarket,PRD_DAI_001,Fresh Milk Pasteurized 1L,Dairy,5,48.00,,216.00,0,0.00,1
TX001646,2026-01-09,ST003_Silom,Express,PRD_PRD_001,Organic Avocado,Produce,3,69.00,0.15,175.95,3,124.20,0
TX001647,2026-06-06,ST004_Ari,Supermarket,PRD_DAI_001,Fresh Milk Pasteurized 1L,Dairy,6,48.00,0.00,288.00,1,28.80,1
TX001648,2026-02-17,ST004_Ari,Supermarket,PRD_DAI_002,Greek Yogurt Plain,Dairy,4,35.00,0.00,140.00,0,0.00,0
TX001649,2026-06-05,ST003_Silom,Express,PRD_PRD_001,Organic Avocado,Produce,4,69.00,,234.60,0,0.00,0
TX001650,2026-06-09,ST004_Ari,Supermarket,PRD_PRD_003,Sweet Cherry Tomato,Produce,9,49.00,0.20,352.80,0,0.00,0
TX001651,2026-06-23,ST003_Silom,Express,PRD_DAI_002,Greek Yogurt Plain,Dairy,3,35.00,0.10,94.50,0,0.00,0
TX001652,2026-05-13,ST003_Silom,Express,PRD_BAK_003,Baguette Traditional,Bakery,1,40.00,0.10,36.00,0,0.00,0
TX001653,2026-03-13,ST003_Silom,Express,PRD_BAK_002,Whole Wheat Bread,Bakery,5,55.00,0.00,275.00,0,0.00,0
TX001654,2026-05-27,ST004_Ari,Supermarket,PRD_BAK_001,Croissant Butter,Bakery,6,45.00,0.15,229.50,0,0.00,0
TX001655,2026-06-05,ST001_Siam,Hypermarket,PRD_BAK_002,Whole Wheat Bread,Bakery,9,55.00,0.05,470.25,0,0.00,0
TX001656,2026-03-09,ST002_Sukhumvit,Supermarket,PRD_DAI_001,Fresh Milk Pasteurized 1L,Dairy,6,48.00,0.10,259.20,0,0.00,0
TX001657,2026-06-13,ST005_Ladprao,Hypermarket,PRD_BAK_004,Danish Apple,Bakery,8,50.00,0.10,360.00,1,30.00,1
TX001658,2026-03-22,ST001_Siam,Hypermarket,PRD_DAI_001,Fresh Milk Pasteurized 1L,Dairy,6,48.00,0.00,288.00,0,0.00,1
TX001659,2026-03-08,ST004_Ari,Supermarket,PRD_BAK_003,Baguette Traditional,Bakery,4,40.00,0.00,160.00,0,0.00,1
TX001660,2026-01-30,ST001_Siam,Hypermarket,PRD_BAK_003,Baguette Traditional,Bakery,9,40.00,0.20,288.00,0,0.00,0
TX001661,2026-03-23,ST001_Siam,Hypermarket,PRD_DAI_002,Greek Yogurt Plain,Dairy,9,35.00,0.00,315.00,0,0.00,0
TX001662,2026-06-23,ST003_Silom,Express,PRD_DAI_002,Greek Yogurt Plain,Dairy,4,35.00,0.00,140.00,0,0.00,0
TX001663,2026-01-20,ST005_Ladprao,Hypermarket,PRD_DAI_001,Fresh Milk Pasteurized 1L,Dairy,5,48.00,0.00,240.00,0,0.00,0
TX001664,2026-06-24,ST004_Ari,Supermarket,PRD_BAK_002,Whole Wheat Bread,Bakery,7,55.00,0.20,308.00,0,0.00,0
TX001665,2026-01-07,ST003_Silom,Express,PRD_BEV_001,Cold Pressed Orange Juice,Beverages,3,65.00,0.05,185.25,0,0.00,0
TX001666,2026-03-17,ST005_Ladprao,Hypermarket,PRD_BAK_001,Croissant Butter,Bakery,8,45.00,0.00,360.00,0,0.00,0
TX001667,2026-02-08,ST005_Ladprao,Hypermarket,PRD_BAK_001,Croissant Butter,Bakery,4,45.00,0.00,180.00,0,0.00,1
TX001668,2026-05-11,ST005_Ladprao,Hypermarket,PRD_PRD_002,Japanese Salad Mix,Produce,5,59.00,0.00,295.00,0,0.00,0
TX001669,2026-06-18,ST002_Sukhumvit,Supermarket,PRD_PRD_003,Sweet Cherry Tomato,Produce,7,49.00,0.20,274.40,0,0.00,0
TX001670,2026-05-09,ST005_Ladprao,Hypermarket,PRD_BEV_002,Organic Green Tea,Beverages,8,40.00,0.10,288.00,0,0.00,1
TX001671,2026-05-16,ST001_Siam,Hypermarket,PRD_BEV_001,Cold Pressed Orange Juice,Beverages,7,65.00,0.10,409.50,0,0.00,1
TX001672,2026-05-28,ST003_Silom,Express,PRD_BAK_004,Danish Apple,Bakery,2,50.00,0.05,95.00,0,0.00,0
TX001673,2026-04-03,ST002_Sukhumvit,Supermarket,PRD_DAI_001,Fresh Milk Pasteurized 1L,Dairy,5,48.00,0.05,228.00,0,0.00,0
TX001674,2026-04-15,ST003_Silom,Express,PRD_BAK_002,Whole Wheat Bread,Bakery,3,55.00,0.05,156.75,0,0.00,0
TX001675,2026-04-03,ST004_Ari,Supermarket,PRD_BEV_001,Cold Pressed Orange Juice,Beverages,3,65.00,0.00,195.00,0,0.00,0
TX001676,2026-02-02,ST005_Ladprao,Hypermarket,PRD_BAK_004,Danish Apple,Bakery,9,50.00,0.10,405.00,0,0.00,0
TX001677,2026-06-05,ST003_Silom,Express,PRD_PRD_001,Organic Avocado,Produce,4,69.00,0.05,262.20,0,0.00,0
TX001678,2026-05-28,ST004_Ari,Supermarket,PRD_BEV_002,Organic Green Tea,Beverages,5,40.00,0.00,200.00,0,0.00,0
TX001679,2026-01-04,ST002_Sukhumvit,Supermarket,PRD_BAK_002,Whole Wheat Bread,Bakery,5,55.00,0.10,247.50,0,0.00,1
TX001680,2026-02-02,ST001_Siam,Hypermarket,PRD_PRD_003,Sweet Cherry Tomato,Produce,9,49.00,0.00,441.00,0,0.00,0
TX001681,2026-02-03,ST005_Ladprao,Hypermarket,PRD_DAI_002,Greek Yogurt Plain,Dairy,9,35.00,0.10,283.50,0,0.00,0
TX001682,2026-03-17,ST001_Siam,Hypermarket,PRD_PRD_002,Japanese Salad Mix,Produce,6,59.00,0.05,336.30,0,0.00,0
TX001683,2026-01-12,ST001_Siam,Hypermarket,PRD_PRD_002,Japanese Salad Mix,Produce,10,59.00,0.10,531.00,0,0.00,0
TX001684,2026-05-03,ST002_Sukhumvit,Supermarket,PRD_BAK_003,Baguette Traditional,Bakery,5,40.00,0.20,160.00,0,0.00,1
TX001685,2026-05-11,ST001_Siam,Hypermarket,PRD_BAK_003,Baguette Traditional,Bakery,5,40.00,0.00,200.00,0,0.00,0
TX001686,2026-04-23,ST002_Sukhumvit,Supermarket,PRD_DAI_002,Greek Yogurt Plain,Dairy,4,35.00,0.05,133.00,0,0.00,0
TX001687,2026-03-18,ST004_Ari,Supermarket,PRD_PRD_002,Japanese Salad Mix,Produce,1,59.00,0.00,59.00,0,0.00,0
TX001688,2026-04-20,ST003_Silom,Express,PRD_PRD_002,Japanese Salad Mix,Produce,3,59.00,0.10,159.30,0,0.00,0
TX001689,2026-02-06,ST001_Siam,Hypermarket,PRD_BAK_004,Danish Apple,Bakery,6,50.00,0.10,270.00,0,0.00,0
TX001690,2026-03-14,ST002_Sukhumvit,Supermarket,PRD_BAK_002,Whole Wheat Bread,Bakery,5,55.00,0.05,261.25,0,0.00,1
TX001691,2026-02-13,ST003_Silom,Express,PRD_PRD_001,Organic Avocado,Produce,5,69.00,0.15,293.25,0,0.00,0
TX001692,2026-02-22,ST005_Ladprao,Hypermarket,PRD_DAI_002,Greek Yogurt Plain,Dairy,3,35.00,0.00,105.00,2,42.00,1
TX001693,2026-02-19,ST001_Siam,Hypermarket,PRD_DAI_001,Fresh Milk Pasteurized 1L,Dairy,4,48.00,0.00,192.00,0,0.00,0
TX001694,2026-05-27,ST004_Ari,Supermarket,PRD_DAI_001,Fresh Milk Pasteurized 1L,Dairy,5,48.00,0.00,240.00,1,28.80,0
TX001695,2026-01-31,ST004_Ari,Supermarket,PRD_PRD_003,Sweet Cherry Tomato,Produce,5,49.00,0.10,220.50,0,0.00,1
TX001696,2026-01-30,ST003_Silom,Express,PRD_BAK_002,Whole Wheat Bread,Bakery,8,55.00,0.20,352.00,0,0.00,0
TX001697,2026-03-25,ST002_Sukhumvit,Supermarket,PRD_DAI_002,Greek Yogurt Plain,Dairy,5,35.00,0.05,166.25,0,0.00,0
TX001698,2026-06-30,ST003_Silom,Express,PRD_BAK_001,Croissant Butter,Bakery,7,45.00,0.10,283.50,1,27.00,0
TX001699,2026-05-23,ST001_Siam,Hypermarket,PRD_BEV_002,Organic Green Tea,Beverages,5,40.00,0.00,200.00,0,0.00,1
TX001700,2026-02-26,ST002_Sukhumvit,Supermarket,PRD_PRD_001,Organic Avocado,Produce,7,69.00,0.10,434.70,0,0.00,0
TX001701,2026-02-20,ST001_Siam,Hypermarket,PRD_DAI_002,Greek Yogurt Plain,Dairy,9,35.00,0.00,315.00,2,42.00,0
TX001702,2026-02-15,ST001_Siam,Hypermarket,PRD_PRD_003,Sweet Cherry Tomato,Produce,10,49.00,0.20,392.00,0,0.00,1
TX001703,2026-05-30,ST002_Sukhumvit,Supermarket,PRD_BEV_002,Organic Green Tea,Beverages,3,40.00,0.05,114.00,0,0.00,1
TX001704,2026-03-01,ST003_Silom,Express,PRD_BEV_002,Organic Green Tea,Beverages,5,40.00,0.10,180.00,0,0.00,1
TX001705,2026-06-03,ST003_Silom,Express,PRD_DAI_002,Greek Yogurt Plain,Dairy,4,35.00,0.10,126.00,0,0.00,0
TX001706,2026-03-15,ST004_Ari,Supermarket,PRD_DAI_001,Fresh Milk Pasteurized 1L,Dairy,6,48.00,0.05,273.60,0,0.00,1
TX001707,2026-02-15,ST004_Ari,Supermarket,PRD_PRD_002,Japanese Salad Mix,Produce,9,59.00,0.20,424.80,0,0.00,1
TX001708,2026-05-04,ST004_Ari,Supermarket,PRD_BEV_001,Cold Pressed Orange Juice,Beverages,7,65.00,,409.50,0,0.00,0
TX001709,2026-03-10,ST005_Ladprao,Hypermarket,PRD_BAK_004,Danish Apple,Bakery,11,50.00,0.10,495.00,0,0.00,0
TX001710,2026-04-11,ST004_Ari,Supermarket,PRD_PRD_003,Sweet Cherry Tomato,Produce,7,49.00,0.10,308.70,0,0.00,1
TX001711,2026-05-05,ST002_Sukhumvit,Supermarket,PRD_PRD_002,Japanese Salad Mix,Produce,7,59.00,0.20,330.40,0,0.00,0
TX001712,2026-02-12,ST005_Ladprao,Hypermarket,PRD_BAK_004,Danish Apple,Bakery,8,50.00,0.20,320.00,0,0.00,0
TX001713,2026-06-06,ST003_Silom,Express,PRD_BAK_003,Baguette Traditional,Bakery,1,40.00,0.15,34.00,1,24.00,1
TX001714,2026-06-30,ST003_Silom,Express,PRD_PRD_002,Japanese Salad Mix,Produce,5,59.00,0.15,250.75,0,0.00,0
TX001715,2026-02-10,ST005_Ladprao,Hypermarket,PRD_PRD_003,Sweet Cherry Tomato,Produce,10,49.00,0.20,392.00,0,0.00,0
TX001716,2026-04-06,ST003_Silom,Express,PRD_PRD_003,Sweet Cherry Tomato,Produce,2,49.00,0.00,98.00,2,58.80,0
TX001717,2026-05-15,ST001_Siam,Hypermarket,PRD_DAI_002,Greek Yogurt Plain,Dairy,8,35.00,,252.00,0,0.00,0
TX001718,2026-06-11,ST002_Sukhumvit,Supermarket,PRD_BAK_001,Croissant Butter,Bakery,5,45.00,0.05,213.75,0,0.00,0
TX001719,2026-04-07,ST004_Ari,Supermarket,PRD_BAK_003,Baguette Traditional,Bakery,9,40.00,0.20,288.00,1,24.00,0
TX001720,2026-06-30,ST004_Ari,Supermarket,PRD_BAK_001,Croissant Butter,Bakery,4,45.00,0.00,180.00,0,0.00,0
TX001721,2026-05-31,ST004_Ari,Supermarket,PRD_BAK_004,Danish Apple,Bakery,4,50.00,0.15,170.00,0,0.00,1
TX001722,2026-04-19,ST005_Ladprao,Hypermarket,PRD_BAK_001,Croissant Butter,Bakery,7,45.00,0.05,299.25,0,0.00,1
TX001723,2026-05-01,ST004_Ari,Supermarket,PRD_PRD_001,Organic Avocado,Produce,7,69.00,0.10,434.70,0,0.00,0
TX001724,2026-05-24,ST003_Silom,Express,PRD_DAI_001,Fresh Milk Pasteurized 1L,Dairy,6,48.00,,273.60,0,0.00,1
TX001725,2026-05-08,ST004_Ari,Supermarket,PRD_PRD_002,Japanese Salad Mix,Produce,5,59.00,0.15,250.75,0,0.00,0
TX001726,2026-05-28,ST001_Siam,Hypermarket,PRD_PRD_003,Sweet Cherry Tomato,Produce,5,49.00,0.00,245.00,1,29.40,0
TX001727,2026-02-06,ST001_Siam,Hypermarket,PRD_BAK_002,Whole Wheat Bread,Bakery,10,55.00,0.15,467.50,0,0.00,0
TX001728,2026-02-06,ST004_Ari,Supermarket,PRD_BEV_001,Cold Pressed Orange Juice,Beverages,8,65.00,0.10,468.00,0,0.00,0
TX001729,2026-03-01,ST001_Siam,Hypermarket,PRD_DAI_001,Fresh Milk Pasteurized 1L,Dairy,5,48.00,0.05,228.00,0,0.00,1
TX001730,2026-06-26,ST005_Ladprao,Hypermarket,PRD_BEV_001,Cold Pressed Orange Juice,Beverages,9,65.00,0.10,526.50,0,0.00,0
TX001731,2026-02-23,ST005_Ladprao,Hypermarket,PRD_DAI_001,Fresh Milk Pasteurized 1L,Dairy,7,48.00,0.10,302.40,0,0.00,0
TX001732,2026-05-12,ST005_Ladprao,Hypermarket,PRD_BAK_002,Whole Wheat Bread,Bakery,9,55.00,0.00,495.00,0,0.00,0
TX001733,2026-02-02,ST001_Siam,Hypermarket,PRD_BAK_003,Baguette Traditional,Bakery,9,40.00,0.15,306.00,0,0.00,0
TX001734,2026-01-10,ST004_Ari,Supermarket,PRD_DAI_001,Fresh Milk Pasteurized 1L,Dairy,4,48.00,0.00,192.00,0,0.00,1
TX001735,2026-02-05,ST005_Ladprao,Hypermarket,PRD_PRD_003,Sweet Cherry Tomato,Produce,9,49.00,0.10,396.90,0,0.00,0
TX001736,2026-06-23,ST003_Silom,Express,PRD_DAI_002,Greek Yogurt Plain,Dairy,4,35.00,0.05,133.00,0,0.00,0
TX001737,2026-06-16,ST002_Sukhumvit,Supermarket,PRD_BAK_003,Baguette Traditional,Bakery,4,40.00,0.05,152.00,0,0.00,0
TX001738,2026-05-13,ST005_Ladprao,Hypermarket,PRD_PRD_001,Organic Avocado,Produce,8,69.00,0.10,496.80,0,0.00,0
TX001739,2026-02-04,ST002_Sukhumvit,Supermarket,PRD_DAI_002,Greek Yogurt Plain,Dairy,7,35.00,0.10,220.50,0,0.00,0
TX001740,2026-01-02,ST003_Silom,Express,PRD_BAK_004,Danish Apple,Bakery,4,50.00,0.00,200.00,0,0.00,0
TX001741,2026-03-26,ST001_Siam,Hypermarket,PRD_BAK_001,Croissant Butter,Bakery,8,45.00,0.15,306.00,0,0.00,0
TX001742,2026-02-27,ST003_Silom,Express,PRD_BEV_002,Organic Green Tea,Beverages,4,40.00,0.00,160.00,0,0.00,0
TX001743,2026-04-20,ST005_Ladprao,Hypermarket,PRD_PRD_001,Organic Avocado,Produce,6,69.00,0.05,393.30,0,0.00,0
TX001744,2026-06-18,ST002_Sukhumvit,Supermarket,PRD_BAK_002,Whole Wheat Bread,Bakery,5,55.00,0.15,233.75,0,0.00,0
TX001745,2026-03-13,ST002_Sukhumvit,Supermarket,PRD_PRD_001,Organic Avocado,Produce,8,69.00,0.15,469.20,0,0.00,0
TX001746,2026-03-26,ST005_Ladprao,Hypermarket,PRD_BEV_001,Cold Pressed Orange Juice,Beverages,9,65.00,0.05,555.75,0,0.00,0
TX001747,2026-06-07,ST004_Ari,Supermarket,PRD_BAK_004,Danish Apple,Bakery,6,50.00,0.00,300.00,1,30.00,1
TX001748,2026-06-07,ST002_Sukhumvit,Supermarket,PRD_BAK_003,Baguette Traditional,Bakery,4,40.00,0.00,160.00,1,24.00,1
TX001749,2026-02-05,ST005_Ladprao,Hypermarket,PRD_DAI_001,Fresh Milk Pasteurized 1L,Dairy,7,48.00,0.10,302.40,0,0.00,0
TX001750,2026-05-24,ST004_Ari,Supermarket,PRD_PRD_003,Sweet Cherry Tomato,Produce,4,49.00,0.10,176.40,0,0.00,1
TX001751,2026-05-14,ST003_Silom,Express,PRD_DAI_002,Greek Yogurt Plain,Dairy,6,35.00,0.00,210.00,0,0.00,0
TX001752,2026-03-13,ST002_Sukhumvit,Supermarket,PRD_PRD_003,Sweet Cherry Tomato,Produce,4,49.00,0.15,166.60,0,0.00,0
TX001753,2026-03-06,ST001_Siam,Hypermarket,PRD_DAI_002,Greek Yogurt Plain,Dairy,7,35.00,0.10,220.50,0,0.00,0
TX001754,2026-06-21,ST003_Silom,Express,PRD_PRD_003,Sweet Cherry Tomato,Produce,3,49.00,0.00,147.00,0,0.00,1
TX001755,2026-02-18,ST004_Ari,Supermarket,PRD_PRD_002,Japanese Salad Mix,Produce,9,59.00,0.00,531.00,1,35.40,0
TX001756,2026-02-19,ST001_Siam,Hypermarket,PRD_BEV_001,Cold Pressed Orange Juice,Beverages,6,65.00,0.05,370.50,0,0.00,0
TX001757,2026-01-04,ST005_Ladprao,Hypermarket,PRD_PRD_001,Organic Avocado,Produce,10,69.00,0.00,690.00,0,0.00,1
TX001758,2026-04-12,ST001_Siam,Hypermarket,PRD_PRD_001,Organic Avocado,Produce,4,69.00,0.05,262.20,0,0.00,1
TX001759,2026-05-01,ST005_Ladprao,Hypermarket,PRD_BEV_002,Organic Green Tea,Beverages,5,40.00,0.10,180.00,0,0.00,0
TX001760,2026-06-15,ST005_Ladprao,Hypermarket,PRD_BAK_002,Whole Wheat Bread,Bakery,5,55.00,0.00,275.00,0,0.00,0
TX001761,2026-02-15,ST002_Sukhumvit,Supermarket,PRD_BAK_002,Whole Wheat Bread,Bakery,7,55.00,0.10,346.50,0,0.00,1
TX001762,2026-04-24,ST001_Siam,Hypermarket,PRD_PRD_002,Japanese Salad Mix,Produce,7,59.00,0.00,413.00,0,0.00,0
TX001763,2026-01-05,ST003_Silom,Express,PRD_BEV_002,Organic Green Tea,Beverages,3,40.00,0.05,114.00,0,0.00,0
TX001764,2026-05-31,ST003_Silom,Express,PRD_DAI_002,Greek Yogurt Plain,Dairy,5,35.00,0.00,175.00,0,0.00,1
TX001765,2026-01-17,ST002_Sukhumvit,Supermarket,PRD_DAI_002,Greek Yogurt Plain,Dairy,4,35.00,0.00,140.00,0,0.00,1
TX001766,2026-04-24,ST001_Siam,Hypermarket,PRD_PRD_001,Organic Avocado,Produce,9,69.00,0.15,527.85,0,0.00,0
TX001767,2026-01-01,ST003_Silom,Express,PRD_PRD_001,Organic Avocado,Produce,7,69.00,0.15,410.55,0,0.00,0
TX001768,2026-05-26,ST001_Siam,Hypermarket,PRD_BEV_001,Cold Pressed Orange Juice,Beverages,11,65.00,0.10,643.50,0,0.00,0
TX001769,2026-03-23,ST005_Ladprao,Hypermarket,PRD_BEV_002,Organic Green Tea,Beverages,8,40.00,0.00,320.00,0,0.00,0
TX001770,2026-02-25,ST003_Silom,Express,PRD_DAI_001,Fresh Milk Pasteurized 1L,Dairy,6,48.00,0.00,288.00,0,0.00,0
TX001771,2026-02-18,ST002_Sukhumvit,Supermarket,PRD_PRD_001,Organic Avocado,Produce,2,69.00,0.00,138.00,0,0.00,0
TX001772,2026-03-13,ST002_Sukhumvit,Supermarket,PRD_BEV_001,Cold Pressed Orange Juice,Beverages,2,65.00,0.05,123.50,0,0.00,0
TX001773,2026-03-17,ST003_Silom,Express,PRD_DAI_001,Fresh Milk Pasteurized 1L,Dairy,6,48.00,0.05,273.60,1,28.80,0
TX001774,2026-05-14,ST004_Ari,Supermarket,PRD_BEV_002,Organic Green Tea,Beverages,6,40.00,0.00,240.00,1,24.00,0
TX001775,2026-02-23,ST004_Ari,Supermarket,PRD_PRD_002,Japanese Salad Mix,Produce,5,59.00,0.20,236.00,0,0.00,0
TX001776,2026-02-23,ST003_Silom,Express,PRD_DAI_002,Greek Yogurt Plain,Dairy,6,35.00,0.05,199.50,0,0.00,0
TX001777,2026-01-09,ST001_Siam,Hypermarket,PRD_DAI_002,Greek Yogurt Plain,Dairy,8,35.00,0.00,280.00,0,0.00,0
TX001778,2026-03-24,ST003_Silom,Express,PRD_BEV_001,Cold Pressed Orange Juice,Beverages,3,65.00,0.10,175.50,0,0.00,0
TX001779,2026-04-02,ST001_Siam,Hypermarket,PRD_BAK_003,Baguette Traditional,Bakery,5,40.00,0.10,180.00,0,0.00,0
TX001780,2026-01-26,ST002_Sukhumvit,Supermarket,PRD_PRD_002,Japanese Salad Mix,Produce,6,59.00,0.05,336.30,0,0.00,0
TX001781,2026-06-07,ST004_Ari,Supermarket,PRD_BEV_001,Cold Pressed Orange Juice,Beverages,7,65.00,0.10,409.50,0,0.00,1
TX001782,2026-03-04,ST003_Silom,Express,PRD_PRD_002,Japanese Salad Mix,Produce,4,59.00,0.15,200.60,0,0.00,0
TX001783,2026-03-01,ST005_Ladprao,Hypermarket,PRD_BAK_002,Whole Wheat Bread,Bakery,10,55.00,0.10,495.00,0,0.00,1
TX001784,2026-05-28,ST004_Ari,Supermarket,PRD_BEV_001,Cold Pressed Orange Juice,Beverages,5,65.00,0.00,325.00,0,0.00,0
TX001785,2026-06-28,ST005_Ladprao,Hypermarket,PRD_BAK_004,Danish Apple,Bakery,10,50.00,0.15,425.00,0,0.00,1
TX001786,2026-03-27,ST001_Siam,Hypermarket,PRD_BAK_002,Whole Wheat Bread,Bakery,8,55.00,0.05,418.00,0,0.00,0
TX001787,2026-04-28,ST001_Siam,Hypermarket,PRD_BEV_002,Organic Green Tea,Beverages,6,40.00,0.00,240.00,0,0.00,0
TX001788,2026-03-20,ST001_Siam,Hypermarket,PRD_BAK_003,Baguette Traditional,Bakery,8,40.00,0.00,320.00,0,0.00,0
TX001789,2026-05-23,ST003_Silom,Express,PRD_BAK_001,Croissant Butter,Bakery,3,45.00,0.10,121.50,3,81.00,1
TX001790,2026-02-24,ST004_Ari,Supermarket,PRD_BEV_002,Organic Green Tea,Beverages,7,40.00,0.10,252.00,0,0.00,0
TX001791,2026-01-25,ST004_Ari,Supermarket,PRD_BAK_003,Baguette Traditional,Bakery,5,40.00,0.05,190.00,0,0.00,1
TX001792,2026-06-22,ST004_Ari,Supermarket,PRD_BEV_001,Cold Pressed Orange Juice,Beverages,5,65.00,0.10,292.50,0,0.00,0
TX001793,2026-06-21,ST005_Ladprao,Hypermarket,PRD_BAK_001,Croissant Butter,Bakery,7,45.00,0.00,315.00,1,27.00,1
TX001794,2026-05-09,ST001_Siam,Hypermarket,PRD_BEV_001,Cold Pressed Orange Juice,Beverages,10,65.00,0.10,585.00,0,0.00,1
TX001795,2026-02-24,ST003_Silom,Express,PRD_PRD_003,Sweet Cherry Tomato,Produce,2,49.00,0.00,98.00,1,29.40,0
TX001796,2026-04-10,ST004_Ari,Supermarket,PRD_BAK_001,Croissant Butter,Bakery,4,45.00,0.05,171.00,0,0.00,0
TX001797,2026-02-11,ST004_Ari,Supermarket,PRD_BEV_002,Organic Green Tea,Beverages,4,40.00,0.00,160.00,0,0.00,0
TX001798,2026-04-14,ST001_Siam,Hypermarket,PRD_BAK_003,Baguette Traditional,Bakery,7,40.00,0.05,266.00,0,0.00,0
TX001799,2026-06-25,ST004_Ari,Supermarket,PRD_BAK_001,Croissant Butter,Bakery,4,45.00,0.10,162.00,0,0.00,0
TX001800,2026-04-19,ST003_Silom,Express,PRD_BEV_002,Organic Green Tea,Beverages,2,40.00,0.00,80.00,0,0.00,1
TX001801,2026-04-26,ST005_Ladprao,Hypermarket,PRD_PRD_002,Japanese Salad Mix,Produce,7,59.00,0.10,371.70,0,0.00,1
TX001802,2026-02-15,ST004_Ari,Supermarket,PRD_DAI_002,Greek Yogurt Plain,Dairy,3,35.00,0.10,94.50,0,0.00,1
TX001803,2026-01-02,ST003_Silom,Express,PRD_BEV_001,Cold Pressed Orange Juice,Beverages,5,65.00,0.05,308.75,0,0.00,0
TX001804,2026-01-13,ST004_Ari,Supermarket,PRD_PRD_001,Organic Avocado,Produce,7,69.00,0.00,483.00,1,41.40,0
TX001805,2026-06-25,ST003_Silom,Express,PRD_PRD_001,Organic Avocado,Produce,4,69.00,0.10,248.40,0,0.00,0
TX001806,2026-01-07,ST005_Ladprao,Hypermarket,PRD_PRD_001,Organic Avocado,Produce,6,69.00,0.00,414.00,0,0.00,0
TX001807,2026-01-10,ST005_Ladprao,Hypermarket,PRD_BAK_002,Whole Wheat Bread,Bakery,9,55.00,0.05,470.25,0,0.00,1
TX001808,2026-04-12,ST002_Sukhumvit,Supermarket,PRD_BAK_003,Baguette Traditional,Bakery,4,40.00,0.00,160.00,1,24.00,1
TX001809,2026-03-12,ST003_Silom,Express,PRD_DAI_001,Fresh Milk Pasteurized 1L,Dairy,7,48.00,0.00,336.00,0,0.00,0
TX001810,2026-05-26,ST004_Ari,Supermarket,PRD_BAK_001,Croissant Butter,Bakery,3,45.00,0.00,135.00,0,0.00,0
TX001811,2026-06-05,ST001_Siam,Hypermarket,PRD_PRD_003,Sweet Cherry Tomato,Produce,9,49.00,0.15,374.85,0,0.00,0
TX001812,2026-04-19,ST004_Ari,Supermarket,PRD_BAK_001,Croissant Butter,Bakery,4,45.00,0.00,180.00,0,0.00,1
TX001813,2026-06-17,ST001_Siam,Hypermarket,PRD_PRD_003,Sweet Cherry Tomato,Produce,7,49.00,0.00,343.00,0,0.00,0
TX001814,2026-05-19,ST002_Sukhumvit,Supermarket,PRD_BAK_001,Croissant Butter,Bakery,3,45.00,0.05,128.25,0,0.00,0
TX001815,2026-04-22,ST003_Silom,Express,PRD_BAK_003,Baguette Traditional,Bakery,3,40.00,0.05,114.00,0,0.00,0
TX001816,2026-03-14,ST003_Silom,Express,PRD_BAK_001,Croissant Butter,Bakery,4,45.00,0.10,162.00,2,54.00,1
TX001817,2026-04-29,ST005_Ladprao,Hypermarket,PRD_BEV_002,Organic Green Tea,Beverages,5,40.00,0.05,190.00,0,0.00,0
TX001818,2026-03-25,ST002_Sukhumvit,Supermarket,PRD_BAK_002,Whole Wheat Bread,Bakery,6,55.00,0.15,280.50,0,0.00,0
TX001819,2026-06-12,ST005_Ladprao,Hypermarket,PRD_PRD_002,Japanese Salad Mix,Produce,11,59.00,0.15,551.65,0,0.00,0
TX001820,2026-01-04,ST003_Silom,Express,PRD_PRD_002,Japanese Salad Mix,Produce,3,59.00,0.05,168.15,0,0.00,1
TX001821,2026-02-23,ST005_Ladprao,Hypermarket,PRD_BAK_003,Baguette Traditional,Bakery,11,40.00,0.20,352.00,0,0.00,0
TX001822,2026-06-19,ST005_Ladprao,Hypermarket,PRD_BAK_002,Whole Wheat Bread,Bakery,5,55.00,0.20,220.00,0,0.00,0
TX001823,2026-05-16,ST003_Silom,Express,PRD_PRD_001,Organic Avocado,Produce,4,69.00,0.05,262.20,0,0.00,1
TX001824,2026-04-30,ST001_Siam,Hypermarket,PRD_BAK_003,Baguette Traditional,Bakery,7,40.00,0.15,238.00,0,0.00,0
TX001825,2026-01-06,ST003_Silom,Express,PRD_DAI_002,Greek Yogurt Plain,Dairy,3,35.00,0.10,94.50,0,0.00,0
TX001826,2026-05-18,ST002_Sukhumvit,Supermarket,PRD_PRD_003,Sweet Cherry Tomato,Produce,7,49.00,0.15,291.55,0,0.00,0
TX001827,2026-01-29,ST005_Ladprao,Hypermarket,PRD_PRD_001,Organic Avocado,Produce,6,69.00,0.00,414.00,0,0.00,0
TX001828,2026-04-13,ST005_Ladprao,Hypermarket,PRD_PRD_003,Sweet Cherry Tomato,Produce,7,49.00,0.05,325.85,0,0.00,0
TX001829,2026-04-03,ST001_Siam,Hypermarket,PRD_BEV_002,Organic Green Tea,Beverages,6,40.00,0.05,228.00,0,0.00,0
TX001830,2026-02-27,ST004_Ari,Supermarket,PRD_DAI_001,Fresh Milk Pasteurized 1L,Dairy,5,48.00,0.10,216.00,0,0.00,0
TX001831,2026-04-13,ST003_Silom,Express,PRD_BAK_001,Croissant Butter,Bakery,8,45.00,0.15,306.00,0,0.00,0
TX001832,2026-06-17,ST002_Sukhumvit,Supermarket,PRD_BEV_002,Organic Green Tea,Beverages,3,40.00,0.00,120.00,0,0.00,0
TX001833,2026-06-12,ST001_Siam,Hypermarket,PRD_BEV_001,Cold Pressed Orange Juice,Beverages,8,65.00,0.00,520.00,0,0.00,0
TX001834,2026-01-21,ST005_Ladprao,Hypermarket,PRD_BEV_001,Cold Pressed Orange Juice,Beverages,9,65.00,0.10,526.50,0,0.00,0
TX001835,2026-05-01,ST001_Siam,Hypermarket,PRD_PRD_002,Japanese Salad Mix,Produce,6,59.00,0.00,354.00,0,0.00,0
TX001836,2026-06-17,ST004_Ari,Supermarket,PRD_DAI_002,Greek Yogurt Plain,Dairy,5,35.00,0.00,175.00,0,0.00,0
TX001837,2026-02-14,ST004_Ari,Supermarket,PRD_BAK_004,Danish Apple,Bakery,4,50.00,0.05,190.00,0,0.00,1
TX001838,2026-01-08,ST002_Sukhumvit,Supermarket,PRD_BEV_001,Cold Pressed Orange Juice,Beverages,3,65.00,0.10,175.50,0,0.00,0
TX001839,2026-02-15,ST004_Ari,Supermarket,PRD_DAI_002,Greek Yogurt Plain,Dairy,5,35.00,0.00,175.00,0,0.00,1
TX001840,2026-02-10,ST002_Sukhumvit,Supermarket,PRD_DAI_001,Fresh Milk Pasteurized 1L,Dairy,5,48.00,0.00,240.00,0,0.00,0
TX001841,2026-05-01,ST004_Ari,Supermarket,PRD_BAK_002,Whole Wheat Bread,Bakery,6,55.00,0.10,297.00,0,0.00,0
TX001842,2026-05-18,ST001_Siam,Hypermarket,PRD_BEV_001,Cold Pressed Orange Juice,Beverages,4,65.00,0.00,260.00,1,39.00,0
TX001843,2026-01-11,ST003_Silom,Express,PRD_PRD_003,Sweet Cherry Tomato,Produce,7,49.00,0.20,274.40,0,0.00,1
TX001844,2026-01-27,ST002_Sukhumvit,Supermarket,PRD_PRD_001,Organic Avocado,Produce,5,69.00,0.15,293.25,0,0.00,0
TX001845,2026-02-13,ST003_Silom,Express,PRD_PRD_003,Sweet Cherry Tomato,Produce,3,49.00,0.20,117.60,0,0.00,0
TX001846,2026-01-25,ST003_Silom,Express,PRD_BEV_002,Organic Green Tea,Beverages,6,40.00,0.00,240.00,0,0.00,1
TX001847,2026-03-04,ST003_Silom,Express,PRD_PRD_002,Japanese Salad Mix,Produce,3,59.00,0.05,168.15,0,0.00,0
TX001848,2026-03-12,ST005_Ladprao,Hypermarket,PRD_BAK_001,Croissant Butter,Bakery,5,45.00,0.00,225.00,1,27.00,0
TX001849,2026-04-03,ST003_Silom,Express,PRD_PRD_001,Organic Avocado,Produce,6,69.00,0.20,331.20,1,41.40,0
TX001850,2026-03-17,ST002_Sukhumvit,Supermarket,PRD_BAK_003,Baguette Traditional,Bakery,3,40.00,0.00,120.00,0,0.00,0
TX001851,2026-03-07,ST002_Sukhumvit,Supermarket,PRD_BAK_001,Croissant Butter,Bakery,4,45.00,0.00,180.00,1,27.00,1
TX001852,2026-05-11,ST005_Ladprao,Hypermarket,PRD_PRD_003,Sweet Cherry Tomato,Produce,7,49.00,0.10,308.70,0,0.00,0
TX001853,2026-05-09,ST003_Silom,Express,PRD_DAI_002,Greek Yogurt Plain,Dairy,3,35.00,0.05,99.75,0,0.00,1
TX001854,2026-06-15,ST002_Sukhumvit,Supermarket,PRD_DAI_002,Greek Yogurt Plain,Dairy,7,35.00,0.10,220.50,0,0.00,0
TX001855,2026-03-29,ST002_Sukhumvit,Supermarket,PRD_PRD_001,Organic Avocado,Produce,8,69.00,0.00,552.00,1,41.40,1
TX001856,2026-06-16,ST002_Sukhumvit,Supermarket,PRD_PRD_002,Japanese Salad Mix,Produce,8,59.00,0.10,424.80,0,0.00,0
TX001857,2026-01-04,ST005_Ladprao,Hypermarket,PRD_BAK_004,Danish Apple,Bakery,10,50.00,0.20,400.00,0,0.00,1
TX001858,2026-03-26,ST005_Ladprao,Hypermarket,PRD_BAK_002,Whole Wheat Bread,Bakery,10,55.00,0.05,522.50,0,0.00,0
TX001859,2026-05-18,ST001_Siam,Hypermarket,PRD_BAK_001,Croissant Butter,Bakery,7,45.00,0.10,283.50,0,0.00,0
TX001860,2026-06-26,ST002_Sukhumvit,Supermarket,PRD_BAK_004,Danish Apple,Bakery,6,50.00,0.20,240.00,0,0.00,0
TX001861,2026-06-05,ST003_Silom,Express,PRD_DAI_002,Greek Yogurt Plain,Dairy,5,35.00,0.05,166.25,0,0.00,0
TX001862,2026-02-03,ST005_Ladprao,Hypermarket,PRD_PRD_001,Organic Avocado,Produce,7,69.00,0.00,483.00,1,41.40,0
TX001863,2026-01-26,ST005_Ladprao,Hypermarket,PRD_BAK_001,Croissant Butter,Bakery,10,45.00,0.05,427.50,0,0.00,0
TX001864,2026-05-03,ST001_Siam,Hypermarket,PRD_DAI_001,Fresh Milk Pasteurized 1L,Dairy,6,48.00,0.00,288.00,0,0.00,1
TX001865,2026-03-18,ST005_Ladprao,Hypermarket,PRD_BAK_001,Croissant Butter,Bakery,9,45.00,0.15,344.25,0,0.00,0
TX001866,2026-04-24,ST002_Sukhumvit,Supermarket,PRD_BEV_001,Cold Pressed Orange Juice,Beverages,7,65.00,0.10,409.50,0,0.00,0
TX001867,2026-06-11,ST002_Sukhumvit,Supermarket,PRD_PRD_002,Japanese Salad Mix,Produce,6,59.00,0.15,300.90,0,0.00,0
TX001868,2026-06-15,ST003_Silom,Express,PRD_PRD_001,Organic Avocado,Produce,5,69.00,0.15,293.25,0,0.00,0
TX001869,2026-04-23,ST001_Siam,Hypermarket,PRD_BAK_003,Baguette Traditional,Bakery,9,40.00,0.10,324.00,1,24.00,0
TX001870,2026-02-15,ST001_Siam,Hypermarket,PRD_PRD_003,Sweet Cherry Tomato,Produce,8,49.00,0.20,313.60,0,0.00,1
TX001871,2026-04-24,ST003_Silom,Express,PRD_BEV_002,Organic Green Tea,Beverages,4,40.00,0.00,160.00,2,48.00,0
TX001872,2026-03-20,ST003_Silom,Express,PRD_DAI_002,Greek Yogurt Plain,Dairy,5,35.00,0.10,157.50,0,0.00,0
TX001873,2026-02-09,ST003_Silom,Express,PRD_BAK_003,Baguette Traditional,Bakery,4,40.00,0.00,160.00,0,0.00,0
TX001874,2026-02-10,ST005_Ladprao,Hypermarket,PRD_BEV_002,Organic Green Tea,Beverages,6,40.00,0.00,240.00,0,0.00,0
TX001875,2026-04-17,ST003_Silom,Express,PRD_BAK_004,Danish Apple,Bakery,6,50.00,0.05,285.00,0,0.00,0
TX001876,2026-03-19,ST003_Silom,Express,PRD_BAK_003,Baguette Traditional,Bakery,3,40.00,0.05,114.00,0,0.00,0
TX001877,2026-04-19,ST005_Ladprao,Hypermarket,PRD_PRD_003,Sweet Cherry Tomato,Produce,9,49.00,0.10,396.90,1,29.40,1
TX001878,2026-06-15,ST002_Sukhumvit,Supermarket,PRD_DAI_001,Fresh Milk Pasteurized 1L,Dairy,5,48.00,0.05,228.00,0,0.00,0
TX001879,2026-02-23,ST003_Silom,Express,PRD_PRD_001,Organic Avocado,Produce,6,69.00,0.05,393.30,0,0.00,0
TX001880,2026-02-21,ST002_Sukhumvit,Supermarket,PRD_BEV_001,Cold Pressed Orange Juice,Beverages,6,65.00,0.10,351.00,0,0.00,1
TX001881,2026-03-04,ST002_Sukhumvit,Supermarket,PRD_PRD_002,Japanese Salad Mix,Produce,4,59.00,0.20,188.80,0,0.00,0
TX001882,2026-01-12,ST004_Ari,Supermarket,PRD_DAI_001,Fresh Milk Pasteurized 1L,Dairy,5,48.00,0.00,240.00,0,0.00,0
TX001883,2026-04-07,ST001_Siam,Hypermarket,PRD_BAK_002,Whole Wheat Bread,Bakery,6,55.00,0.00,330.00,0,0.00,0
TX001884,2026-01-29,ST004_Ari,Supermarket,PRD_BAK_003,Baguette Traditional,Bakery,6,40.00,0.20,192.00,2,48.00,0
TX001885,2026-02-08,ST005_Ladprao,Hypermarket,PRD_PRD_001,Organic Avocado,Produce,8,69.00,0.15,469.20,0,0.00,1
TX001886,2026-03-04,ST003_Silom,Express,PRD_BEV_001,Cold Pressed Orange Juice,Beverages,1,65.00,0.05,61.75,0,0.00,0
TX001887,2026-01-18,ST003_Silom,Express,PRD_PRD_002,Japanese Salad Mix,Produce,3,59.00,0.10,159.30,0,0.00,1
TX001888,2026-03-24,ST004_Ari,Supermarket,PRD_BAK_004,Danish Apple,Bakery,5,50.00,0.10,225.00,0,0.00,0
TX001889,2026-06-04,ST001_Siam,Hypermarket,PRD_BAK_003,Baguette Traditional,Bakery,7,40.00,0.00,280.00,0,0.00,0
TX001890,2026-05-05,ST001_Siam,Hypermarket,PRD_DAI_002,Greek Yogurt Plain,Dairy,8,35.00,0.00,280.00,1,21.00,0
TX001891,2026-01-09,ST005_Ladprao,Hypermarket,PRD_PRD_002,Japanese Salad Mix,Produce,7,59.00,0.15,351.05,0,0.00,0
TX001892,2026-05-25,ST001_Siam,Hypermarket,PRD_DAI_002,Greek Yogurt Plain,Dairy,7,35.00,0.00,245.00,0,0.00,0
TX001893,2026-01-23,ST005_Ladprao,Hypermarket,PRD_DAI_001,Fresh Milk Pasteurized 1L,Dairy,7,48.00,0.00,336.00,0,0.00,0
TX001894,2026-04-26,ST002_Sukhumvit,Supermarket,PRD_BEV_002,Organic Green Tea,Beverages,2,40.00,0.05,76.00,0,0.00,1
TX001895,2026-03-28,ST004_Ari,Supermarket,PRD_DAI_002,Greek Yogurt Plain,Dairy,7,35.00,0.10,220.50,0,0.00,1
TX001896,2026-04-10,ST001_Siam,Hypermarket,PRD_BAK_001,Croissant Butter,Bakery,5,45.00,0.00,225.00,0,0.00,0
TX001897,2026-02-27,ST005_Ladprao,Hypermarket,PRD_BEV_002,Organic Green Tea,Beverages,5,40.00,0.05,190.00,0,0.00,0
TX001898,2026-04-01,ST005_Ladprao,Hypermarket,PRD_BAK_003,Baguette Traditional,Bakery,6,40.00,0.00,240.00,0,0.00,0
TX001899,2026-02-16,ST001_Siam,Hypermarket,PRD_BAK_001,Croissant Butter,Bakery,6,45.00,0.15,229.50,0,0.00,0
TX001900,2026-01-18,ST003_Silom,Express,PRD_PRD_002,Japanese Salad Mix,Produce,2,59.00,0.00,118.00,0,0.00,1
TX001901,2026-02-11,ST004_Ari,Supermarket,PRD_PRD_001,Organic Avocado,Produce,6,69.00,0.00,414.00,0,0.00,0
TX001902,2026-04-23,ST001_Siam,Hypermarket,PRD_PRD_003,Sweet Cherry Tomato,Produce,6,49.00,0.00,294.00,0,0.00,0
TX001903,2026-02-23,ST004_Ari,Supermarket,PRD_BAK_001,Croissant Butter,Bakery,5,45.00,0.10,202.50,0,0.00,0
TX001904,2026-02-01,ST001_Siam,Hypermarket,PRD_BAK_003,Baguette Traditional,Bakery,9,40.00,0.15,306.00,0,0.00,1
TX001905,2026-02-01,ST002_Sukhumvit,Supermarket,PRD_BAK_004,Danish Apple,Bakery,7,50.00,0.00,350.00,0,0.00,1
TX001906,2026-04-17,ST002_Sukhumvit,Supermarket,PRD_BAK_004,Danish Apple,Bakery,4,50.00,0.00,200.00,0,0.00,0
TX001907,2026-03-07,ST005_Ladprao,Hypermarket,PRD_BAK_002,Whole Wheat Bread,Bakery,10,55.00,0.10,495.00,0,0.00,1
TX001908,2026-01-26,ST003_Silom,Express,PRD_PRD_002,Japanese Salad Mix,Produce,4,59.00,0.05,224.20,0,0.00,0
TX001909,2026-06-16,ST003_Silom,Express,PRD_BAK_004,Danish Apple,Bakery,7,50.00,0.20,280.00,0,0.00,0
TX001910,2026-03-12,ST003_Silom,Express,PRD_BAK_001,Croissant Butter,Bakery,5,45.00,0.00,225.00,0,0.00,0
TX001911,2026-01-03,ST002_Sukhumvit,Supermarket,PRD_DAI_002,Greek Yogurt Plain,Dairy,6,35.00,0.00,210.00,1,21.00,1
TX001912,2026-02-23,ST003_Silom,Express,PRD_PRD_002,Japanese Salad Mix,Produce,4,59.00,0.15,200.60,2,70.80,0
TX001913,2026-02-08,ST002_Sukhumvit,Supermarket,PRD_PRD_002,Japanese Salad Mix,Produce,5,59.00,0.00,295.00,1,35.40,1
TX001914,2026-04-06,ST003_Silom,Express,PRD_BEV_001,Cold Pressed Orange Juice,Beverages,4,65.00,0.05,247.00,2,78.00,0
TX001915,2026-02-06,ST004_Ari,Supermarket,PRD_BAK_001,Croissant Butter,Bakery,5,45.00,0.15,191.25,0,0.00,0
TX001916,2026-01-04,ST003_Silom,Express,PRD_BAK_004,Danish Apple,Bakery,5,50.00,0.00,250.00,4,120.00,1
TX001917,2026-04-17,ST005_Ladprao,Hypermarket,PRD_DAI_001,Fresh Milk Pasteurized 1L,Dairy,8,48.00,0.00,384.00,0,0.00,0
TX001918,2026-01-01,ST003_Silom,Express,PRD_DAI_001,Fresh Milk Pasteurized 1L,Dairy,5,48.00,0.10,216.00,0,0.00,0
TX001919,2026-06-07,ST001_Siam,Hypermarket,PRD_DAI_001,Fresh Milk Pasteurized 1L,Dairy,7,48.00,0.10,302.40,0,0.00,1
TX001920,2026-02-20,ST002_Sukhumvit,Supermarket,PRD_BAK_004,Danish Apple,Bakery,9,50.00,0.15,382.50,0,0.00,0
TX001921,2026-01-25,ST004_Ari,Supermarket,PRD_PRD_001,Organic Avocado,Produce,9,69.00,0.15,527.85,0,0.00,1
TX001922,2026-02-17,ST003_Silom,Express,PRD_PRD_002,Japanese Salad Mix,Produce,8,59.00,0.20,377.60,0,0.00,0
TX001923,2026-03-10,ST002_Sukhumvit,Supermarket,PRD_PRD_002,Japanese Salad Mix,Produce,5,59.00,0.10,265.50,0,0.00,0
TX001924,2026-01-09,ST004_Ari,Supermarket,PRD_BEV_002,Organic Green Tea,Beverages,6,40.00,0.00,240.00,1,24.00,0
TX001925,2026-03-02,ST002_Sukhumvit,Supermarket,PRD_PRD_003,Sweet Cherry Tomato,Produce,7,49.00,0.05,325.85,0,0.00,0
TX001926,2026-05-28,ST004_Ari,Supermarket,PRD_DAI_001,Fresh Milk Pasteurized 1L,Dairy,5,48.00,0.00,240.00,0,0.00,0
TX001927,2026-04-23,ST001_Siam,Hypermarket,PRD_PRD_001,Organic Avocado,Produce,10,69.00,0.20,552.00,0,0.00,0
TX001928,2026-03-07,ST003_Silom,Express,PRD_DAI_001,Fresh Milk Pasteurized 1L,Dairy,1,48.00,0.10,43.20,0,0.00,1
TX001929,2026-03-29,ST005_Ladprao,Hypermarket,PRD_PRD_001,Organic Avocado,Produce,7,69.00,0.00,483.00,1,41.40,1
TX001930,2026-01-25,ST002_Sukhumvit,Supermarket,PRD_DAI_001,Fresh Milk Pasteurized 1L,Dairy,6,48.00,0.00,288.00,1,28.80,1
TX001931,2026-04-26,ST004_Ari,Supermarket,PRD_DAI_002,Greek Yogurt Plain,Dairy,9,35.00,0.00,315.00,0,0.00,1
TX001932,2026-05-11,ST002_Sukhumvit,Supermarket,PRD_BAK_003,Baguette Traditional,Bakery,6,40.00,,192.00,0,0.00,0
TX001933,2026-04-01,ST005_Ladprao,Hypermarket,PRD_BEV_001,Cold Pressed Orange Juice,Beverages,5,65.00,0.00,325.00,1,39.00,0
TX001934,2026-05-19,ST002_Sukhumvit,Supermarket,PRD_DAI_002,Greek Yogurt Plain,Dairy,4,35.00,0.00,140.00,0,0.00,0
TX001935,2026-06-08,ST002_Sukhumvit,Supermarket,PRD_BAK_003,Baguette Traditional,Bakery,7,40.00,0.15,238.00,0,0.00,0
TX001936,2026-02-21,ST003_Silom,Express,PRD_BAK_001,Croissant Butter,Bakery,3,45.00,0.10,121.50,0,0.00,1
TX001937,2026-04-30,ST003_Silom,Express,PRD_BAK_003,Baguette Traditional,Bakery,9,40.00,,288.00,0,0.00,0
TX001938,2026-03-06,ST005_Ladprao,Hypermarket,PRD_BEV_002,Organic Green Tea,Beverages,8,40.00,0.05,304.00,0,0.00,0
TX001939,2026-04-16,ST002_Sukhumvit,Supermarket,PRD_BAK_003,Baguette Traditional,Bakery,8,40.00,0.10,288.00,0,0.00,0
TX001940,2026-03-04,ST004_Ari,Supermarket,PRD_BAK_003,Baguette Traditional,Bakery,5,40.00,0.20,160.00,0,0.00,0
TX001941,2026-02-27,ST003_Silom,Express,PRD_BAK_003,Baguette Traditional,Bakery,5,40.00,0.10,180.00,2,48.00,0
TX001942,2026-04-24,ST002_Sukhumvit,Supermarket,PRD_BEV_002,Organic Green Tea,Beverages,1,40.00,,38.00,0,0.00,0
TX001943,2026-01-31,ST005_Ladprao,Hypermarket,PRD_PRD_001,Organic Avocado,Produce,11,69.00,0.15,645.15,0,0.00,1
TX001944,2026-03-18,ST001_Siam,Hypermarket,PRD_DAI_002,Greek Yogurt Plain,Dairy,9,35.00,0.10,283.50,0,0.00,0
TX001945,2026-03-29,ST003_Silom,Express,PRD_BAK_001,Croissant Butter,Bakery,5,45.00,0.10,202.50,0,0.00,1
TX001946,2026-02-13,ST004_Ari,Supermarket,PRD_PRD_001,Organic Avocado,Produce,3,69.00,0.00,207.00,0,0.00,0
TX001947,2026-06-04,ST005_Ladprao,Hypermarket,PRD_PRD_002,Japanese Salad Mix,Produce,8,59.00,0.00,472.00,0,0.00,0
TX001948,2026-04-18,ST001_Siam,Hypermarket,PRD_BEV_002,Organic Green Tea,Beverages,5,40.00,0.00,200.00,0,0.00,1
TX001949,2026-03-12,ST003_Silom,Express,PRD_BEV_002,Organic Green Tea,Beverages,1,40.00,0.05,38.00,0,0.00,0
TX001950,2026-01-26,ST004_Ari,Supermarket,PRD_BAK_004,Danish Apple,Bakery,8,50.00,0.15,340.00,0,0.00,0
TX001951,2026-06-20,ST003_Silom,Express,PRD_BAK_002,Whole Wheat Bread,Bakery,3,55.00,0.20,132.00,0,0.00,1
TX001952,2026-06-20,ST004_Ari,Supermarket,PRD_BAK_001,Croissant Butter,Bakery,6,45.00,0.15,229.50,0,0.00,1
TX001953,2026-06-14,ST001_Siam,Hypermarket,PRD_BEV_001,Cold Pressed Orange Juice,Beverages,9,65.00,0.00,585.00,0,0.00,1
TX001954,2026-06-04,ST004_Ari,Supermarket,PRD_PRD_003,Sweet Cherry Tomato,Produce,9,49.00,0.20,352.80,0,0.00,0
TX001955,2026-04-23,ST004_Ari,Supermarket,PRD_BEV_001,Cold Pressed Orange Juice,Beverages,7,65.00,0.00,455.00,0,0.00,0
TX001956,2026-06-21,ST001_Siam,Hypermarket,PRD_BAK_004,Danish Apple,Bakery,8,50.00,0.15,340.00,0,0.00,1
TX001957,2026-03-26,ST001_Siam,Hypermarket,PRD_PRD_001,Organic Avocado,Produce,9,69.00,0.10,558.90,0,0.00,0
TX001958,2026-06-24,ST003_Silom,Express,PRD_PRD_002,Japanese Salad Mix,Produce,1,59.00,0.00,59.00,2,70.80,0
TX001959,2026-06-12,ST003_Silom,Express,PRD_BAK_003,Baguette Traditional,Bakery,2,40.00,0.00,80.00,0,0.00,0
TX001960,2026-06-15,ST003_Silom,Express,PRD_PRD_003,Sweet Cherry Tomato,Produce,4,49.00,0.05,186.20,0,0.00,0
TX001961,2026-04-01,ST005_Ladprao,Hypermarket,PRD_DAI_002,Greek Yogurt Plain,Dairy,6,35.00,0.00,210.00,0,0.00,0
TX001962,2026-01-24,ST004_Ari,Supermarket,PRD_PRD_002,Japanese Salad Mix,Produce,5,59.00,0.15,250.75,0,0.00,1
TX001963,2026-05-05,ST003_Silom,Express,PRD_PRD_002,Japanese Salad Mix,Produce,4,59.00,0.10,212.40,0,0.00,0
TX001964,2026-02-13,ST003_Silom,Express,PRD_BAK_001,Croissant Butter,Bakery,4,45.00,0.00,180.00,0,0.00,0
TX001965,2026-03-17,ST005_Ladprao,Hypermarket,PRD_DAI_002,Greek Yogurt Plain,Dairy,8,35.00,0.00,280.00,0,0.00,0
TX001966,2026-02-20,ST001_Siam,Hypermarket,PRD_BAK_002,Whole Wheat Bread,Bakery,7,55.00,0.20,308.00,0,0.00,0
TX001967,2026-03-29,ST005_Ladprao,Hypermarket,PRD_PRD_002,Japanese Salad Mix,Produce,6,59.00,0.10,318.60,0,0.00,1
TX001968,2026-03-17,ST005_Ladprao,Hypermarket,PRD_BEV_001,Cold Pressed Orange Juice,Beverages,6,65.00,0.00,390.00,0,0.00,0
TX001969,2026-02-09,ST003_Silom,Express,PRD_BAK_001,Croissant Butter,Bakery,5,45.00,0.10,202.50,0,0.00,0
TX001970,2026-02-26,ST002_Sukhumvit,Supermarket,PRD_BAK_004,Danish Apple,Bakery,5,50.00,0.10,225.00,1,30.00,0
TX001971,2026-01-06,ST005_Ladprao,Hypermarket,PRD_DAI_001,Fresh Milk Pasteurized 1L,Dairy,6,48.00,0.10,259.20,0,0.00,0
TX001972,2026-05-13,ST005_Ladprao,Hypermarket,PRD_PRD_003,Sweet Cherry Tomato,Produce,11,49.00,0.20,431.20,0,0.00,0
TX001973,2026-04-10,ST003_Silom,Express,PRD_PRD_002,Japanese Salad Mix,Produce,3,59.00,0.05,168.15,0,0.00,0
TX001974,2026-05-19,ST003_Silom,Express,PRD_BAK_002,Whole Wheat Bread,Bakery,6,55.00,0.20,264.00,3,99.00,0
TX001975,2026-05-18,ST005_Ladprao,Hypermarket,PRD_BAK_003,Baguette Traditional,Bakery,3,40.00,0.00,120.00,0,0.00,0
TX001976,2026-05-10,ST004_Ari,Supermarket,PRD_DAI_002,Greek Yogurt Plain,Dairy,7,35.00,0.05,232.75,0,0.00,1
TX001977,2026-06-29,ST005_Ladprao,Hypermarket,PRD_BAK_004,Danish Apple,Bakery,10,50.00,0.10,450.00,0,0.00,0
TX001978,2026-04-28,ST005_Ladprao,Hypermarket,PRD_DAI_001,Fresh Milk Pasteurized 1L,Dairy,8,48.00,,345.60,0,0.00,0
TX001979,2026-04-25,ST005_Ladprao,Hypermarket,PRD_BEV_002,Organic Green Tea,Beverages,6,40.00,0.00,240.00,0,0.00,1
TX001980,2026-06-30,ST002_Sukhumvit,Supermarket,PRD_BAK_002,Whole Wheat Bread,Bakery,4,55.00,0.20,176.00,0,0.00,0
TX001981,2026-01-08,ST005_Ladprao,Hypermarket,PRD_DAI_001,Fresh Milk Pasteurized 1L,Dairy,11,48.00,0.10,475.20,0,0.00,0
TX001982,2026-04-12,ST002_Sukhumvit,Supermarket,PRD_BEV_002,Organic Green Tea,Beverages,5,40.00,0.10,180.00,0,0.00,1
TX001983,2026-05-11,ST004_Ari,Supermarket,PRD_BAK_003,Baguette Traditional,Bakery,8,40.00,0.15,272.00,0,0.00,0
TX001984,2026-01-02,ST005_Ladprao,Hypermarket,PRD_BAK_001,Croissant Butter,Bakery,10,45.00,0.20,360.00,0,0.00,0
TX001985,2026-01-17,ST005_Ladprao,Hypermarket,PRD_PRD_003,Sweet Cherry Tomato,Produce,7,49.00,0.20,274.40,0,0.00,1
TX001986,2026-06-03,ST002_Sukhumvit,Supermarket,PRD_BAK_003,Baguette Traditional,Bakery,3,40.00,0.00,120.00,1,24.00,0
TX001987,2026-04-14,ST005_Ladprao,Hypermarket,PRD_BEV_002,Organic Green Tea,Beverages,9,40.00,0.10,324.00,0,0.00,0
TX001988,2026-02-16,ST001_Siam,Hypermarket,PRD_PRD_001,Organic Avocado,Produce,6,69.00,0.05,393.30,0,0.00,0
TX001989,2026-03-06,ST004_Ari,Supermarket,PRD_BAK_002,Whole Wheat Bread,Bakery,4,55.00,0.00,220.00,0,0.00,0
TX001990,2026-01-21,ST003_Silom,Express,PRD_DAI_001,Fresh Milk Pasteurized 1L,Dairy,5,48.00,,240.00,0,0.00,0
TX001991,2026-06-05,ST001_Siam,Hypermarket,PRD_DAI_002,Greek Yogurt Plain,Dairy,6,35.00,0.00,210.00,1,21.00,0
TX001992,2026-01-04,ST001_Siam,Hypermarket,PRD_PRD_002,Japanese Salad Mix,Produce,7,59.00,0.10,371.70,0,0.00,1
TX001993,2026-01-18,ST002_Sukhumvit,Supermarket,PRD_BAK_004,Danish Apple,Bakery,9,50.00,0.20,360.00,0,0.00,1
TX001994,2026-02-25,ST003_Silom,Express,PRD_BAK_002,Whole Wheat Bread,Bakery,7,55.00,0.20,308.00,0,0.00,0
TX001995,2026-06-30,ST002_Sukhumvit,Supermarket,PRD_DAI_002,Greek Yogurt Plain,Dairy,3,35.00,0.00,105.00,0,0.00,0
TX001996,2026-06-09,ST001_Siam,Hypermarket,PRD_DAI_002,Greek Yogurt Plain,Dairy,7,35.00,0.00,245.00,0,0.00,0
TX001997,2026-02-16,ST005_Ladprao,Hypermarket,PRD_DAI_002,Greek Yogurt Plain,Dairy,5,35.00,0.00,175.00,0,0.00,0
TX001998,2026-06-04,ST002_Sukhumvit,Supermarket,PRD_BEV_001,Cold Pressed Orange Juice,Beverages,8,65.00,0.05,494.00,0,0.00,0
TX001999,2026-04-25,ST001_Siam,Hypermarket,PRD_BEV_002,Organic Green Tea,Beverages,5,40.00,0.00,200.00,0,0.00,1
TX002000,2026-03-03,ST004_Ari,Supermarket,PRD_BAK_004,Danish Apple,Bakery,6,50.00,0.10,270.00,0,0.00,0
TX002001,2026-06-18,ST005_Ladprao,Hypermarket,PRD_BAK_002,Whole Wheat Bread,Bakery,9,55.00,0.15,420.75,0,0.00,0
TX002002,2026-05-15,ST005_Ladprao,Hypermarket,PRD_BEV_001,Cold Pressed Orange Juice,Beverages,8,65.00,0.10,468.00,0,0.00,0
TX002003,2026-02-20,ST003_Silom,Express,PRD_BEV_002,Organic Green Tea,Beverages,2,40.00,0.10,72.00,0,0.00,0
TX002004,2026-05-06,ST001_Siam,Hypermarket,PRD_DAI_001,Fresh Milk Pasteurized 1L,Dairy,6,48.00,0.00,288.00,0,0.00,0
TX002005,2026-03-15,ST001_Siam,Hypermarket,PRD_DAI_002,Greek Yogurt Plain,Dairy,8,35.00,0.00,280.00,0,0.00,1
TX002006,2026-05-31,ST005_Ladprao,Hypermarket,PRD_DAI_002,Greek Yogurt Plain,Dairy,5,35.00,0.00,175.00,0,0.00,1
TX002007,2026-03-19,ST004_Ari,Supermarket,PRD_BAK_004,Danish Apple,Bakery,3,50.00,0.05,142.50,0,0.00,0
TX002008,2026-06-25,ST004_Ari,Supermarket,PRD_DAI_002,Greek Yogurt Plain,Dairy,2,35.00,0.00,70.00,1,21.00,0
TX002009,2026-04-28,ST002_Sukhumvit,Supermarket,PRD_BAK_004,Danish Apple,Bakery,6,50.00,0.20,240.00,0,0.00,0
TX002010,2026-06-06,ST001_Siam,Hypermarket,PRD_BAK_001,Croissant Butter,Bakery,10,45.00,0.10,405.00,0,0.00,1
TX002011,2026-03-16,ST001_Siam,Hypermarket,PRD_BAK_004,Danish Apple,Bakery,11,50.00,0.20,440.00,0,0.00,0
TX002012,2026-02-28,ST003_Silom,Express,PRD_PRD_003,Sweet Cherry Tomato,Produce,1,49.00,0.00,49.00,1,29.40,1
TX002013,2026-04-19,ST005_Ladprao,Hypermarket,PRD_BEV_002,Organic Green Tea,Beverages,6,40.00,0.05,228.00,0,0.00,1
TX002014,2026-03-11,ST004_Ari,Supermarket,PRD_BAK_001,Croissant Butter,Bakery,6,45.00,0.10,243.00,0,0.00,0
TX002015,2026-05-05,ST003_Silom,Express,PRD_BEV_001,Cold Pressed Orange Juice,Beverages,2,65.00,0.00,130.00,0,0.00,0
TX002016,2026-06-28,ST004_Ari,Supermarket,PRD_BAK_003,Baguette Traditional,Bakery,6,40.00,0.20,192.00,0,0.00,1
TX002017,2026-05-06,ST001_Siam,Hypermarket,PRD_BAK_003,Baguette Traditional,Bakery,8,40.00,0.15,272.00,0,0.00,0
TX002018,2026-03-07,ST004_Ari,Supermarket,PRD_PRD_001,Organic Avocado,Produce,5,69.00,0.15,293.25,0,0.00,1
TX002019,2026-04-12,ST002_Sukhumvit,Supermarket,PRD_BAK_002,Whole Wheat Bread,Bakery,9,55.00,0.15,420.75,0,0.00,1
TX002020,2026-05-13,ST001_Siam,Hypermarket,PRD_DAI_001,Fresh Milk Pasteurized 1L,Dairy,9,48.00,0.10,388.80,0,0.00,0
TX002021,2026-06-27,ST001_Siam,Hypermarket,PRD_BAK_004,Danish Apple,Bakery,9,50.00,0.10,405.00,0,0.00,1
TX002022,2026-02-06,ST004_Ari,Supermarket,PRD_BEV_001,Cold Pressed Orange Juice,Beverages,4,65.00,0.00,260.00,0,0.00,0
TX002023,2026-03-23,ST001_Siam,Hypermarket,PRD_BEV_001,Cold Pressed Orange Juice,Beverages,5,65.00,0.00,325.00,0,0.00,0
TX002024,2026-03-06,ST002_Sukhumvit,Supermarket,PRD_PRD_002,Japanese Salad Mix,Produce,6,59.00,0.10,318.60,0,0.00,0
TX002025,2026-03-16,ST005_Ladprao,Hypermarket,PRD_BAK_002,Whole Wheat Bread,Bakery,9,55.00,0.00,495.00,1,33.00,0
TX002026,2026-04-23,ST001_Siam,Hypermarket,PRD_BAK_004,Danish Apple,Bakery,11,50.00,0.15,467.50,0,0.00,0
TX002027,2026-02-06,ST005_Ladprao,Hypermarket,PRD_PRD_002,Japanese Salad Mix,Produce,7,59.00,,413.00,0,0.00,0
TX002028,2026-02-13,ST003_Silom,Express,PRD_PRD_002,Japanese Salad Mix,Produce,4,59.00,0.00,236.00,2,70.80,0
TX002029,2026-05-25,ST001_Siam,Hypermarket,PRD_PRD_003,Sweet Cherry Tomato,Produce,10,49.00,0.15,416.50,0,0.00,0
TX002030,2026-06-10,ST001_Siam,Hypermarket,PRD_BEV_001,Cold Pressed Orange Juice,Beverages,9,65.00,0.00,585.00,0,0.00,0
TX002031,2026-04-09,ST003_Silom,Express,PRD_BEV_002,Organic Green Tea,Beverages,5,40.00,0.10,180.00,0,0.00,0
TX002032,2026-06-24,ST004_Ari,Supermarket,PRD_BEV_001,Cold Pressed Orange Juice,Beverages,2,65.00,0.05,123.50,0,0.00,0
TX002033,2026-02-09,ST004_Ari,Supermarket,PRD_DAI_002,Greek Yogurt Plain,Dairy,9,35.00,0.05,299.25,0,0.00,0
TX002034,2026-02-14,ST004_Ari,Supermarket,PRD_PRD_001,Organic Avocado,Produce,4,69.00,0.00,276.00,0,0.00,1
TX002035,2026-04-28,ST004_Ari,Supermarket,PRD_DAI_002,Greek Yogurt Plain,Dairy,5,35.00,0.00,175.00,0,0.00,0
TX002036,2026-06-10,ST003_Silom,Express,PRD_BAK_004,Danish Apple,Bakery,3,50.00,0.10,135.00,0,0.00,0
TX002037,2026-04-10,ST004_Ari,Supermarket,PRD_PRD_002,Japanese Salad Mix,Produce,6,59.00,0.05,336.30,0,0.00,0
TX002038,2026-05-16,ST002_Sukhumvit,Supermarket,PRD_BAK_004,Danish Apple,Bakery,4,50.00,0.00,200.00,0,0.00,1
TX002039,2026-06-08,ST003_Silom,Express,PRD_DAI_001,Fresh Milk Pasteurized 1L,Dairy,2,48.00,0.10,86.40,0,0.00,0
TX002040,2026-04-11,ST002_Sukhumvit,Supermarket,PRD_DAI_001,Fresh Milk Pasteurized 1L,Dairy,3,48.00,0.00,144.00,0,0.00,1
TX002041,2026-06-09,ST004_Ari,Supermarket,PRD_BAK_001,Croissant Butter,Bakery,4,45.00,0.00,180.00,1,27.00,0
TX002042,2026-05-13,ST004_Ari,Supermarket,PRD_BAK_003,Baguette Traditional,Bakery,5,40.00,0.10,180.00,1,24.00,0
TX002043,2026-06-24,ST005_Ladprao,Hypermarket,PRD_BAK_003,Baguette Traditional,Bakery,12,40.00,0.20,384.00,0,0.00,0
TX002044,2026-02-20,ST002_Sukhumvit,Supermarket,PRD_PRD_003,Sweet Cherry Tomato,Produce,2,49.00,0.05,93.10,0,0.00,0
TX002045,2026-03-22,ST005_Ladprao,Hypermarket,PRD_BEV_001,Cold Pressed Orange Juice,Beverages,7,65.00,0.00,455.00,0,0.00,1
TX002046,2026-01-22,ST001_Siam,Hypermarket,PRD_BAK_001,Croissant Butter,Bakery,6,45.00,0.00,270.00,0,0.00,0
TX002047,2026-02-08,ST002_Sukhumvit,Supermarket,PRD_PRD_001,Organic Avocado,Produce,5,69.00,0.00,345.00,0,0.00,1
TX002048,2026-05-30,ST004_Ari,Supermarket,PRD_DAI_001,Fresh Milk Pasteurized 1L,Dairy,5,48.00,0.05,228.00,0,0.00,1
TX002049,2026-02-08,ST002_Sukhumvit,Supermarket,PRD_PRD_003,Sweet Cherry Tomato,Produce,3,49.00,0.00,147.00,0,0.00,1
TX002050,2026-02-10,ST005_Ladprao,Hypermarket,PRD_DAI_002,Greek Yogurt Plain,Dairy,8,35.00,0.10,252.00,0,0.00,0
TX002051,2026-01-30,ST002_Sukhumvit,Supermarket,PRD_DAI_001,Fresh Milk Pasteurized 1L,Dairy,3,48.00,0.00,144.00,0,0.00,0
TX002052,2026-04-08,ST004_Ari,Supermarket,PRD_PRD_003,Sweet Cherry Tomato,Produce,6,49.00,0.10,264.60,0,0.00,0
TX002053,2026-04-23,ST005_Ladprao,Hypermarket,PRD_BEV_001,Cold Pressed Orange Juice,Beverages,7,65.00,,455.00,0,0.00,0
TX002054,2026-05-06,ST005_Ladprao,Hypermarket,PRD_PRD_002,Japanese Salad Mix,Produce,11,59.00,0.05,616.55,0,0.00,0
TX002055,2026-03-18,ST004_Ari,Supermarket,PRD_BAK_003,Baguette Traditional,Bakery,4,40.00,0.00,160.00,0,0.00,0
TX002056,2026-06-21,ST002_Sukhumvit,Supermarket,PRD_BEV_002,Organic Green Tea,Beverages,4,40.00,0.05,152.00,0,0.00,1
TX002057,2026-05-07,ST001_Siam,Hypermarket,PRD_BEV_001,Cold Pressed Orange Juice,Beverages,11,65.00,0.10,643.50,0,0.00,0
TX002058,2026-03-06,ST002_Sukhumvit,Supermarket,PRD_DAI_002,Greek Yogurt Plain,Dairy,8,35.00,0.05,266.00,0,0.00,0
TX002059,2026-02-12,ST001_Siam,Hypermarket,PRD_BEV_002,Organic Green Tea,Beverages,6,40.00,0.00,240.00,0,0.00,0
TX002060,2026-04-21,ST003_Silom,Express,PRD_BAK_001,Croissant Butter,Bakery,4,45.00,0.05,171.00,0,0.00,0
TX002061,2026-05-22,ST001_Siam,Hypermarket,PRD_BAK_003,Baguette Traditional,Bakery,6,40.00,0.15,204.00,1,24.00,0
TX002062,2026-05-01,ST004_Ari,Supermarket,PRD_PRD_003,Sweet Cherry Tomato,Produce,4,49.00,0.00,196.00,0,0.00,0
TX002063,2026-04-07,ST003_Silom,Express,PRD_PRD_002,Japanese Salad Mix,Produce,7,59.00,0.15,351.05,0,0.00,0
TX002064,2026-03-30,ST003_Silom,Express,PRD_DAI_002,Greek Yogurt Plain,Dairy,1,35.00,0.00,35.00,0,0.00,0
TX002065,2026-04-26,ST001_Siam,Hypermarket,PRD_BEV_002,Organic Green Tea,Beverages,9,40.00,0.05,342.00,0,0.00,1
TX002066,2026-01-28,ST002_Sukhumvit,Supermarket,PRD_BAK_002,Whole Wheat Bread,Bakery,2,55.00,0.00,110.00,0,0.00,0
TX002067,2026-03-02,ST001_Siam,Hypermarket,PRD_BAK_002,Whole Wheat Bread,Bakery,6,55.00,0.00,330.00,0,0.00,0
TX002068,2026-01-19,ST002_Sukhumvit,Supermarket,PRD_BEV_001,Cold Pressed Orange Juice,Beverages,3,65.00,0.10,175.50,0,0.00,0
TX002069,2026-06-20,ST001_Siam,Hypermarket,PRD_BEV_001,Cold Pressed Orange Juice,Beverages,7,65.00,0.00,455.00,0,0.00,1
TX002070,2026-02-17,ST001_Siam,Hypermarket,PRD_BAK_002,Whole Wheat Bread,Bakery,7,55.00,0.00,385.00,0,0.00,0
TX002071,2026-02-23,ST001_Siam,Hypermarket,PRD_BAK_002,Whole Wheat Bread,Bakery,7,55.00,0.10,346.50,0,0.00,0
TX002072,2026-05-07,ST005_Ladprao,Hypermarket,PRD_BAK_003,Baguette Traditional,Bakery,10,40.00,0.10,360.00,0,0.00,0
TX002073,2026-01-16,ST004_Ari,Supermarket,PRD_BAK_003,Baguette Traditional,Bakery,7,40.00,0.15,238.00,0,0.00,0
TX002074,2026-05-19,ST005_Ladprao,Hypermarket,PRD_BAK_004,Danish Apple,Bakery,10,50.00,0.20,400.00,0,0.00,0
TX002075,2026-02-18,ST002_Sukhumvit,Supermarket,PRD_PRD_002,Japanese Salad Mix,Produce,6,59.00,0.00,354.00,0,0.00,0
TX002076,2026-05-10,ST003_Silom,Express,PRD_BAK_004,Danish Apple,Bakery,6,50.00,,270.00,1,30.00,1
TX002077,2026-06-24,ST003_Silom,Express,PRD_PRD_001,Organic Avocado,Produce,4,69.00,0.00,276.00,2,82.80,0
TX002078,2026-06-08,ST004_Ari,Supermarket,PRD_BAK_002,Whole Wheat Bread,Bakery,7,55.00,0.20,308.00,0,0.00,0
TX002079,2026-01-04,ST001_Siam,Hypermarket,PRD_PRD_002,Japanese Salad Mix,Produce,9,59.00,0.15,451.35,0,0.00,1
TX002080,2026-01-17,ST005_Ladprao,Hypermarket,PRD_PRD_001,Organic Avocado,Produce,6,69.00,0.20,331.20,0,0.00,1
TX002081,2026-05-03,ST003_Silom,Express,PRD_DAI_001,Fresh Milk Pasteurized 1L,Dairy,4,48.00,0.05,182.40,0,0.00,1
TX002082,2026-05-31,ST002_Sukhumvit,Supermarket,PRD_BAK_001,Croissant Butter,Bakery,5,45.00,0.20,180.00,0,0.00,1
TX002083,2026-04-29,ST003_Silom,Express,PRD_PRD_003,Sweet Cherry Tomato,Produce,6,49.00,0.10,264.60,1,29.40,0
TX002084,2026-04-09,ST004_Ari,Supermarket,PRD_BAK_001,Croissant Butter,Bakery,5,45.00,0.00,225.00,0,0.00,0
TX002085,2026-04-04,ST001_Siam,Hypermarket,PRD_PRD_003,Sweet Cherry Tomato,Produce,8,49.00,0.20,313.60,0,0.00,1
TX002086,2026-02-17,ST002_Sukhumvit,Supermarket,PRD_BAK_002,Whole Wheat Bread,Bakery,4,55.00,,220.00,0,0.00,0
TX002087,2026-04-11,ST002_Sukhumvit,Supermarket,PRD_PRD_001,Organic Avocado,Produce,7,69.00,0.15,410.55,0,0.00,1
TX002088,2026-06-05,ST004_Ari,Supermarket,PRD_PRD_003,Sweet Cherry Tomato,Produce,6,49.00,0.10,264.60,0,0.00,0
TX002089,2026-01-28,ST001_Siam,Hypermarket,PRD_PRD_002,Japanese Salad Mix,Produce,9,59.00,0.20,424.80,0,0.00,0
TX002090,2026-03-02,ST005_Ladprao,Hypermarket,PRD_DAI_001,Fresh Milk Pasteurized 1L,Dairy,6,48.00,0.00,288.00,0,0.00,0
TX002091,2026-06-11,ST003_Silom,Express,PRD_BEV_002,Organic Green Tea,Beverages,5,40.00,0.10,180.00,0,0.00,0
TX002092,2026-05-16,ST003_Silom,Express,PRD_PRD_002,Japanese Salad Mix,Produce,4,59.00,0.20,188.80,3,106.20,1
TX002093,2026-05-02,ST001_Siam,Hypermarket,PRD_BAK_001,Croissant Butter,Bakery,7,45.00,0.10,283.50,0,0.00,1
TX002094,2026-03-22,ST004_Ari,Supermarket,PRD_PRD_001,Organic Avocado,Produce,7,69.00,0.15,410.55,0,0.00,1
TX002095,2026-06-28,ST002_Sukhumvit,Supermarket,PRD_BAK_003,Baguette Traditional,Bakery,5,40.00,0.05,190.00,0,0.00,1
TX002096,2026-06-06,ST002_Sukhumvit,Supermarket,PRD_BAK_004,Danish Apple,Bakery,4,50.00,0.10,180.00,0,0.00,1
TX002097,2026-03-22,ST005_Ladprao,Hypermarket,PRD_BAK_002,Whole Wheat Bread,Bakery,8,55.00,0.10,396.00,0,0.00,1
TX002098,2026-06-04,ST003_Silom,Express,PRD_BAK_002,Whole Wheat Bread,Bakery,2,55.00,0.10,99.00,0,0.00,0
TX002099,2026-03-12,ST002_Sukhumvit,Supermarket,PRD_PRD_002,Japanese Salad Mix,Produce,3,59.00,0.00,177.00,1,35.40,0
TX002100,2026-06-08,ST004_Ari,Supermarket,PRD_DAI_002,Greek Yogurt Plain,Dairy,5,35.00,0.00,175.00,0,0.00,0
TX002101,2026-05-18,ST002_Sukhumvit,Supermarket,PRD_BEV_002,Organic Green Tea,Beverages,1,40.00,0.00,40.00,0,0.00,0
TX002102,2026-01-31,ST003_Silom,Express,PRD_BAK_001,Croissant Butter,Bakery,7,45.00,0.20,252.00,0,0.00,1
TX002103,2026-04-07,ST004_Ari,Supermarket,PRD_BAK_001,Croissant Butter,Bakery,4,45.00,0.05,171.00,0,0.00,0
TX002104,2026-01-07,ST001_Siam,Hypermarket,PRD_BEV_002,Organic Green Tea,Beverages,10,40.00,0.10,360.00,0,0.00,0
TX002105,2026-06-10,ST004_Ari,Supermarket,PRD_DAI_002,Greek Yogurt Plain,Dairy,5,35.00,0.00,175.00,0,0.00,0
TX002106,2026-01-28,ST003_Silom,Express,PRD_DAI_001,Fresh Milk Pasteurized 1L,Dairy,5,48.00,0.05,228.00,0,0.00,0
TX002107,2026-03-24,ST001_Siam,Hypermarket,PRD_BAK_002,Whole Wheat Bread,Bakery,9,55.00,0.00,495.00,0,0.00,0
TX002108,2026-04-05,ST002_Sukhumvit,Supermarket,PRD_PRD_002,Japanese Salad Mix,Produce,6,59.00,0.20,283.20,0,0.00,1
TX002109,2026-02-15,ST003_Silom,Express,PRD_BEV_001,Cold Pressed Orange Juice,Beverages,4,65.00,0.00,260.00,0,0.00,1
TX002110,2026-05-26,ST001_Siam,Hypermarket,PRD_DAI_002,Greek Yogurt Plain,Dairy,6,35.00,0.00,210.00,0,0.00,0
TX002111,2026-02-05,ST002_Sukhumvit,Supermarket,PRD_BAK_002,Whole Wheat Bread,Bakery,4,55.00,0.15,187.00,0,0.00,0
TX002112,2026-01-24,ST003_Silom,Express,PRD_PRD_002,Japanese Salad Mix,Produce,5,59.00,0.05,280.25,2,70.80,1
TX002113,2026-01-16,ST005_Ladprao,Hypermarket,PRD_PRD_003,Sweet Cherry Tomato,Produce,10,49.00,0.20,392.00,0,0.00,0
TX002114,2026-02-23,ST004_Ari,Supermarket,PRD_BAK_003,Baguette Traditional,Bakery,2,40.00,0.00,80.00,0,0.00,0
TX002115,2026-02-28,ST002_Sukhumvit,Supermarket,PRD_BAK_001,Croissant Butter,Bakery,7,45.00,0.20,252.00,0,0.00,1
TX002116,2026-05-03,ST001_Siam,Hypermarket,PRD_BAK_001,Croissant Butter,Bakery,6,45.00,0.00,270.00,0,0.00,1
TX002117,2026-02-05,ST005_Ladprao,Hypermarket,PRD_PRD_002,Japanese Salad Mix,Produce,6,59.00,0.05,336.30,0,0.00,0
TX002118,2026-03-16,ST004_Ari,Supermarket,PRD_BAK_001,Croissant Butter,Bakery,8,45.00,0.20,288.00,0,0.00,0
TX002119,2026-01-18,ST001_Siam,Hypermarket,PRD_BAK_004,Danish Apple,Bakery,10,50.00,0.15,425.00,0,0.00,1
TX002120,2026-01-21,ST005_Ladprao,Hypermarket,PRD_PRD_002,Japanese Salad Mix,Produce,9,59.00,0.15,451.35,0,0.00,0
TX002121,2026-02-24,ST002_Sukhumvit,Supermarket,PRD_DAI_002,Greek Yogurt Plain,Dairy,7,35.00,0.00,245.00,0,0.00,0
TX002122,2026-05-11,ST004_Ari,Supermarket,PRD_BAK_003,Baguette Traditional,Bakery,3,40.00,0.00,120.00,0,0.00,0
TX002123,2026-02-20,ST003_Silom,Express,PRD_PRD_001,Organic Avocado,Produce,5,69.00,0.10,310.50,2,82.80,0
TX002124,2026-06-16,ST005_Ladprao,Hypermarket,PRD_PRD_003,Sweet Cherry Tomato,Produce,7,49.00,0.00,343.00,0,0.00,0
TX002125,2026-02-22,ST002_Sukhumvit,Supermarket,PRD_BEV_001,Cold Pressed Orange Juice,Beverages,5,65.00,0.05,308.75,0,0.00,1
TX002126,2026-06-01,ST003_Silom,Express,PRD_PRD_002,Japanese Salad Mix,Produce,6,59.00,0.10,318.60,0,0.00,0
TX002127,2026-03-06,ST002_Sukhumvit,Supermarket,PRD_DAI_002,Greek Yogurt Plain,Dairy,5,35.00,0.00,175.00,0,0.00,0
TX002128,2026-02-16,ST003_Silom,Express,PRD_BAK_004,Danish Apple,Bakery,6,50.00,0.10,270.00,0,0.00,0
TX002129,2026-06-04,ST002_Sukhumvit,Supermarket,PRD_DAI_001,Fresh Milk Pasteurized 1L,Dairy,5,48.00,0.10,216.00,0,0.00,0
TX002130,2026-06-20,ST002_Sukhumvit,Supermarket,PRD_BAK_002,Whole Wheat Bread,Bakery,6,55.00,0.15,280.50,1,33.00,1
TX002131,2026-01-03,ST003_Silom,Express,PRD_BAK_001,Croissant Butter,Bakery,2,45.00,0.05,85.50,0,0.00,1
TX002132,2026-04-05,ST002_Sukhumvit,Supermarket,PRD_BEV_002,Organic Green Tea,Beverages,5,40.00,0.00,200.00,0,0.00,1
TX002133,2026-04-06,ST001_Siam,Hypermarket,PRD_PRD_001,Organic Avocado,Produce,7,69.00,0.10,434.70,1,41.40,0
TX002134,2026-02-06,ST003_Silom,Express,PRD_DAI_001,Fresh Milk Pasteurized 1L,Dairy,5,48.00,0.00,240.00,0,0.00,0
TX002135,2026-05-02,ST002_Sukhumvit,Supermarket,PRD_BAK_001,Croissant Butter,Bakery,6,45.00,0.00,270.00,1,27.00,1
TX002136,2026-05-23,ST003_Silom,Express,PRD_PRD_001,Organic Avocado,Produce,7,69.00,0.00,483.00,0,0.00,1
TX002137,2026-06-27,ST002_Sukhumvit,Supermarket,PRD_BAK_004,Danish Apple,Bakery,3,50.00,0.00,150.00,1,30.00,1
TX002138,2026-04-30,ST004_Ari,Supermarket,PRD_BAK_003,Baguette Traditional,Bakery,4,40.00,0.00,160.00,1,24.00,0
TX002139,2026-03-13,ST003_Silom,Express,PRD_DAI_001,Fresh Milk Pasteurized 1L,Dairy,4,48.00,0.00,192.00,2,57.60,0
TX002140,2026-03-02,ST004_Ari,Supermarket,PRD_BAK_001,Croissant Butter,Bakery,9,45.00,0.20,324.00,0,0.00,0
TX002141,2026-06-29,ST004_Ari,Supermarket,PRD_BAK_004,Danish Apple,Bakery,7,50.00,0.20,280.00,0,0.00,0
TX002142,2026-04-04,ST001_Siam,Hypermarket,PRD_BEV_001,Cold Pressed Orange Juice,Beverages,6,65.00,0.05,370.50,0,0.00,1
TX002143,2026-04-06,ST005_Ladprao,Hypermarket,PRD_DAI_002,Greek Yogurt Plain,Dairy,7,35.00,0.00,245.00,0,0.00,0
TX002144,2026-04-15,ST002_Sukhumvit,Supermarket,PRD_BEV_001,Cold Pressed Orange Juice,Beverages,2,65.00,0.10,117.00,0,0.00,0
TX002145,2026-06-22,ST004_Ari,Supermarket,PRD_BEV_002,Organic Green Tea,Beverages,9,40.00,0.10,324.00,0,0.00,0
TX002146,2026-06-04,ST003_Silom,Express,PRD_BAK_003,Baguette Traditional,Bakery,6,40.00,0.05,228.00,0,0.00,0
TX002147,2026-06-24,ST002_Sukhumvit,Supermarket,PRD_BAK_001,Croissant Butter,Bakery,4,45.00,0.05,171.00,0,0.00,0
TX002148,2026-06-10,ST002_Sukhumvit,Supermarket,PRD_BEV_001,Cold Pressed Orange Juice,Beverages,2,65.00,0.05,123.50,0,0.00,0
TX002149,2026-02-05,ST002_Sukhumvit,Supermarket,PRD_PRD_003,Sweet Cherry Tomato,Produce,4,49.00,0.00,196.00,0,0.00,0
TX002150,2026-05-09,ST005_Ladprao,Hypermarket,PRD_BAK_001,Croissant Butter,Bakery,9,45.00,0.15,344.25,0,0.00,1
TX002151,2026-02-12,ST002_Sukhumvit,Supermarket,PRD_BEV_002,Organic Green Tea,Beverages,5,40.00,0.05,190.00,0,0.00,0
TX002152,2026-04-06,ST005_Ladprao,Hypermarket,PRD_PRD_003,Sweet Cherry Tomato,Produce,8,49.00,0.15,333.20,0,0.00,0
TX002153,2026-06-26,ST001_Siam,Hypermarket,PRD_BAK_004,Danish Apple,Bakery,8,50.00,0.20,320.00,0,0.00,0
TX002154,2026-06-27,ST002_Sukhumvit,Supermarket,PRD_BAK_001,Croissant Butter,Bakery,7,45.00,0.15,267.75,0,0.00,1
TX002155,2026-03-20,ST002_Sukhumvit,Supermarket,PRD_PRD_003,Sweet Cherry Tomato,Produce,3,49.00,0.05,139.65,0,0.00,0
TX002156,2026-01-25,ST002_Sukhumvit,Supermarket,PRD_BAK_001,Croissant Butter,Bakery,5,45.00,0.00,225.00,1,27.00,1
TX002157,2026-01-19,ST001_Siam,Hypermarket,PRD_PRD_001,Organic Avocado,Produce,10,69.00,0.10,621.00,0,0.00,0
TX002158,2026-06-28,ST005_Ladprao,Hypermarket,PRD_PRD_001,Organic Avocado,Produce,7,69.00,0.05,458.85,0,0.00,1
TX002159,2026-04-20,ST005_Ladprao,Hypermarket,PRD_BEV_001,Cold Pressed Orange Juice,Beverages,7,65.00,0.10,409.50,0,0.00,0
TX002160,2026-05-08,ST003_Silom,Express,PRD_PRD_002,Japanese Salad Mix,Produce,2,59.00,0.00,118.00,1,35.40,0
TX002161,2026-01-26,ST004_Ari,Supermarket,PRD_BEV_001,Cold Pressed Orange Juice,Beverages,6,65.00,0.05,370.50,0,0.00,0
TX002162,2026-01-07,ST004_Ari,Supermarket,PRD_BAK_001,Croissant Butter,Bakery,6,45.00,0.10,243.00,0,0.00,0
TX002163,2026-03-04,ST001_Siam,Hypermarket,PRD_DAI_001,Fresh Milk Pasteurized 1L,Dairy,7,48.00,0.10,302.40,0,0.00,0
TX002164,2026-05-01,ST001_Siam,Hypermarket,PRD_PRD_002,Japanese Salad Mix,Produce,5,59.00,0.05,280.25,0,0.00,0
TX002165,2026-01-25,ST001_Siam,Hypermarket,PRD_BEV_002,Organic Green Tea,Beverages,6,40.00,0.00,240.00,0,0.00,1
TX002166,2026-01-08,ST005_Ladprao,Hypermarket,PRD_DAI_001,Fresh Milk Pasteurized 1L,Dairy,5,48.00,0.00,240.00,0,0.00,0
TX002167,2026-05-18,ST001_Siam,Hypermarket,PRD_PRD_001,Organic Avocado,Produce,9,69.00,0.15,527.85,0,0.00,0
TX002168,2026-02-14,ST004_Ari,Supermarket,PRD_PRD_001,Organic Avocado,Produce,7,69.00,0.00,483.00,0,0.00,1
TX002169,2026-01-20,ST002_Sukhumvit,Supermarket,PRD_DAI_001,Fresh Milk Pasteurized 1L,Dairy,6,48.00,0.10,259.20,0,0.00,0
TX002170,2026-06-17,ST002_Sukhumvit,Supermarket,PRD_PRD_003,Sweet Cherry Tomato,Produce,4,49.00,0.00,196.00,0,0.00,0
TX002171,2026-05-07,ST002_Sukhumvit,Supermarket,PRD_DAI_001,Fresh Milk Pasteurized 1L,Dairy,6,48.00,0.00,288.00,1,28.80,0
TX002172,2026-05-25,ST001_Siam,Hypermarket,PRD_DAI_001,Fresh Milk Pasteurized 1L,Dairy,10,48.00,0.10,432.00,0,0.00,0
TX002173,2026-01-06,ST005_Ladprao,Hypermarket,PRD_PRD_002,Japanese Salad Mix,Produce,8,59.00,0.20,377.60,1,35.40,0
TX002174,2026-06-29,ST004_Ari,Supermarket,PRD_BAK_002,Whole Wheat Bread,Bakery,7,55.00,0.00,385.00,0,0.00,0
TX002175,2026-05-10,ST002_Sukhumvit,Supermarket,PRD_BAK_003,Baguette Traditional,Bakery,6,40.00,0.00,240.00,1,24.00,1
TX002176,2026-06-18,ST005_Ladprao,Hypermarket,PRD_PRD_002,Japanese Salad Mix,Produce,9,59.00,0.15,451.35,0,0.00,0
TX002177,2026-06-18,ST002_Sukhumvit,Supermarket,PRD_BEV_001,Cold Pressed Orange Juice,Beverages,6,65.00,0.10,351.00,0,0.00,0
TX002178,2026-06-29,ST004_Ari,Supermarket,PRD_BAK_001,Croissant Butter,Bakery,5,45.00,0.05,213.75,1,27.00,0
TX002179,2026-05-30,ST005_Ladprao,Hypermarket,PRD_BAK_001,Croissant Butter,Bakery,7,45.00,0.05,299.25,0,0.00,1
TX002180,2026-03-04,ST004_Ari,Supermarket,PRD_BAK_004,Danish Apple,Bakery,4,50.00,0.00,200.00,1,30.00,0
TX002181,2026-05-22,ST005_Ladprao,Hypermarket,PRD_BAK_002,Whole Wheat Bread,Bakery,5,55.00,0.00,275.00,1,33.00,0
TX002182,2026-05-03,ST005_Ladprao,Hypermarket,PRD_BAK_002,Whole Wheat Bread,Bakery,10,55.00,0.15,467.50,0,0.00,1
TX002183,2026-02-27,ST003_Silom,Express,PRD_PRD_003,Sweet Cherry Tomato,Produce,5,49.00,0.00,245.00,0,0.00,0
TX002184,2026-03-24,ST004_Ari,Supermarket,PRD_BAK_001,Croissant Butter,Bakery,3,45.00,0.00,135.00,0,0.00,0
TX002185,2026-02-27,ST002_Sukhumvit,Supermarket,PRD_DAI_001,Fresh Milk Pasteurized 1L,Dairy,2,48.00,0.10,86.40,0,0.00,0
TX002186,2026-02-10,ST002_Sukhumvit,Supermarket,PRD_BEV_001,Cold Pressed Orange Juice,Beverages,4,65.00,0.05,247.00,0,0.00,0
TX002187,2026-05-24,ST001_Siam,Hypermarket,PRD_BAK_003,Baguette Traditional,Bakery,10,40.00,0.20,320.00,1,24.00,1
TX002188,2026-03-29,ST003_Silom,Express,PRD_DAI_002,Greek Yogurt Plain,Dairy,5,35.00,0.05,166.25,0,0.00,1
TX002189,2026-05-01,ST005_Ladprao,Hypermarket,PRD_DAI_001,Fresh Milk Pasteurized 1L,Dairy,8,48.00,0.10,345.60,0,0.00,0
TX002190,2026-06-24,ST005_Ladprao,Hypermarket,PRD_BEV_001,Cold Pressed Orange Juice,Beverages,3,65.00,0.00,195.00,0,0.00,0
TX002191,2026-05-06,ST003_Silom,Express,PRD_DAI_002,Greek Yogurt Plain,Dairy,3,35.00,0.00,105.00,2,42.00,0
TX002192,2026-05-12,ST002_Sukhumvit,Supermarket,PRD_PRD_002,Japanese Salad Mix,Produce,7,59.00,0.05,392.35,0,0.00,0
TX002193,2026-03-27,ST005_Ladprao,Hypermarket,PRD_BEV_002,Organic Green Tea,Beverages,7,40.00,0.10,252.00,0,0.00,0
TX002194,2026-06-21,ST002_Sukhumvit,Supermarket,PRD_BEV_001,Cold Pressed Orange Juice,Beverages,5,65.00,0.00,325.00,0,0.00,1
TX002195,2026-05-19,ST005_Ladprao,Hypermarket,PRD_PRD_002,Japanese Salad Mix,Produce,4,59.00,0.00,236.00,0,0.00,0
TX002196,2026-02-14,ST001_Siam,Hypermarket,PRD_PRD_001,Organic Avocado,Produce,10,69.00,0.20,552.00,0,0.00,1
TX002197,2026-06-15,ST004_Ari,Supermarket,PRD_PRD_002,Japanese Salad Mix,Produce,7,59.00,0.00,413.00,0,0.00,0
TX002198,2026-05-26,ST004_Ari,Supermarket,PRD_DAI_002,Greek Yogurt Plain,Dairy,6,35.00,0.05,199.50,0,0.00,0
TX002199,2026-05-21,ST004_Ari,Supermarket,PRD_BAK_001,Croissant Butter,Bakery,6,45.00,0.00,270.00,2,54.00,0
TX002200,2026-05-21,ST005_Ladprao,Hypermarket,PRD_PRD_001,Organic Avocado,Produce,7,69.00,0.15,410.55,0,0.00,0
TX002201,2026-01-14,ST004_Ari,Supermarket,PRD_BEV_002,Organic Green Tea,Beverages,4,40.00,0.10,144.00,0,0.00,0
TX002202,2026-02-16,ST001_Siam,Hypermarket,PRD_PRD_002,Japanese Salad Mix,Produce,5,59.00,0.00,295.00,1,35.40,0
TX002203,2026-02-02,ST001_Siam,Hypermarket,PRD_BEV_002,Organic Green Tea,Beverages,8,40.00,0.10,288.00,0,0.00,0
TX002204,2026-05-26,ST001_Siam,Hypermarket,PRD_BAK_001,Croissant Butter,Bakery,5,45.00,0.00,225.00,0,0.00,0
TX002205,2026-03-01,ST002_Sukhumvit,Supermarket,PRD_BEV_001,Cold Pressed Orange Juice,Beverages,7,65.00,0.05,432.25,0,0.00,1
TX002206,2026-03-02,ST002_Sukhumvit,Supermarket,PRD_BAK_001,Croissant Butter,Bakery,4,45.00,0.15,153.00,0,0.00,0
TX002207,2026-04-09,ST002_Sukhumvit,Supermarket,PRD_DAI_002,Greek Yogurt Plain,Dairy,3,35.00,0.00,105.00,0,0.00,0
TX002208,2026-06-07,ST003_Silom,Express,PRD_DAI_001,Fresh Milk Pasteurized 1L,Dairy,6,48.00,0.00,288.00,3,86.40,1
TX002209,2026-02-12,ST002_Sukhumvit,Supermarket,PRD_BAK_004,Danish Apple,Bakery,6,50.00,0.05,285.00,0,0.00,0
TX002210,2026-06-03,ST004_Ari,Supermarket,PRD_DAI_001,Fresh Milk Pasteurized 1L,Dairy,5,48.00,0.00,240.00,0,0.00,0
TX002211,2026-04-15,ST004_Ari,Supermarket,PRD_DAI_001,Fresh Milk Pasteurized 1L,Dairy,4,48.00,0.00,192.00,0,0.00,0
TX002212,2026-05-19,ST003_Silom,Express,PRD_BAK_004,Danish Apple,Bakery,4,50.00,0.20,160.00,0,0.00,0
TX002213,2026-05-15,ST003_Silom,Express,PRD_PRD_002,Japanese Salad Mix,Produce,1,59.00,0.00,59.00,0,0.00,0
TX002214,2026-04-06,ST002_Sukhumvit,Supermarket,PRD_BAK_002,Whole Wheat Bread,Bakery,6,55.00,0.15,280.50,0,0.00,0
TX002215,2026-02-13,ST004_Ari,Supermarket,PRD_BAK_004,Danish Apple,Bakery,4,50.00,0.00,200.00,1,30.00,0
TX002216,2026-03-01,ST004_Ari,Supermarket,PRD_BEV_001,Cold Pressed Orange Juice,Beverages,8,65.00,0.10,468.00,0,0.00,1
TX002217,2026-01-17,ST004_Ari,Supermarket,PRD_BAK_001,Croissant Butter,Bakery,5,45.00,0.10,202.50,0,0.00,1
TX002218,2026-01-06,ST004_Ari,Supermarket,PRD_PRD_003,Sweet Cherry Tomato,Produce,5,49.00,0.20,196.00,0,0.00,0
TX002219,2026-03-10,ST003_Silom,Express,PRD_PRD_001,Organic Avocado,Produce,5,69.00,0.10,310.50,2,82.80,0
TX002220,2026-05-16,ST002_Sukhumvit,Supermarket,PRD_BAK_001,Croissant Butter,Bakery,8,45.00,0.10,324.00,0,0.00,1
TX002221,2026-01-24,ST002_Sukhumvit,Supermarket,PRD_BAK_002,Whole Wheat Bread,Bakery,6,55.00,0.15,280.50,1,33.00,1
TX002222,2026-04-26,ST002_Sukhumvit,Supermarket,PRD_PRD_001,Organic Avocado,Produce,5,69.00,0.00,345.00,0,0.00,1
TX002223,2026-03-21,ST002_Sukhumvit,Supermarket,PRD_DAI_002,Greek Yogurt Plain,Dairy,3,35.00,0.00,105.00,0,0.00,1
TX002224,2026-01-14,ST005_Ladprao,Hypermarket,PRD_BEV_002,Organic Green Tea,Beverages,6,40.00,0.00,240.00,0,0.00,0
TX002225,2026-01-05,ST002_Sukhumvit,Supermarket,PRD_BEV_001,Cold Pressed Orange Juice,Beverages,6,65.00,0.00,390.00,2,78.00,0
TX002226,2026-02-01,ST004_Ari,Supermarket,PRD_DAI_002,Greek Yogurt Plain,Dairy,7,35.00,0.05,232.75,0,0.00,1
TX002227,2026-02-17,ST002_Sukhumvit,Supermarket,PRD_BAK_001,Croissant Butter,Bakery,7,45.00,,299.25,0,0.00,0
TX002228,2026-05-10,ST001_Siam,Hypermarket,PRD_PRD_003,Sweet Cherry Tomato,Produce,4,49.00,0.00,196.00,1,29.40,1
TX002229,2026-06-05,ST003_Silom,Express,PRD_BEV_001,Cold Pressed Orange Juice,Beverages,5,65.00,0.05,308.75,0,0.00,0
TX002230,2026-01-29,ST002_Sukhumvit,Supermarket,PRD_BAK_003,Baguette Traditional,Bakery,6,40.00,0.20,192.00,0,0.00,0
TX002231,2026-03-15,ST004_Ari,Supermarket,PRD_DAI_002,Greek Yogurt Plain,Dairy,5,35.00,0.10,157.50,0,0.00,1
TX002232,2026-05-19,ST004_Ari,Supermarket,PRD_DAI_002,Greek Yogurt Plain,Dairy,9,35.00,0.10,283.50,0,0.00,0
TX002233,2026-04-14,ST003_Silom,Express,PRD_DAI_002,Greek Yogurt Plain,Dairy,3,35.00,0.10,94.50,0,0.00,0
TX002234,2026-02-02,ST001_Siam,Hypermarket,PRD_BAK_004,Danish Apple,Bakery,5,50.00,0.00,250.00,0,0.00,0
TX002235,2026-04-16,ST004_Ari,Supermarket,PRD_PRD_003,Sweet Cherry Tomato,Produce,4,49.00,0.05,186.20,0,0.00,0
TX002236,2026-02-20,ST001_Siam,Hypermarket,PRD_BAK_004,Danish Apple,Bakery,8,50.00,0.10,360.00,0,0.00,0
TX002237,2026-02-05,ST003_Silom,Express,PRD_PRD_003,Sweet Cherry Tomato,Produce,1,49.00,0.00,49.00,3,88.20,0
TX002238,2026-04-13,ST004_Ari,Supermarket,PRD_DAI_001,Fresh Milk Pasteurized 1L,Dairy,3,48.00,0.05,136.80,0,0.00,0
TX002239,2026-04-17,ST001_Siam,Hypermarket,PRD_BAK_004,Danish Apple,Bakery,9,50.00,0.00,450.00,0,0.00,0
TX002240,2026-04-30,ST004_Ari,Supermarket,PRD_BEV_002,Organic Green Tea,Beverages,3,40.00,0.10,108.00,0,0.00,0
TX002241,2026-05-12,ST005_Ladprao,Hypermarket,PRD_DAI_001,Fresh Milk Pasteurized 1L,Dairy,9,48.00,0.00,432.00,0,0.00,0
TX002242,2026-02-19,ST003_Silom,Express,PRD_DAI_002,Greek Yogurt Plain,Dairy,2,35.00,0.00,70.00,3,63.00,0
TX002243,2026-01-16,ST001_Siam,Hypermarket,PRD_DAI_002,Greek Yogurt Plain,Dairy,8,35.00,0.00,280.00,0,0.00,0
TX002244,2026-04-25,ST004_Ari,Supermarket,PRD_PRD_002,Japanese Salad Mix,Produce,4,59.00,0.15,200.60,0,0.00,1
TX002245,2026-05-13,ST005_Ladprao,Hypermarket,PRD_BAK_002,Whole Wheat Bread,Bakery,9,55.00,0.10,445.50,0,0.00,0
TX002246,2026-05-12,ST001_Siam,Hypermarket,PRD_BEV_002,Organic Green Tea,Beverages,7,40.00,0.00,280.00,0,0.00,0
TX002247,2026-04-23,ST003_Silom,Express,PRD_BAK_003,Baguette Traditional,Bakery,3,40.00,0.00,120.00,0,0.00,0
TX002248,2026-06-07,ST004_Ari,Supermarket,PRD_PRD_001,Organic Avocado,Produce,6,69.00,0.10,372.60,1,41.40,1
TX002249,2026-04-18,ST005_Ladprao,Hypermarket,PRD_BAK_004,Danish Apple,Bakery,9,50.00,0.10,405.00,0,0.00,1
TX002250,2026-02-23,ST001_Siam,Hypermarket,PRD_BAK_002,Whole Wheat Bread,Bakery,3,55.00,0.00,165.00,0,0.00,0
TX002251,2026-05-04,ST001_Siam,Hypermarket,PRD_BAK_004,Danish Apple,Bakery,9,50.00,0.10,405.00,0,0.00,0
TX002252,2026-06-21,ST004_Ari,Supermarket,PRD_PRD_002,Japanese Salad Mix,Produce,6,59.00,0.15,300.90,0,0.00,1
TX002253,2026-05-01,ST003_Silom,Express,PRD_BEV_001,Cold Pressed Orange Juice,Beverages,3,65.00,0.05,185.25,0,0.00,0
TX002254,2026-05-31,ST005_Ladprao,Hypermarket,PRD_BEV_002,Organic Green Tea,Beverages,6,40.00,0.05,228.00,0,0.00,1
TX002255,2026-03-04,ST002_Sukhumvit,Supermarket,PRD_BAK_001,Croissant Butter,Bakery,4,45.00,0.10,162.00,0,0.00,0
TX002256,2026-04-14,ST001_Siam,Hypermarket,PRD_BEV_001,Cold Pressed Orange Juice,Beverages,7,65.00,0.05,432.25,0,0.00,0
TX002257,2026-02-07,ST005_Ladprao,Hypermarket,PRD_BAK_004,Danish Apple,Bakery,7,50.00,0.00,350.00,0,0.00,1
TX002258,2026-06-28,ST005_Ladprao,Hypermarket,PRD_DAI_002,Greek Yogurt Plain,Dairy,6,35.00,0.05,199.50,0,0.00,1
TX002259,2026-05-26,ST003_Silom,Express,PRD_PRD_001,Organic Avocado,Produce,4,69.00,0.00,276.00,0,0.00,0
TX002260,2026-03-22,ST001_Siam,Hypermarket,PRD_PRD_003,Sweet Cherry Tomato,Produce,10,49.00,0.10,441.00,0,0.00,1
TX002261,2026-05-02,ST001_Siam,Hypermarket,PRD_PRD_002,Japanese Salad Mix,Produce,8,59.00,0.05,448.40,0,0.00,1
TX002262,2026-04-12,ST005_Ladprao,Hypermarket,PRD_BAK_004,Danish Apple,Bakery,9,50.00,0.10,405.00,0,0.00,1
TX002263,2026-03-04,ST005_Ladprao,Hypermarket,PRD_BAK_003,Baguette Traditional,Bakery,8,40.00,0.05,304.00,0,0.00,0
TX002264,2026-01-22,ST001_Siam,Hypermarket,PRD_BAK_001,Croissant Butter,Bakery,8,45.00,0.00,360.00,0,0.00,0
TX002265,2026-01-24,ST002_Sukhumvit,Supermarket,PRD_BAK_001,Croissant Butter,Bakery,4,45.00,0.00,180.00,0,0.00,1
TX002266,2026-06-23,ST003_Silom,Express,PRD_BEV_002,Organic Green Tea,Beverages,4,40.00,0.00,160.00,2,48.00,0
TX002267,2026-05-30,ST001_Siam,Hypermarket,PRD_BAK_001,Croissant Butter,Bakery,8,45.00,0.15,306.00,2,54.00,1
TX002268,2026-05-06,ST001_Siam,Hypermarket,PRD_PRD_001,Organic Avocado,Produce,7,69.00,0.15,410.55,0,0.00,0
TX002269,2026-01-19,ST005_Ladprao,Hypermarket,PRD_PRD_001,Organic Avocado,Produce,9,69.00,0.00,621.00,0,0.00,0
TX002270,2026-06-29,ST005_Ladprao,Hypermarket,PRD_BAK_002,Whole Wheat Bread,Bakery,9,55.00,0.10,445.50,0,0.00,0
TX002271,2026-01-09,ST004_Ari,Supermarket,PRD_PRD_002,Japanese Salad Mix,Produce,8,59.00,0.20,377.60,0,0.00,0
TX002272,2026-03-20,ST003_Silom,Express,PRD_BEV_002,Organic Green Tea,Beverages,6,40.00,0.10,216.00,0,0.00,0
TX002273,2026-03-21,ST003_Silom,Express,PRD_BAK_004,Danish Apple,Bakery,1,50.00,0.00,50.00,2,60.00,1
TX002274,2026-01-31,ST002_Sukhumvit,Supermarket,PRD_BAK_002,Whole Wheat Bread,Bakery,7,55.00,0.10,346.50,0,0.00,1
TX002275,2026-03-23,ST005_Ladprao,Hypermarket,PRD_BAK_004,Danish Apple,Bakery,11,50.00,0.20,440.00,0,0.00,0
TX002276,2026-06-14,ST005_Ladprao,Hypermarket,PRD_BEV_001,Cold Pressed Orange Juice,Beverages,8,65.00,,494.00,0,0.00,1
TX002277,2026-02-10,ST004_Ari,Supermarket,PRD_BAK_004,Danish Apple,Bakery,5,50.00,0.05,237.50,2,60.00,0
TX002278,2026-02-17,ST004_Ari,Supermarket,PRD_DAI_001,Fresh Milk Pasteurized 1L,Dairy,6,48.00,0.10,259.20,0,0.00,0
TX002279,2026-04-26,ST002_Sukhumvit,Supermarket,PRD_PRD_002,Japanese Salad Mix,Produce,8,59.00,0.20,377.60,0,0.00,1
TX002280,2026-05-26,ST002_Sukhumvit,Supermarket,PRD_BAK_001,Croissant Butter,Bakery,4,45.00,0.00,180.00,0,0.00,0
TX002281,2026-05-05,ST003_Silom,Express,PRD_BAK_003,Baguette Traditional,Bakery,4,40.00,0.00,160.00,0,0.00,0
TX002282,2026-02-21,ST002_Sukhumvit,Supermarket,PRD_PRD_003,Sweet Cherry Tomato,Produce,4,49.00,0.00,196.00,0,0.00,1
TX002283,2026-03-29,ST005_Ladprao,Hypermarket,PRD_PRD_002,Japanese Salad Mix,Produce,9,59.00,0.05,504.45,0,0.00,1
TX002284,2026-02-24,ST002_Sukhumvit,Supermarket,PRD_PRD_002,Japanese Salad Mix,Produce,7,59.00,0.20,330.40,0,0.00,0
TX002285,2026-05-10,ST003_Silom,Express,PRD_DAI_002,Greek Yogurt Plain,Dairy,8,35.00,0.10,252.00,0,0.00,1
TX002286,2026-04-22,ST001_Siam,Hypermarket,PRD_DAI_001,Fresh Milk Pasteurized 1L,Dairy,4,48.00,0.05,182.40,0,0.00,0
TX002287,2026-01-12,ST003_Silom,Express,PRD_PRD_002,Japanese Salad Mix,Produce,2,59.00,0.00,118.00,0,0.00,0
TX002288,2026-04-17,ST004_Ari,Supermarket,PRD_BEV_001,Cold Pressed Orange Juice,Beverages,6,65.00,0.00,390.00,0,0.00,0
TX002289,2026-02-27,ST004_Ari,Supermarket,PRD_PRD_001,Organic Avocado,Produce,7,69.00,0.05,458.85,0,0.00,0
TX002290,2026-05-29,ST003_Silom,Express,PRD_PRD_003,Sweet Cherry Tomato,Produce,2,49.00,0.05,93.10,2,58.80,0
TX002291,2026-03-03,ST004_Ari,Supermarket,PRD_BAK_001,Croissant Butter,Bakery,7,45.00,0.10,283.50,2,54.00,0
TX002292,2026-05-20,ST004_Ari,Supermarket,PRD_BAK_001,Croissant Butter,Bakery,7,45.00,0.15,267.75,0,0.00,0
TX002293,2026-06-13,ST003_Silom,Express,PRD_BEV_001,Cold Pressed Orange Juice,Beverages,1,65.00,0.00,65.00,0,0.00,1
TX002294,2026-01-30,ST002_Sukhumvit,Supermarket,PRD_PRD_003,Sweet Cherry Tomato,Produce,6,49.00,0.15,249.90,0,0.00,0
TX002295,2026-06-17,ST002_Sukhumvit,Supermarket,PRD_BAK_001,Croissant Butter,Bakery,5,45.00,0.20,180.00,0,0.00,0
TX002296,2026-01-26,ST002_Sukhumvit,Supermarket,PRD_PRD_001,Organic Avocado,Produce,5,69.00,0.00,345.00,0,0.00,0
TX002297,2026-04-17,ST002_Sukhumvit,Supermarket,PRD_PRD_003,Sweet Cherry Tomato,Produce,4,49.00,0.00,196.00,0,0.00,0
TX002298,2026-05-19,ST005_Ladprao,Hypermarket,PRD_BEV_002,Organic Green Tea,Beverages,5,40.00,0.00,200.00,1,24.00,0
TX002299,2026-03-03,ST001_Siam,Hypermarket,PRD_PRD_001,Organic Avocado,Produce,7,69.00,0.00,483.00,1,41.40,0
TX002300,2026-05-17,ST004_Ari,Supermarket,PRD_DAI_002,Greek Yogurt Plain,Dairy,5,35.00,0.00,175.00,0,0.00,1
TX002301,2026-01-22,ST003_Silom,Express,PRD_BAK_002,Whole Wheat Bread,Bakery,5,55.00,0.05,261.25,0,0.00,0
TX002302,2026-01-05,ST005_Ladprao,Hypermarket,PRD_BAK_002,Whole Wheat Bread,Bakery,9,55.00,0.00,495.00,1,33.00,0
TX002303,2026-02-19,ST004_Ari,Supermarket,PRD_BEV_002,Organic Green Tea,Beverages,7,40.00,0.05,266.00,0,0.00,0
TX002304,2026-04-21,ST001_Siam,Hypermarket,PRD_DAI_002,Greek Yogurt Plain,Dairy,8,35.00,0.10,252.00,0,0.00,0
TX002305,2026-06-28,ST001_Siam,Hypermarket,PRD_BAK_004,Danish Apple,Bakery,11,50.00,0.20,440.00,0,0.00,1
TX002306,2026-05-23,ST004_Ari,Supermarket,PRD_PRD_003,Sweet Cherry Tomato,Produce,4,49.00,0.05,186.20,1,29.40,1
TX002307,2026-01-01,ST005_Ladprao,Hypermarket,PRD_PRD_002,Japanese Salad Mix,Produce,10,59.00,0.00,590.00,0,0.00,0
TX002308,2026-01-02,ST003_Silom,Express,PRD_DAI_001,Fresh Milk Pasteurized 1L,Dairy,3,48.00,0.00,144.00,2,57.60,0
TX002309,2026-06-01,ST002_Sukhumvit,Supermarket,PRD_DAI_001,Fresh Milk Pasteurized 1L,Dairy,7,48.00,0.10,302.40,0,0.00,0
TX002310,2026-03-29,ST001_Siam,Hypermarket,PRD_BEV_001,Cold Pressed Orange Juice,Beverages,7,65.00,0.00,455.00,0,0.00,1
TX002311,2026-04-19,ST003_Silom,Express,PRD_BAK_001,Croissant Butter,Bakery,1,45.00,0.00,45.00,1,27.00,1
TX002312,2026-03-08,ST004_Ari,Supermarket,PRD_BAK_003,Baguette Traditional,Bakery,9,40.00,0.05,342.00,0,0.00,1
TX002313,2026-01-20,ST005_Ladprao,Hypermarket,PRD_PRD_002,Japanese Salad Mix,Produce,4,59.00,,236.00,0,0.00,0
TX002314,2026-03-14,ST003_Silom,Express,PRD_BAK_003,Baguette Traditional,Bakery,5,40.00,0.20,160.00,2,48.00,1
TX002315,2026-01-26,ST003_Silom,Express,PRD_BAK_002,Whole Wheat Bread,Bakery,5,55.00,0.00,275.00,0,0.00,0
TX002316,2026-03-23,ST001_Siam,Hypermarket,PRD_BAK_003,Baguette Traditional,Bakery,9,40.00,0.15,306.00,0,0.00,0
TX002317,2026-05-21,ST005_Ladprao,Hypermarket,PRD_BAK_002,Whole Wheat Bread,Bakery,12,55.00,0.20,528.00,0,0.00,0
TX002318,2026-06-26,ST005_Ladprao,Hypermarket,PRD_PRD_001,Organic Avocado,Produce,8,69.00,0.15,469.20,0,0.00,0
TX002319,2026-03-21,ST004_Ari,Supermarket,PRD_BAK_002,Whole Wheat Bread,Bakery,6,55.00,0.20,264.00,0,0.00,1
TX002320,2026-02-05,ST001_Siam,Hypermarket,PRD_BAK_002,Whole Wheat Bread,Bakery,12,55.00,0.15,561.00,1,33.00,0
TX002321,2026-04-14,ST005_Ladprao,Hypermarket,PRD_BAK_002,Whole Wheat Bread,Bakery,9,55.00,0.05,470.25,0,0.00,0
TX002322,2026-03-27,ST002_Sukhumvit,Supermarket,PRD_BAK_003,Baguette Traditional,Bakery,10,40.00,0.20,320.00,0,0.00,0
TX002323,2026-01-27,ST001_Siam,Hypermarket,PRD_DAI_001,Fresh Milk Pasteurized 1L,Dairy,6,48.00,0.00,288.00,0,0.00,0
TX002324,2026-06-24,ST005_Ladprao,Hypermarket,PRD_BAK_004,Danish Apple,Bakery,7,50.00,0.10,315.00,1,30.00,0
TX002325,2026-02-18,ST004_Ari,Supermarket,PRD_DAI_002,Greek Yogurt Plain,Dairy,4,35.00,0.00,140.00,1,21.00,0
TX002326,2026-05-16,ST003_Silom,Express,PRD_PRD_002,Japanese Salad Mix,Produce,6,59.00,0.00,354.00,1,35.40,1
TX002327,2026-03-05,ST005_Ladprao,Hypermarket,PRD_BAK_002,Whole Wheat Bread,Bakery,8,55.00,0.20,352.00,0,0.00,0
TX002328,2026-05-08,ST001_Siam,Hypermarket,PRD_BAK_002,Whole Wheat Bread,Bakery,6,55.00,0.10,297.00,0,0.00,0
TX002329,2026-06-14,ST005_Ladprao,Hypermarket,PRD_BAK_002,Whole Wheat Bread,Bakery,8,55.00,0.20,352.00,0,0.00,1
TX002330,2026-03-01,ST002_Sukhumvit,Supermarket,PRD_BAK_001,Croissant Butter,Bakery,8,45.00,0.20,288.00,0,0.00,1
TX002331,2026-01-29,ST005_Ladprao,Hypermarket,PRD_BAK_001,Croissant Butter,Bakery,10,45.00,0.20,360.00,0,0.00,0
TX002332,2026-06-28,ST001_Siam,Hypermarket,PRD_PRD_003,Sweet Cherry Tomato,Produce,6,49.00,0.00,294.00,1,29.40,1
TX002333,2026-02-01,ST003_Silom,Express,PRD_PRD_002,Japanese Salad Mix,Produce,3,59.00,0.10,159.30,2,70.80,1
TX002334,2026-06-12,ST002_Sukhumvit,Supermarket,PRD_BAK_004,Danish Apple,Bakery,4,50.00,0.10,180.00,0,0.00,0
TX002335,2026-05-06,ST004_Ari,Supermarket,PRD_PRD_001,Organic Avocado,Produce,8,69.00,0.10,496.80,1,41.40,0
TX002336,2026-01-16,ST004_Ari,Supermarket,PRD_DAI_002,Greek Yogurt Plain,Dairy,5,35.00,0.05,166.25,0,0.00,0
TX002337,2026-03-15,ST002_Sukhumvit,Supermarket,PRD_PRD_001,Organic Avocado,Produce,6,69.00,0.05,393.30,0,0.00,1
TX002338,2026-01-17,ST005_Ladprao,Hypermarket,PRD_DAI_001,Fresh Milk Pasteurized 1L,Dairy,10,48.00,0.05,456.00,0,0.00,1
TX002339,2026-02-21,ST003_Silom,Express,PRD_DAI_001,Fresh Milk Pasteurized 1L,Dairy,4,48.00,0.10,172.80,0,0.00,1
TX002340,2026-03-02,ST004_Ari,Supermarket,PRD_PRD_003,Sweet Cherry Tomato,Produce,6,49.00,0.00,294.00,0,0.00,0
TX002341,2026-06-14,ST002_Sukhumvit,Supermarket,PRD_BAK_002,Whole Wheat Bread,Bakery,5,55.00,0.05,261.25,0,0.00,1
TX002342,2026-06-18,ST005_Ladprao,Hypermarket,PRD_PRD_001,Organic Avocado,Produce,8,69.00,0.20,441.60,0,0.00,0
TX002343,2026-01-28,ST002_Sukhumvit,Supermarket,PRD_PRD_001,Organic Avocado,Produce,6,69.00,0.05,393.30,0,0.00,0
TX002344,2026-06-07,ST005_Ladprao,Hypermarket,PRD_DAI_002,Greek Yogurt Plain,Dairy,4,35.00,0.00,140.00,0,0.00,1
TX002345,2026-01-01,ST002_Sukhumvit,Supermarket,PRD_BAK_001,Croissant Butter,Bakery,5,45.00,0.05,213.75,0,0.00,0
TX002346,2026-05-04,ST002_Sukhumvit,Supermarket,PRD_BAK_003,Baguette Traditional,Bakery,2,40.00,0.00,80.00,0,0.00,0
TX002347,2026-04-19,ST003_Silom,Express,PRD_PRD_001,Organic Avocado,Produce,5,69.00,0.15,293.25,0,0.00,1
TX002348,2026-05-25,ST003_Silom,Express,PRD_BAK_002,Whole Wheat Bread,Bakery,6,55.00,0.10,297.00,0,0.00,0
TX002349,2026-03-04,ST003_Silom,Express,PRD_BAK_001,Croissant Butter,Bakery,2,45.00,0.05,85.50,0,0.00,0
TX002350,2026-04-21,ST005_Ladprao,Hypermarket,PRD_BAK_001,Croissant Butter,Bakery,12,45.00,0.20,432.00,1,27.00,0
TX002351,2026-01-12,ST002_Sukhumvit,Supermarket,PRD_DAI_001,Fresh Milk Pasteurized 1L,Dairy,5,48.00,0.10,216.00,0,0.00,0
TX002352,2026-01-27,ST005_Ladprao,Hypermarket,PRD_DAI_001,Fresh Milk Pasteurized 1L,Dairy,7,48.00,0.00,336.00,0,0.00,0
TX002353,2026-01-03,ST005_Ladprao,Hypermarket,PRD_PRD_003,Sweet Cherry Tomato,Produce,8,49.00,0.00,392.00,0,0.00,1
TX002354,2026-04-26,ST002_Sukhumvit,Supermarket,PRD_BAK_002,Whole Wheat Bread,Bakery,7,55.00,0.05,365.75,0,0.00,1
TX002355,2026-06-03,ST005_Ladprao,Hypermarket,PRD_BEV_002,Organic Green Tea,Beverages,5,40.00,0.00,200.00,1,24.00,0
TX002356,2026-06-28,ST001_Siam,Hypermarket,PRD_DAI_001,Fresh Milk Pasteurized 1L,Dairy,5,48.00,0.00,240.00,0,0.00,1
TX002357,2026-01-26,ST001_Siam,Hypermarket,PRD_DAI_002,Greek Yogurt Plain,Dairy,8,35.00,0.00,280.00,0,0.00,0
TX002358,2026-04-02,ST004_Ari,Supermarket,PRD_DAI_002,Greek Yogurt Plain,Dairy,4,35.00,,140.00,2,42.00,0
TX002359,2026-03-12,ST002_Sukhumvit,Supermarket,PRD_BAK_003,Baguette Traditional,Bakery,6,40.00,0.00,240.00,1,24.00,0
TX002360,2026-02-20,ST002_Sukhumvit,Supermarket,PRD_PRD_001,Organic Avocado,Produce,6,69.00,0.10,372.60,0,0.00,0
TX002361,2026-06-08,ST002_Sukhumvit,Supermarket,PRD_BAK_001,Croissant Butter,Bakery,4,45.00,0.00,180.00,0,0.00,0
TX002362,2026-03-18,ST004_Ari,Supermarket,PRD_BAK_003,Baguette Traditional,Bakery,4,40.00,,128.00,1,24.00,0
TX002363,2026-04-06,ST001_Siam,Hypermarket,PRD_DAI_002,Greek Yogurt Plain,Dairy,5,35.00,0.00,175.00,0,0.00,0
TX002364,2026-01-28,ST001_Siam,Hypermarket,PRD_BAK_003,Baguette Traditional,Bakery,8,40.00,0.00,320.00,0,0.00,0
TX002365,2026-02-12,ST003_Silom,Express,PRD_DAI_002,Greek Yogurt Plain,Dairy,5,35.00,0.05,166.25,0,0.00,0
TX002366,2026-06-02,ST005_Ladprao,Hypermarket,PRD_BEV_002,Organic Green Tea,Beverages,8,40.00,0.00,320.00,0,0.00,0
TX002367,2026-03-13,ST003_Silom,Express,PRD_PRD_001,Organic Avocado,Produce,4,69.00,0.15,234.60,0,0.00,0
TX002368,2026-01-06,ST002_Sukhumvit,Supermarket,PRD_PRD_003,Sweet Cherry Tomato,Produce,4,49.00,0.05,186.20,0,0.00,0
TX002369,2026-01-30,ST002_Sukhumvit,Supermarket,PRD_BAK_001,Croissant Butter,Bakery,6,45.00,0.00,270.00,0,0.00,0
TX002370,2026-01-29,ST005_Ladprao,Hypermarket,PRD_DAI_001,Fresh Milk Pasteurized 1L,Dairy,10,48.00,0.10,432.00,0,0.00,0
TX002371,2026-05-13,ST002_Sukhumvit,Supermarket,PRD_DAI_002,Greek Yogurt Plain,Dairy,3,35.00,0.00,105.00,0,0.00,0
TX002372,2026-01-13,ST005_Ladprao,Hypermarket,PRD_BEV_001,Cold Pressed Orange Juice,Beverages,7,65.00,0.00,455.00,0,0.00,0
TX002373,2026-03-08,ST003_Silom,Express,PRD_PRD_002,Japanese Salad Mix,Produce,7,59.00,0.15,351.05,2,70.80,1
TX002374,2026-02-22,ST002_Sukhumvit,Supermarket,PRD_BAK_004,Danish Apple,Bakery,8,50.00,0.20,320.00,0,0.00,1
TX002375,2026-06-09,ST004_Ari,Supermarket,PRD_BAK_002,Whole Wheat Bread,Bakery,5,55.00,0.10,247.50,0,0.00,0
TX002376,2026-02-12,ST003_Silom,Express,PRD_PRD_002,Japanese Salad Mix,Produce,2,59.00,0.00,118.00,2,70.80,0
TX002377,2026-01-07,ST001_Siam,Hypermarket,PRD_BAK_002,Whole Wheat Bread,Bakery,7,55.00,0.05,365.75,0,0.00,0
TX002378,2026-06-13,ST005_Ladprao,Hypermarket,PRD_BAK_002,Whole Wheat Bread,Bakery,6,55.00,0.00,330.00,0,0.00,1
TX002379,2026-05-18,ST003_Silom,Express,PRD_BAK_001,Croissant Butter,Bakery,4,45.00,0.20,144.00,0,0.00,0
TX002380,2026-02-08,ST003_Silom,Express,PRD_PRD_002,Japanese Salad Mix,Produce,3,59.00,0.10,159.30,0,0.00,1
TX002381,2026-03-16,ST003_Silom,Express,PRD_BAK_003,Baguette Traditional,Bakery,1,40.00,0.00,40.00,0,0.00,0
TX002382,2026-06-21,ST005_Ladprao,Hypermarket,PRD_DAI_002,Greek Yogurt Plain,Dairy,8,35.00,0.10,252.00,0,0.00,1
TX002383,2026-03-15,ST005_Ladprao,Hypermarket,PRD_BEV_001,Cold Pressed Orange Juice,Beverages,8,65.00,0.00,520.00,0,0.00,1
TX002384,2026-05-10,ST004_Ari,Supermarket,PRD_DAI_001,Fresh Milk Pasteurized 1L,Dairy,5,48.00,0.00,240.00,0,0.00,1
TX002385,2026-04-07,ST003_Silom,Express,PRD_BEV_002,Organic Green Tea,Beverages,4,40.00,0.05,152.00,2,48.00,0
TX002386,2026-04-07,ST005_Ladprao,Hypermarket,PRD_BAK_002,Whole Wheat Bread,Bakery,5,55.00,0.00,275.00,0,0.00,0
TX002387,2026-05-11,ST002_Sukhumvit,Supermarket,PRD_PRD_002,Japanese Salad Mix,Produce,4,59.00,0.05,224.20,0,0.00,0
TX002388,2026-04-07,ST001_Siam,Hypermarket,PRD_DAI_002,Greek Yogurt Plain,Dairy,5,35.00,0.00,175.00,0,0.00,0
TX002389,2026-02-23,ST002_Sukhumvit,Supermarket,PRD_PRD_003,Sweet Cherry Tomato,Produce,7,49.00,0.15,291.55,0,0.00,0
TX002390,2026-01-05,ST005_Ladprao,Hypermarket,PRD_BEV_002,Organic Green Tea,Beverages,5,40.00,0.00,200.00,2,48.00,0
TX002391,2026-04-11,ST003_Silom,Express,PRD_DAI_002,Greek Yogurt Plain,Dairy,5,35.00,0.00,175.00,0,0.00,1
TX002392,2026-01-02,ST003_Silom,Express,PRD_BEV_002,Organic Green Tea,Beverages,6,40.00,0.05,228.00,0,0.00,0
TX002393,2026-03-05,ST005_Ladprao,Hypermarket,PRD_BAK_004,Danish Apple,Bakery,7,50.00,0.10,315.00,0,0.00,0
TX002394,2026-06-15,ST001_Siam,Hypermarket,PRD_PRD_003,Sweet Cherry Tomato,Produce,7,49.00,0.05,325.85,0,0.00,0
TX002395,2026-06-23,ST003_Silom,Express,PRD_BAK_003,Baguette Traditional,Bakery,7,40.00,0.15,238.00,0,0.00,0
TX002396,2026-03-20,ST004_Ari,Supermarket,PRD_PRD_001,Organic Avocado,Produce,8,69.00,0.00,552.00,0,0.00,0
TX002397,2026-05-16,ST004_Ari,Supermarket,PRD_BAK_004,Danish Apple,Bakery,5,50.00,0.00,250.00,0,0.00,1
TX002398,2026-01-22,ST004_Ari,Supermarket,PRD_BAK_001,Croissant Butter,Bakery,4,45.00,0.10,162.00,0,0.00,0
TX002399,2026-04-06,ST003_Silom,Express,PRD_BAK_001,Croissant Butter,Bakery,8,45.00,0.00,360.00,0,0.00,0
TX002400,2026-06-22,ST003_Silom,Express,PRD_PRD_002,Japanese Salad Mix,Produce,4,59.00,0.15,200.60,0,0.00,0
TX002401,2026-01-06,ST001_Siam,Hypermarket,PRD_DAI_001,Fresh Milk Pasteurized 1L,Dairy,7,48.00,0.10,302.40,0,0.00,0
TX002402,2026-03-16,ST005_Ladprao,Hypermarket,PRD_BEV_001,Cold Pressed Orange Juice,Beverages,7,65.00,0.00,455.00,0,0.00,0
TX002403,2026-05-09,ST005_Ladprao,Hypermarket,PRD_BAK_003,Baguette Traditional,Bakery,5,40.00,0.05,190.00,0,0.00,1
TX002404,2026-04-30,ST005_Ladprao,Hypermarket,PRD_BAK_001,Croissant Butter,Bakery,9,45.00,0.20,324.00,0,0.00,0
TX002405,2026-03-16,ST002_Sukhumvit,Supermarket,PRD_BAK_004,Danish Apple,Bakery,4,50.00,0.00,200.00,1,30.00,0
TX002406,2026-03-07,ST005_Ladprao,Hypermarket,PRD_PRD_002,Japanese Salad Mix,Produce,8,59.00,0.20,377.60,0,0.00,1
TX002407,2026-02-06,ST001_Siam,Hypermarket,PRD_BAK_002,Whole Wheat Bread,Bakery,6,55.00,0.00,330.00,0,0.00,0
TX002408,2026-02-01,ST005_Ladprao,Hypermarket,PRD_BAK_001,Croissant Butter,Bakery,7,45.00,0.15,267.75,0,0.00,1
TX002409,2026-01-24,ST002_Sukhumvit,Supermarket,PRD_DAI_001,Fresh Milk Pasteurized 1L,Dairy,6,48.00,0.00,288.00,0,0.00,1
TX002410,2026-04-15,ST001_Siam,Hypermarket,PRD_BAK_002,Whole Wheat Bread,Bakery,8,55.00,0.00,440.00,0,0.00,0
TX002411,2026-05-10,ST004_Ari,Supermarket,PRD_PRD_002,Japanese Salad Mix,Produce,9,59.00,0.10,477.90,0,0.00,1
TX002412,2026-05-15,ST001_Siam,Hypermarket,PRD_BAK_001,Croissant Butter,Bakery,9,45.00,0.00,405.00,2,54.00,0
TX002413,2026-03-27,ST004_Ari,Supermarket,PRD_BAK_002,Whole Wheat Bread,Bakery,7,55.00,0.15,327.25,0,0.00,0
TX002414,2026-01-04,ST002_Sukhumvit,Supermarket,PRD_PRD_003,Sweet Cherry Tomato,Produce,3,49.00,0.05,139.65,0,0.00,1
TX002415,2026-06-02,ST001_Siam,Hypermarket,PRD_PRD_003,Sweet Cherry Tomato,Produce,7,49.00,0.00,343.00,0,0.00,0
TX002416,2026-04-11,ST003_Silom,Express,PRD_BEV_001,Cold Pressed Orange Juice,Beverages,4,65.00,0.05,247.00,0,0.00,1
TX002417,2026-02-01,ST005_Ladprao,Hypermarket,PRD_BEV_002,Organic Green Tea,Beverages,8,40.00,0.05,304.00,0,0.00,1
TX002418,2026-03-01,ST004_Ari,Supermarket,PRD_DAI_002,Greek Yogurt Plain,Dairy,5,35.00,0.10,157.50,0,0.00,1
TX002419,2026-02-19,ST002_Sukhumvit,Supermarket,PRD_BAK_003,Baguette Traditional,Bakery,5,40.00,0.00,200.00,0,0.00,0
TX002420,2026-01-19,ST002_Sukhumvit,Supermarket,PRD_DAI_001,Fresh Milk Pasteurized 1L,Dairy,4,48.00,0.05,182.40,0,0.00,0
TX002421,2026-06-28,ST003_Silom,Express,PRD_BAK_003,Baguette Traditional,Bakery,6,40.00,0.15,204.00,0,0.00,1
TX002422,2026-01-11,ST003_Silom,Express,PRD_BEV_002,Organic Green Tea,Beverages,4,40.00,0.00,160.00,0,0.00,1
TX002423,2026-04-22,ST001_Siam,Hypermarket,PRD_DAI_002,Greek Yogurt Plain,Dairy,5,35.00,,175.00,2,42.00,0
TX002424,2026-01-11,ST002_Sukhumvit,Supermarket,PRD_BAK_001,Croissant Butter,Bakery,8,45.00,0.15,306.00,0,0.00,1
TX002425,2026-04-12,ST005_Ladprao,Hypermarket,PRD_BAK_002,Whole Wheat Bread,Bakery,5,55.00,0.00,275.00,1,33.00,1
TX002426,2026-02-24,ST001_Siam,Hypermarket,PRD_BAK_003,Baguette Traditional,Bakery,6,40.00,0.00,240.00,1,24.00,0
TX002427,2026-05-21,ST002_Sukhumvit,Supermarket,PRD_PRD_003,Sweet Cherry Tomato,Produce,8,49.00,0.15,333.20,0,0.00,0
TX002428,2026-06-14,ST002_Sukhumvit,Supermarket,PRD_BEV_001,Cold Pressed Orange Juice,Beverages,6,65.00,0.00,390.00,0,0.00,1
TX002429,2026-03-16,ST001_Siam,Hypermarket,PRD_BAK_002,Whole Wheat Bread,Bakery,6,55.00,0.00,330.00,0,0.00,0
TX002430,2026-02-19,ST003_Silom,Express,PRD_PRD_001,Organic Avocado,Produce,5,69.00,0.00,345.00,0,0.00,0
TX002431,2026-05-21,ST005_Ladprao,Hypermarket,PRD_BAK_003,Baguette Traditional,Bakery,9,40.00,0.10,324.00,0,0.00,0
TX002432,2026-01-14,ST001_Siam,Hypermarket,PRD_BEV_002,Organic Green Tea,Beverages,8,40.00,0.05,304.00,0,0.00,0
TX002433,2026-06-05,ST001_Siam,Hypermarket,PRD_DAI_002,Greek Yogurt Plain,Dairy,9,35.00,0.05,299.25,0,0.00,0
TX002434,2026-05-27,ST002_Sukhumvit,Supermarket,PRD_BAK_001,Croissant Butter,Bakery,7,45.00,0.20,252.00,0,0.00,0
TX002435,2026-05-30,ST002_Sukhumvit,Supermarket,PRD_PRD_003,Sweet Cherry Tomato,Produce,6,49.00,0.15,249.90,0,0.00,1
TX002436,2026-05-27,ST004_Ari,Supermarket,PRD_BEV_002,Organic Green Tea,Beverages,3,40.00,0.05,114.00,0,0.00,0
TX002437,2026-06-03,ST004_Ari,Supermarket,PRD_BAK_002,Whole Wheat Bread,Bakery,6,55.00,0.15,280.50,0,0.00,0
TX002438,2026-05-26,ST002_Sukhumvit,Supermarket,PRD_BAK_003,Baguette Traditional,Bakery,7,40.00,0.05,266.00,0,0.00,0
TX002439,2026-05-09,ST003_Silom,Express,PRD_BEV_001,Cold Pressed Orange Juice,Beverages,7,65.00,0.00,455.00,1,39.00,1
TX002440,2026-02-27,ST003_Silom,Express,PRD_BAK_003,Baguette Traditional,Bakery,3,40.00,0.10,108.00,0,0.00,0
TX002441,2026-06-29,ST001_Siam,Hypermarket,PRD_DAI_002,Greek Yogurt Plain,Dairy,9,35.00,0.10,283.50,0,0.00,0
TX002442,2026-04-28,ST004_Ari,Supermarket,PRD_BAK_001,Croissant Butter,Bakery,4,45.00,0.20,144.00,0,0.00,0
TX002443,2026-02-28,ST005_Ladprao,Hypermarket,PRD_BEV_001,Cold Pressed Orange Juice,Beverages,7,65.00,0.00,455.00,0,0.00,1
TX002444,2026-04-03,ST002_Sukhumvit,Supermarket,PRD_DAI_002,Greek Yogurt Plain,Dairy,3,35.00,0.00,105.00,1,21.00,0
TX002445,2026-03-14,ST001_Siam,Hypermarket,PRD_PRD_002,Japanese Salad Mix,Produce,9,59.00,0.10,477.90,0,0.00,1
TX002446,2026-06-06,ST004_Ari,Supermarket,PRD_PRD_002,Japanese Salad Mix,Produce,4,59.00,0.00,236.00,0,0.00,1
TX002447,2026-02-07,ST004_Ari,Supermarket,PRD_BEV_001,Cold Pressed Orange Juice,Beverages,4,65.00,0.05,247.00,0,0.00,1
TX002448,2026-05-21,ST004_Ari,Supermarket,PRD_BEV_001,Cold Pressed Orange Juice,Beverages,5,65.00,0.10,292.50,0,0.00,0
TX002449,2026-02-25,ST001_Siam,Hypermarket,PRD_DAI_002,Greek Yogurt Plain,Dairy,8,35.00,0.10,252.00,0,0.00,0
TX002450,2026-02-18,ST005_Ladprao,Hypermarket,PRD_PRD_002,Japanese Salad Mix,Produce,8,59.00,0.15,401.20,0,0.00,0
TX002451,2026-01-31,ST003_Silom,Express,PRD_BAK_004,Danish Apple,Bakery,3,50.00,0.05,142.50,0,0.00,1
TX002452,2026-05-11,ST003_Silom,Express,PRD_BEV_002,Organic Green Tea,Beverages,4,40.00,0.00,160.00,0,0.00,0
TX002453,2026-02-12,ST004_Ari,Supermarket,PRD_BAK_004,Danish Apple,Bakery,8,50.00,0.00,400.00,0,0.00,0
TX002454,2026-04-10,ST001_Siam,Hypermarket,PRD_BAK_001,Croissant Butter,Bakery,7,45.00,0.00,315.00,0,0.00,0
TX002455,2026-05-09,ST002_Sukhumvit,Supermarket,PRD_BAK_002,Whole Wheat Bread,Bakery,3,55.00,0.00,165.00,0,0.00,1
TX002456,2026-01-07,ST001_Siam,Hypermarket,PRD_BAK_002,Whole Wheat Bread,Bakery,5,55.00,0.10,247.50,0,0.00,0
TX002457,2026-03-13,ST001_Siam,Hypermarket,PRD_PRD_001,Organic Avocado,Produce,7,69.00,0.20,386.40,0,0.00,0
TX002458,2026-02-15,ST005_Ladprao,Hypermarket,PRD_BAK_004,Danish Apple,Bakery,7,50.00,0.15,297.50,0,0.00,1
TX002459,2026-06-10,ST002_Sukhumvit,Supermarket,PRD_BAK_001,Croissant Butter,Bakery,5,45.00,0.20,180.00,0,0.00,0
TX002460,2026-04-23,ST004_Ari,Supermarket,PRD_BEV_001,Cold Pressed Orange Juice,Beverages,7,65.00,0.05,432.25,0,0.00,0
TX002461,2026-04-25,ST002_Sukhumvit,Supermarket,PRD_PRD_003,Sweet Cherry Tomato,Produce,5,49.00,0.10,220.50,0,0.00,1
TX002462,2026-01-24,ST004_Ari,Supermarket,PRD_BEV_002,Organic Green Tea,Beverages,4,40.00,0.10,144.00,0,0.00,1
TX002463,2026-02-11,ST005_Ladprao,Hypermarket,PRD_BEV_001,Cold Pressed Orange Juice,Beverages,7,65.00,0.00,455.00,0,0.00,0
TX002464,2026-05-17,ST003_Silom,Express,PRD_BAK_002,Whole Wheat Bread,Bakery,2,55.00,0.00,110.00,1,33.00,1
TX002465,2026-03-22,ST003_Silom,Express,PRD_BAK_003,Baguette Traditional,Bakery,4,40.00,0.00,160.00,2,48.00,1
TX002466,2026-01-21,ST004_Ari,Supermarket,PRD_BAK_001,Croissant Butter,Bakery,4,45.00,0.00,180.00,0,0.00,0
TX002467,2026-02-12,ST001_Siam,Hypermarket,PRD_BAK_002,Whole Wheat Bread,Bakery,10,55.00,0.15,467.50,0,0.00,0
TX002468,2026-05-12,ST003_Silom,Express,PRD_BAK_003,Baguette Traditional,Bakery,6,40.00,0.10,216.00,0,0.00,0
TX002469,2026-03-30,ST004_Ari,Supermarket,PRD_BAK_002,Whole Wheat Bread,Bakery,5,55.00,0.00,275.00,0,0.00,0
TX002470,2026-03-09,ST005_Ladprao,Hypermarket,PRD_BAK_001,Croissant Butter,Bakery,10,45.00,0.20,360.00,0,0.00,0
TX002471,2026-03-24,ST001_Siam,Hypermarket,PRD_BAK_003,Baguette Traditional,Bakery,8,40.00,0.10,288.00,0,0.00,0
TX002472,2026-03-14,ST001_Siam,Hypermarket,PRD_BAK_004,Danish Apple,Bakery,8,50.00,0.10,360.00,0,0.00,1
TX002473,2026-01-27,ST004_Ari,Supermarket,PRD_DAI_001,Fresh Milk Pasteurized 1L,Dairy,8,48.00,0.00,384.00,0,0.00,0
TX002474,2026-05-12,ST002_Sukhumvit,Supermarket,PRD_BAK_003,Baguette Traditional,Bakery,3,40.00,0.00,120.00,1,24.00,0
TX002475,2026-05-31,ST005_Ladprao,Hypermarket,PRD_BAK_003,Baguette Traditional,Bakery,7,40.00,0.00,280.00,0,0.00,1
TX002476,2026-04-18,ST002_Sukhumvit,Supermarket,PRD_BEV_001,Cold Pressed Orange Juice,Beverages,5,65.00,0.05,308.75,0,0.00,1
TX002477,2026-03-01,ST004_Ari,Supermarket,PRD_BAK_004,Danish Apple,Bakery,4,50.00,0.15,170.00,0,0.00,1
TX002478,2026-05-12,ST002_Sukhumvit,Supermarket,PRD_DAI_002,Greek Yogurt Plain,Dairy,4,35.00,0.05,133.00,0,0.00,0
TX002479,2026-01-06,ST004_Ari,Supermarket,PRD_BEV_001,Cold Pressed Orange Juice,Beverages,6,65.00,0.10,351.00,0,0.00,0
TX002480,2026-01-31,ST004_Ari,Supermarket,PRD_DAI_001,Fresh Milk Pasteurized 1L,Dairy,1,48.00,0.00,48.00,0,0.00,1
TX002481,2026-02-07,ST001_Siam,Hypermarket,PRD_PRD_002,Japanese Salad Mix,Produce,9,59.00,0.00,531.00,0,0.00,1
TX002482,2026-06-18,ST002_Sukhumvit,Supermarket,PRD_BAK_003,Baguette Traditional,Bakery,4,40.00,0.00,160.00,1,24.00,0
TX002483,2026-06-23,ST003_Silom,Express,PRD_BAK_001,Croissant Butter,Bakery,2,45.00,0.05,85.50,1,27.00,0
TX002484,2026-05-26,ST002_Sukhumvit,Supermarket,PRD_BAK_002,Whole Wheat Bread,Bakery,4,55.00,0.15,187.00,1,33.00,0
TX002485,2026-03-25,ST005_Ladprao,Hypermarket,PRD_PRD_003,Sweet Cherry Tomato,Produce,8,49.00,0.10,352.80,0,0.00,0
TX002486,2026-06-24,ST003_Silom,Express,PRD_BAK_004,Danish Apple,Bakery,1,50.00,0.10,45.00,0,0.00,0
TX002487,2026-05-20,ST001_Siam,Hypermarket,PRD_BAK_003,Baguette Traditional,Bakery,7,40.00,,280.00,0,0.00,0
TX002488,2026-06-04,ST002_Sukhumvit,Supermarket,PRD_BEV_002,Organic Green Tea,Beverages,5,40.00,0.10,180.00,0,0.00,0
TX002489,2026-06-27,ST003_Silom,Express,PRD_DAI_002,Greek Yogurt Plain,Dairy,3,35.00,0.05,99.75,0,0.00,1
TX002490,2026-06-06,ST005_Ladprao,Hypermarket,PRD_DAI_002,Greek Yogurt Plain,Dairy,5,35.00,0.00,175.00,0,0.00,1
TX002491,2026-04-26,ST005_Ladprao,Hypermarket,PRD_DAI_002,Greek Yogurt Plain,Dairy,11,35.00,0.10,346.50,0,0.00,1
TX002492,2026-01-24,ST003_Silom,Express,PRD_BAK_003,Baguette Traditional,Bakery,3,40.00,0.00,120.00,0,0.00,1
TX002493,2026-04-10,ST004_Ari,Supermarket,PRD_BAK_004,Danish Apple,Bakery,6,50.00,0.15,255.00,1,30.00,0
TX002494,2026-03-12,ST004_Ari,Supermarket,PRD_BAK_002,Whole Wheat Bread,Bakery,8,55.00,0.15,374.00,0,0.00,0
TX002495,2026-05-17,ST004_Ari,Supermarket,PRD_PRD_003,Sweet Cherry Tomato,Produce,7,49.00,0.15,291.55,0,0.00,1
TX002496,2026-04-22,ST005_Ladprao,Hypermarket,PRD_DAI_001,Fresh Milk Pasteurized 1L,Dairy,7,48.00,0.00,336.00,0,0.00,0
TX002497,2026-01-10,ST005_Ladprao,Hypermarket,PRD_PRD_002,Japanese Salad Mix,Produce,9,59.00,0.20,424.80,0,0.00,1
TX002498,2026-02-17,ST002_Sukhumvit,Supermarket,PRD_PRD_002,Japanese Salad Mix,Produce,3,59.00,0.00,177.00,0,0.00,0
TX002499,2026-04-10,ST004_Ari,Supermarket,PRD_BEV_001,Cold Pressed Orange Juice,Beverages,2,65.00,0.05,123.50,0,0.00,0
TX002500,2026-01-08,ST001_Siam,Hypermarket,PRD_BAK_003,Baguette Traditional,Bakery,8,40.00,0.05,304.00,0,0.00,0
TX002501,2026-03-10,ST003_Silom,Express,PRD_BAK_003,Baguette Traditional,Bakery,4,40.00,0.15,136.00,0,0.00,0
TX002502,2026-02-20,ST002_Sukhumvit,Supermarket,PRD_PRD_002,Japanese Salad Mix,Produce,6,59.00,0.15,300.90,0,0.00,0
TX002503,2026-05-17,ST005_Ladprao,Hypermarket,PRD_PRD_001,Organic Avocado,Produce,10,69.00,0.10,621.00,0,0.00,1
TX002504,2026-02-19,ST005_Ladprao,Hypermarket,PRD_BEV_001,Cold Pressed Orange Juice,Beverages,6,65.00,0.00,390.00,1,39.00,0
TX002505,2026-03-25,ST002_Sukhumvit,Supermarket,PRD_DAI_002,Greek Yogurt Plain,Dairy,4,35.00,0.05,133.00,0,0.00,0
TX002506,2026-04-10,ST002_Sukhumvit,Supermarket,PRD_BEV_001,Cold Pressed Orange Juice,Beverages,1,65.00,0.00,65.00,0,0.00,0
TX002507,2026-06-27,ST002_Sukhumvit,Supermarket,PRD_PRD_002,Japanese Salad Mix,Produce,4,59.00,0.15,200.60,0,0.00,1
TX002508,2026-05-10,ST001_Siam,Hypermarket,PRD_DAI_002,Greek Yogurt Plain,Dairy,7,35.00,,220.50,0,0.00,1
TX002509,2026-06-15,ST004_Ari,Supermarket,PRD_DAI_002,Greek Yogurt Plain,Dairy,9,35.00,,299.25,0,0.00,0
TX002510,2026-03-24,ST004_Ari,Supermarket,PRD_BEV_002,Organic Green Tea,Beverages,4,40.00,0.05,152.00,0,0.00,0
TX002511,2026-02-19,ST003_Silom,Express,PRD_BEV_002,Organic Green Tea,Beverages,6,40.00,0.00,240.00,0,0.00,0
TX002512,2026-01-29,ST004_Ari,Supermarket,PRD_BEV_001,Cold Pressed Orange Juice,Beverages,3,65.00,0.10,175.50,0,0.00,0
TX002513,2026-06-30,ST003_Silom,Express,PRD_BEV_001,Cold Pressed Orange Juice,Beverages,3,65.00,0.00,195.00,0,0.00,0
TX002514,2026-03-20,ST001_Siam,Hypermarket,PRD_PRD_002,Japanese Salad Mix,Produce,8,59.00,0.05,448.40,0,0.00,0
TX002515,2026-03-25,ST002_Sukhumvit,Supermarket,PRD_BAK_002,Whole Wheat Bread,Bakery,4,55.00,0.00,220.00,0,0.00,0
TX002516,2026-05-02,ST005_Ladprao,Hypermarket,PRD_BAK_002,Whole Wheat Bread,Bakery,5,55.00,0.00,275.00,0,0.00,1
TX002517,2026-03-23,ST001_Siam,Hypermarket,PRD_BAK_001,Croissant Butter,Bakery,9,45.00,0.15,344.25,0,0.00,0
TX002518,2026-01-28,ST003_Silom,Express,PRD_BAK_002,Whole Wheat Bread,Bakery,7,55.00,0.00,385.00,0,0.00,0
TX002519,2026-04-09,ST005_Ladprao,Hypermarket,PRD_DAI_002,Greek Yogurt Plain,Dairy,6,35.00,0.00,210.00,0,0.00,0
TX002520,2026-02-03,ST004_Ari,Supermarket,PRD_BAK_001,Croissant Butter,Bakery,3,45.00,0.05,128.25,0,0.00,0
TX002521,2026-05-12,ST005_Ladprao,Hypermarket,PRD_DAI_002,Greek Yogurt Plain,Dairy,5,35.00,0.05,166.25,0,0.00,0
TX002522,2026-04-20,ST004_Ari,Supermarket,PRD_BAK_001,Croissant Butter,Bakery,7,45.00,0.05,299.25,0,0.00,0
TX002523,2026-04-17,ST004_Ari,Supermarket,PRD_DAI_002,Greek Yogurt Plain,Dairy,5,35.00,0.10,157.50,0,0.00,0
TX002524,2026-05-11,ST003_Silom,Express,PRD_BEV_002,Organic Green Tea,Beverages,7,40.00,0.05,266.00,0,0.00,0
TX002525,2026-05-31,ST004_Ari,Supermarket,PRD_PRD_002,Japanese Salad Mix,Produce,6,59.00,0.05,336.30,0,0.00,1
TX002526,2026-03-19,ST005_Ladprao,Hypermarket,PRD_BAK_002,Whole Wheat Bread,Bakery,4,55.00,0.00,220.00,0,0.00,0
TX002527,2026-03-27,ST001_Siam,Hypermarket,PRD_BAK_003,Baguette Traditional,Bakery,7,40.00,0.00,280.00,0,0.00,0
TX002528,2026-02-28,ST005_Ladprao,Hypermarket,PRD_BEV_002,Organic Green Tea,Beverages,6,40.00,0.00,240.00,1,24.00,1
TX002529,2026-01-30,ST003_Silom,Express,PRD_PRD_002,Japanese Salad Mix,Produce,6,59.00,0.00,354.00,1,35.40,0
TX002530,2026-06-12,ST004_Ari,Supermarket,PRD_DAI_002,Greek Yogurt Plain,Dairy,6,35.00,0.00,210.00,0,0.00,0
TX002531,2026-03-14,ST005_Ladprao,Hypermarket,PRD_DAI_002,Greek Yogurt Plain,Dairy,6,35.00,0.10,189.00,0,0.00,1
TX002532,2026-06-26,ST002_Sukhumvit,Supermarket,PRD_PRD_003,Sweet Cherry Tomato,Produce,7,49.00,0.10,308.70,0,0.00,0
TX002533,2026-03-16,ST004_Ari,Supermarket,PRD_BAK_003,Baguette Traditional,Bakery,8,40.00,0.20,256.00,0,0.00,0
TX002534,2026-02-12,ST003_Silom,Express,PRD_PRD_001,Organic Avocado,Produce,4,69.00,0.00,276.00,0,0.00,0
TX002535,2026-02-25,ST002_Sukhumvit,Supermarket,PRD_DAI_002,Greek Yogurt Plain,Dairy,4,35.00,0.00,140.00,1,21.00,0
TX002536,2026-02-06,ST001_Siam,Hypermarket,PRD_BEV_002,Organic Green Tea,Beverages,7,40.00,0.05,266.00,0,0.00,0
TX002537,2026-05-14,ST002_Sukhumvit,Supermarket,PRD_PRD_003,Sweet Cherry Tomato,Produce,5,49.00,0.05,232.75,0,0.00,0
TX002538,2026-05-22,ST004_Ari,Supermarket,PRD_PRD_002,Japanese Salad Mix,Produce,2,59.00,0.00,118.00,0,0.00,0
TX002539,2026-06-20,ST004_Ari,Supermarket,PRD_BAK_003,Baguette Traditional,Bakery,4,40.00,0.00,160.00,0,0.00,1
TX002540,2026-03-24,ST003_Silom,Express,PRD_PRD_002,Japanese Salad Mix,Produce,4,59.00,0.15,200.60,0,0.00,0
TX002541,2026-01-09,ST003_Silom,Express,PRD_BAK_003,Baguette Traditional,Bakery,3,40.00,0.15,102.00,2,48.00,0
TX002542,2026-04-08,ST005_Ladprao,Hypermarket,PRD_BAK_004,Danish Apple,Bakery,7,50.00,0.20,280.00,0,0.00,0
TX002543,2026-02-16,ST004_Ari,Supermarket,PRD_BAK_002,Whole Wheat Bread,Bakery,6,55.00,0.20,264.00,0,0.00,0
TX002544,2026-02-25,ST005_Ladprao,Hypermarket,PRD_BEV_002,Organic Green Tea,Beverages,7,40.00,0.00,280.00,0,0.00,0
TX002545,2026-03-25,ST002_Sukhumvit,Supermarket,PRD_BAK_003,Baguette Traditional,Bakery,3,40.00,0.00,120.00,0,0.00,0
TX002546,2026-02-13,ST001_Siam,Hypermarket,PRD_PRD_003,Sweet Cherry Tomato,Produce,6,49.00,0.05,279.30,0,0.00,0
TX002547,2026-06-13,ST003_Silom,Express,PRD_BAK_004,Danish Apple,Bakery,4,50.00,0.15,170.00,2,60.00,1
TX002548,2026-06-29,ST002_Sukhumvit,Supermarket,PRD_BEV_001,Cold Pressed Orange Juice,Beverages,3,65.00,0.00,195.00,0,0.00,0
TX002549,2026-06-15,ST004_Ari,Supermarket,PRD_DAI_001,Fresh Milk Pasteurized 1L,Dairy,8,48.00,0.00,384.00,0,0.00,0
TX002550,2026-03-05,ST001_Siam,Hypermarket,PRD_BEV_001,Cold Pressed Orange Juice,Beverages,7,65.00,0.05,432.25,0,0.00,0
TX002551,2026-06-06,ST001_Siam,Hypermarket,PRD_BAK_003,Baguette Traditional,Bakery,9,40.00,0.10,324.00,0,0.00,1
TX002552,2026-05-30,ST004_Ari,Supermarket,PRD_BAK_001,Croissant Butter,Bakery,3,45.00,0.00,135.00,1,27.00,1
TX002553,2026-06-20,ST005_Ladprao,Hypermarket,PRD_DAI_001,Fresh Milk Pasteurized 1L,Dairy,8,48.00,0.10,345.60,0,0.00,1
TX002554,2026-02-05,ST005_Ladprao,Hypermarket,PRD_DAI_002,Greek Yogurt Plain,Dairy,5,35.00,0.00,175.00,2,42.00,0
TX002555,2026-02-04,ST003_Silom,Express,PRD_PRD_003,Sweet Cherry Tomato,Produce,6,49.00,0.20,235.20,0,0.00,0
TX002556,2026-05-21,ST002_Sukhumvit,Supermarket,PRD_BAK_003,Baguette Traditional,Bakery,5,40.00,0.00,200.00,0,0.00,0
TX002557,2026-06-25,ST004_Ari,Supermarket,PRD_DAI_002,Greek Yogurt Plain,Dairy,5,35.00,0.10,157.50,0,0.00,0
TX002558,2026-06-30,ST003_Silom,Express,PRD_BEV_002,Organic Green Tea,Beverages,5,40.00,0.05,190.00,0,0.00,0
TX002559,2026-01-11,ST002_Sukhumvit,Supermarket,PRD_BAK_001,Croissant Butter,Bakery,7,45.00,0.05,299.25,0,0.00,1
TX002560,2026-04-10,ST001_Siam,Hypermarket,PRD_BEV_001,Cold Pressed Orange Juice,Beverages,8,65.00,0.05,494.00,0,0.00,0
TX002561,2026-02-23,ST005_Ladprao,Hypermarket,PRD_BAK_002,Whole Wheat Bread,Bakery,7,55.00,0.00,385.00,0,0.00,0
TX002562,2026-02-12,ST005_Ladprao,Hypermarket,PRD_PRD_002,Japanese Salad Mix,Produce,11,59.00,0.20,519.20,0,0.00,0
TX002563,2026-05-11,ST002_Sukhumvit,Supermarket,PRD_BAK_001,Croissant Butter,Bakery,6,45.00,0.15,229.50,0,0.00,0
TX002564,2026-05-28,ST004_Ari,Supermarket,PRD_DAI_001,Fresh Milk Pasteurized 1L,Dairy,5,48.00,0.00,240.00,2,57.60,0
TX002565,2026-02-07,ST004_Ari,Supermarket,PRD_BAK_001,Croissant Butter,Bakery,7,45.00,0.20,252.00,0,0.00,1
TX002566,2026-06-25,ST004_Ari,Supermarket,PRD_PRD_003,Sweet Cherry Tomato,Produce,6,49.00,0.10,264.60,0,0.00,0
TX002567,2026-01-30,ST005_Ladprao,Hypermarket,PRD_BEV_002,Organic Green Tea,Beverages,8,40.00,0.00,320.00,1,24.00,0
TX002568,2026-01-11,ST001_Siam,Hypermarket,PRD_BEV_001,Cold Pressed Orange Juice,Beverages,4,65.00,0.00,260.00,0,0.00,1
TX002569,2026-04-23,ST002_Sukhumvit,Supermarket,PRD_BAK_004,Danish Apple,Bakery,7,50.00,0.15,297.50,0,0.00,0
TX002570,2026-03-17,ST005_Ladprao,Hypermarket,PRD_BAK_004,Danish Apple,Bakery,7,50.00,0.10,315.00,1,30.00,0
TX002571,2026-06-16,ST003_Silom,Express,PRD_DAI_002,Greek Yogurt Plain,Dairy,5,35.00,0.00,175.00,3,63.00,0
TX002572,2026-01-06,ST005_Ladprao,Hypermarket,PRD_BEV_002,Organic Green Tea,Beverages,7,40.00,,252.00,0,0.00,0
TX002573,2026-06-20,ST003_Silom,Express,PRD_BAK_003,Baguette Traditional,Bakery,3,40.00,0.00,120.00,0,0.00,1
TX002574,2026-01-05,ST005_Ladprao,Hypermarket,PRD_BAK_004,Danish Apple,Bakery,13,50.00,0.20,520.00,0,0.00,0
TX002575,2026-01-17,ST001_Siam,Hypermarket,PRD_BAK_004,Danish Apple,Bakery,5,50.00,0.20,200.00,0,0.00,1
TX002576,2026-02-02,ST005_Ladprao,Hypermarket,PRD_DAI_001,Fresh Milk Pasteurized 1L,Dairy,7,48.00,0.00,336.00,0,0.00,0
TX002577,2026-02-18,ST004_Ari,Supermarket,PRD_PRD_002,Japanese Salad Mix,Produce,5,59.00,0.15,250.75,0,0.00,0
TX002578,2026-03-20,ST002_Sukhumvit,Supermarket,PRD_BAK_004,Danish Apple,Bakery,4,50.00,0.00,200.00,0,0.00,0
TX002579,2026-02-06,ST004_Ari,Supermarket,PRD_BAK_001,Croissant Butter,Bakery,6,45.00,0.10,243.00,0,0.00,0
TX002580,2026-05-03,ST002_Sukhumvit,Supermarket,PRD_DAI_002,Greek Yogurt Plain,Dairy,5,35.00,0.10,157.50,0,0.00,1
TX002581,2026-01-22,ST004_Ari,Supermarket,PRD_PRD_003,Sweet Cherry Tomato,Produce,7,49.00,0.15,291.55,1,29.40,0
TX002582,2026-06-16,ST001_Siam,Hypermarket,PRD_PRD_002,Japanese Salad Mix,Produce,8,59.00,0.05,448.40,0,0.00,0
TX002583,2026-06-25,ST001_Siam,Hypermarket,PRD_BAK_004,Danish Apple,Bakery,9,50.00,0.20,360.00,0,0.00,0
TX002584,2026-06-07,ST003_Silom,Express,PRD_PRD_003,Sweet Cherry Tomato,Produce,3,49.00,0.10,132.30,0,0.00,1
TX002585,2026-04-26,ST003_Silom,Express,PRD_PRD_003,Sweet Cherry Tomato,Produce,3,49.00,0.05,139.65,0,0.00,1
TX002586,2026-03-31,ST003_Silom,Express,PRD_PRD_001,Organic Avocado,Produce,3,69.00,0.10,186.30,0,0.00,0
TX002587,2026-03-06,ST004_Ari,Supermarket,PRD_BAK_002,Whole Wheat Bread,Bakery,5,55.00,0.00,275.00,0,0.00,0
TX002588,2026-05-23,ST001_Siam,Hypermarket,PRD_BAK_002,Whole Wheat Bread,Bakery,8,55.00,0.15,374.00,0,0.00,1
TX002589,2026-04-16,ST005_Ladprao,Hypermarket,PRD_BAK_004,Danish Apple,Bakery,5,50.00,0.00,250.00,0,0.00,0
TX002590,2026-04-19,ST005_Ladprao,Hypermarket,PRD_BAK_001,Croissant Butter,Bakery,9,45.00,0.15,344.25,2,54.00,1
TX002591,2026-01-28,ST002_Sukhumvit,Supermarket,PRD_BEV_001,Cold Pressed Orange Juice,Beverages,6,65.00,0.00,390.00,0,0.00,0
TX002592,2026-03-29,ST001_Siam,Hypermarket,PRD_DAI_001,Fresh Milk Pasteurized 1L,Dairy,7,48.00,0.00,336.00,0,0.00,1
TX002593,2026-04-29,ST002_Sukhumvit,Supermarket,PRD_PRD_002,Japanese Salad Mix,Produce,5,59.00,0.00,295.00,0,0.00,0
TX002594,2026-03-15,ST003_Silom,Express,PRD_DAI_002,Greek Yogurt Plain,Dairy,3,35.00,0.05,99.75,0,0.00,1
TX002595,2026-02-20,ST001_Siam,Hypermarket,PRD_BAK_001,Croissant Butter,Bakery,9,45.00,0.15,344.25,0,0.00,0
TX002596,2026-05-16,ST003_Silom,Express,PRD_DAI_001,Fresh Milk Pasteurized 1L,Dairy,4,48.00,0.10,172.80,0,0.00,1
TX002597,2026-05-24,ST001_Siam,Hypermarket,PRD_PRD_002,Japanese Salad Mix,Produce,4,59.00,0.00,236.00,0,0.00,1
TX002598,2026-02-21,ST005_Ladprao,Hypermarket,PRD_PRD_003,Sweet Cherry Tomato,Produce,8,49.00,0.00,392.00,0,0.00,1
TX002599,2026-04-22,ST004_Ari,Supermarket,PRD_PRD_003,Sweet Cherry Tomato,Produce,1,49.00,0.00,49.00,1,29.40,0
TX002600,2026-06-29,ST004_Ari,Supermarket,PRD_BAK_001,Croissant Butter,Bakery,4,45.00,0.00,180.00,1,27.00,0
TX002601,2026-03-26,ST005_Ladprao,Hypermarket,PRD_BAK_001,Croissant Butter,Bakery,8,45.00,0.00,360.00,0,0.00,0
TX002602,2026-05-31,ST004_Ari,Supermarket,PRD_BEV_002,Organic Green Tea,Beverages,6,40.00,0.10,216.00,0,0.00,1
TX002603,2026-05-30,ST002_Sukhumvit,Supermarket,PRD_DAI_002,Greek Yogurt Plain,Dairy,5,35.00,0.00,175.00,0,0.00,1
TX002604,2026-06-29,ST003_Silom,Express,PRD_BEV_001,Cold Pressed Orange Juice,Beverages,3,65.00,0.00,195.00,0,0.00,0
TX002605,2026-02-14,ST001_Siam,Hypermarket,PRD_PRD_001,Organic Avocado,Produce,11,69.00,0.15,645.15,0,0.00,1
TX002606,2026-05-31,ST003_Silom,Express,PRD_BEV_002,Organic Green Tea,Beverages,6,40.00,0.10,216.00,0,0.00,1
TX002607,2026-06-13,ST002_Sukhumvit,Supermarket,PRD_BEV_002,Organic Green Tea,Beverages,4,40.00,0.00,160.00,0,0.00,1
TX002608,2026-06-25,ST001_Siam,Hypermarket,PRD_PRD_003,Sweet Cherry Tomato,Produce,6,49.00,0.10,264.60,0,0.00,0
TX002609,2026-01-26,ST002_Sukhumvit,Supermarket,PRD_BAK_004,Danish Apple,Bakery,4,50.00,0.10,180.00,0,0.00,0
TX002610,2026-05-03,ST005_Ladprao,Hypermarket,PRD_PRD_001,Organic Avocado,Produce,7,69.00,0.00,483.00,0,0.00,1
TX002611,2026-06-26,ST005_Ladprao,Hypermarket,PRD_BEV_002,Organic Green Tea,Beverages,8,40.00,0.05,304.00,0,0.00,0
TX002612,2026-06-06,ST004_Ari,Supermarket,PRD_BAK_001,Croissant Butter,Bakery,4,45.00,0.00,180.00,1,27.00,1
TX002613,2026-06-19,ST002_Sukhumvit,Supermarket,PRD_BAK_001,Croissant Butter,Bakery,3,45.00,0.00,135.00,0,0.00,0
TX002614,2026-02-13,ST001_Siam,Hypermarket,PRD_BAK_002,Whole Wheat Bread,Bakery,8,55.00,,396.00,1,33.00,0
TX002615,2026-06-19,ST003_Silom,Express,PRD_BAK_002,Whole Wheat Bread,Bakery,7,55.00,0.15,327.25,0,0.00,0
TX002616,2026-03-02,ST003_Silom,Express,PRD_BEV_002,Organic Green Tea,Beverages,7,40.00,0.10,252.00,1,24.00,0
TX002617,2026-01-06,ST005_Ladprao,Hypermarket,PRD_DAI_002,Greek Yogurt Plain,Dairy,9,35.00,0.05,299.25,0,0.00,0
TX002618,2026-05-20,ST004_Ari,Supermarket,PRD_PRD_001,Organic Avocado,Produce,4,69.00,0.05,262.20,0,0.00,0
TX002619,2026-01-31,ST004_Ari,Supermarket,PRD_PRD_002,Japanese Salad Mix,Produce,3,59.00,0.15,150.45,0,0.00,1
TX002620,2026-05-10,ST003_Silom,Express,PRD_DAI_001,Fresh Milk Pasteurized 1L,Dairy,3,48.00,0.00,144.00,0,0.00,1
TX002621,2026-01-07,ST003_Silom,Express,PRD_DAI_002,Greek Yogurt Plain,Dairy,2,35.00,0.00,70.00,0,0.00,0
TX002622,2026-02-16,ST002_Sukhumvit,Supermarket,PRD_PRD_003,Sweet Cherry Tomato,Produce,7,49.00,0.15,291.55,0,0.00,0
TX002623,2026-01-24,ST001_Siam,Hypermarket,PRD_BAK_003,Baguette Traditional,Bakery,11,40.00,0.15,374.00,0,0.00,1
TX002624,2026-06-03,ST004_Ari,Supermarket,PRD_DAI_002,Greek Yogurt Plain,Dairy,3,35.00,0.00,105.00,0,0.00,0
TX002625,2026-05-29,ST004_Ari,Supermarket,PRD_BEV_002,Organic Green Tea,Beverages,4,40.00,0.00,160.00,0,0.00,0
TX002626,2026-01-23,ST005_Ladprao,Hypermarket,PRD_PRD_003,Sweet Cherry Tomato,Produce,9,49.00,0.00,441.00,0,0.00,0
TX002627,2026-05-22,ST002_Sukhumvit,Supermarket,PRD_BAK_003,Baguette Traditional,Bakery,5,40.00,0.10,180.00,0,0.00,0
TX002628,2026-03-27,ST004_Ari,Supermarket,PRD_PRD_002,Japanese Salad Mix,Produce,8,59.00,0.00,472.00,0,0.00,0
TX002629,2026-06-18,ST004_Ari,Supermarket,PRD_BAK_003,Baguette Traditional,Bakery,3,40.00,0.05,114.00,0,0.00,0
TX002630,2026-03-14,ST005_Ladprao,Hypermarket,PRD_PRD_003,Sweet Cherry Tomato,Produce,5,49.00,0.10,220.50,0,0.00,1
TX002631,2026-06-06,ST004_Ari,Supermarket,PRD_BAK_001,Croissant Butter,Bakery,4,45.00,,171.00,1,27.00,1
TX002632,2026-05-24,ST003_Silom,Express,PRD_BAK_002,Whole Wheat Bread,Bakery,7,55.00,0.10,346.50,0,0.00,1
TX002633,2026-06-11,ST004_Ari,Supermarket,PRD_PRD_001,Organic Avocado,Produce,10,69.00,,586.50,0,0.00,0
TX002634,2026-05-27,ST002_Sukhumvit,Supermarket,PRD_PRD_001,Organic Avocado,Produce,4,69.00,0.15,234.60,0,0.00,0
TX002635,2026-04-22,ST002_Sukhumvit,Supermarket,PRD_PRD_001,Organic Avocado,Produce,7,69.00,0.10,434.70,0,0.00,0
TX002636,2026-05-15,ST004_Ari,Supermarket,PRD_BEV_001,Cold Pressed Orange Juice,Beverages,3,65.00,0.00,195.00,1,39.00,0
TX002637,2026-02-24,ST001_Siam,Hypermarket,PRD_BEV_001,Cold Pressed Orange Juice,Beverages,5,65.00,0.00,325.00,0,0.00,0
TX002638,2026-02-22,ST004_Ari,Supermarket,PRD_BAK_002,Whole Wheat Bread,Bakery,7,55.00,0.00,385.00,1,33.00,1
TX002639,2026-03-05,ST001_Siam,Hypermarket,PRD_PRD_001,Organic Avocado,Produce,4,69.00,0.05,262.20,0,0.00,0
TX002640,2026-03-27,ST001_Siam,Hypermarket,PRD_BAK_003,Baguette Traditional,Bakery,8,40.00,0.05,304.00,0,0.00,0
TX002641,2026-02-01,ST005_Ladprao,Hypermarket,PRD_BAK_002,Whole Wheat Bread,Bakery,7,55.00,,346.50,0,0.00,1
TX002642,2026-02-19,ST003_Silom,Express,PRD_PRD_001,Organic Avocado,Produce,4,69.00,0.00,276.00,0,0.00,0
TX002643,2026-05-04,ST001_Siam,Hypermarket,PRD_DAI_002,Greek Yogurt Plain,Dairy,5,35.00,0.00,175.00,0,0.00,0
TX002644,2026-05-27,ST005_Ladprao,Hypermarket,PRD_BEV_002,Organic Green Tea,Beverages,3,40.00,0.00,120.00,0,0.00,0
TX002645,2026-04-29,ST005_Ladprao,Hypermarket,PRD_BAK_003,Baguette Traditional,Bakery,5,40.00,0.00,200.00,0,0.00,0
TX002646,2026-04-16,ST005_Ladprao,Hypermarket,PRD_BAK_002,Whole Wheat Bread,Bakery,8,55.00,0.00,440.00,0,0.00,0
TX002647,2026-03-09,ST005_Ladprao,Hypermarket,PRD_PRD_003,Sweet Cherry Tomato,Produce,7,49.00,0.15,291.55,0,0.00,0
TX002648,2026-03-05,ST005_Ladprao,Hypermarket,PRD_PRD_003,Sweet Cherry Tomato,Produce,8,49.00,0.20,313.60,0,0.00,0
TX002649,2026-03-21,ST001_Siam,Hypermarket,PRD_PRD_002,Japanese Salad Mix,Produce,6,59.00,0.05,336.30,0,0.00,1
TX002650,2026-06-18,ST001_Siam,Hypermarket,PRD_BAK_002,Whole Wheat Bread,Bakery,5,55.00,0.00,275.00,0,0.00,0
TX002651,2026-06-25,ST004_Ari,Supermarket,PRD_PRD_002,Japanese Salad Mix,Produce,3,59.00,0.00,177.00,0,0.00,0
TX002652,2026-06-27,ST001_Siam,Hypermarket,PRD_PRD_002,Japanese Salad Mix,Produce,7,59.00,0.00,413.00,0,0.00,1
TX002653,2026-06-02,ST005_Ladprao,Hypermarket,PRD_DAI_002,Greek Yogurt Plain,Dairy,8,35.00,0.10,252.00,0,0.00,0
TX002654,2026-04-16,ST002_Sukhumvit,Supermarket,PRD_BAK_002,Whole Wheat Bread,Bakery,5,55.00,0.15,233.75,0,0.00,0
TX002655,2026-01-02,ST001_Siam,Hypermarket,PRD_BAK_001,Croissant Butter,Bakery,8,45.00,0.15,306.00,0,0.00,0
TX002656,2026-02-04,ST003_Silom,Express,PRD_DAI_002,Greek Yogurt Plain,Dairy,5,35.00,0.05,166.25,0,0.00,0
TX002657,2026-03-12,ST005_Ladprao,Hypermarket,PRD_BEV_001,Cold Pressed Orange Juice,Beverages,9,65.00,0.10,526.50,0,0.00,0
TX002658,2026-03-25,ST004_Ari,Supermarket,PRD_PRD_001,Organic Avocado,Produce,7,69.00,0.00,483.00,0,0.00,0
TX002659,2026-04-04,ST004_Ari,Supermarket,PRD_DAI_001,Fresh Milk Pasteurized 1L,Dairy,5,48.00,,228.00,0,0.00,1
TX002660,2026-04-26,ST003_Silom,Express,PRD_PRD_002,Japanese Salad Mix,Produce,4,59.00,0.00,236.00,0,0.00,1
TX002661,2026-03-04,ST003_Silom,Express,PRD_PRD_001,Organic Avocado,Produce,6,69.00,0.10,372.60,0,0.00,0
TX002662,2026-06-12,ST002_Sukhumvit,Supermarket,PRD_PRD_003,Sweet Cherry Tomato,Produce,5,49.00,0.05,232.75,0,0.00,0
TX002663,2026-06-05,ST003_Silom,Express,PRD_BAK_004,Danish Apple,Bakery,3,50.00,0.00,150.00,2,60.00,0
TX002664,2026-01-31,ST002_Sukhumvit,Supermarket,PRD_BAK_003,Baguette Traditional,Bakery,4,40.00,0.05,152.00,0,0.00,1
TX002665,2026-04-26,ST004_Ari,Supermarket,PRD_DAI_001,Fresh Milk Pasteurized 1L,Dairy,5,48.00,0.10,216.00,0,0.00,1
TX002666,2026-01-08,ST001_Siam,Hypermarket,PRD_BAK_002,Whole Wheat Bread,Bakery,7,55.00,0.00,385.00,0,0.00,0
TX002667,2026-01-24,ST003_Silom,Express,PRD_DAI_002,Greek Yogurt Plain,Dairy,2,35.00,0.05,66.50,0,0.00,1
TX002668,2026-05-18,ST001_Siam,Hypermarket,PRD_BAK_002,Whole Wheat Bread,Bakery,8,55.00,0.10,396.00,0,0.00,0
TX002669,2026-05-04,ST004_Ari,Supermarket,PRD_DAI_002,Greek Yogurt Plain,Dairy,5,35.00,0.00,175.00,0,0.00,0
TX002670,2026-04-02,ST004_Ari,Supermarket,PRD_BAK_001,Croissant Butter,Bakery,6,45.00,0.05,256.50,0,0.00,0
TX002671,2026-04-15,ST003_Silom,Express,PRD_BAK_003,Baguette Traditional,Bakery,6,40.00,0.20,192.00,0,0.00,0
TX002672,2026-01-14,ST002_Sukhumvit,Supermarket,PRD_DAI_002,Greek Yogurt Plain,Dairy,4,35.00,0.05,133.00,0,0.00,0
TX002673,2026-05-03,ST003_Silom,Express,PRD_BAK_004,Danish Apple,Bakery,3,50.00,0.10,135.00,0,0.00,1
TX002674,2026-01-13,ST004_Ari,Supermarket,PRD_DAI_002,Greek Yogurt Plain,Dairy,7,35.00,0.05,232.75,0,0.00,0
TX002675,2026-04-05,ST003_Silom,Express,PRD_DAI_002,Greek Yogurt Plain,Dairy,3,35.00,0.00,105.00,0,0.00,1
TX002676,2026-05-09,ST003_Silom,Express,PRD_PRD_001,Organic Avocado,Produce,5,69.00,0.05,327.75,0,0.00,1
TX002677,2026-03-10,ST001_Siam,Hypermarket,PRD_BAK_001,Croissant Butter,Bakery,11,45.00,0.20,396.00,0,0.00,0
TX002678,2026-04-30,ST003_Silom,Express,PRD_BAK_003,Baguette Traditional,Bakery,3,40.00,0.00,120.00,0,0.00,0
TX002679,2026-02-05,ST002_Sukhumvit,Supermarket,PRD_BAK_003,Baguette Traditional,Bakery,8,40.00,0.20,256.00,0,0.00,0
TX002680,2026-05-06,ST005_Ladprao,Hypermarket,PRD_BAK_002,Whole Wheat Bread,Bakery,8,55.00,0.10,396.00,0,0.00,0
TX002681,2026-02-22,ST002_Sukhumvit,Supermarket,PRD_BEV_002,Organic Green Tea,Beverages,4,40.00,0.05,152.00,0,0.00,1
TX002682,2026-02-19,ST005_Ladprao,Hypermarket,PRD_DAI_002,Greek Yogurt Plain,Dairy,6,35.00,0.10,189.00,0,0.00,0
TX002683,2026-05-02,ST003_Silom,Express,PRD_BAK_001,Croissant Butter,Bakery,2,45.00,0.20,72.00,1,27.00,1
TX002684,2026-03-05,ST001_Siam,Hypermarket,PRD_PRD_001,Organic Avocado,Produce,7,69.00,0.05,458.85,0,0.00,0
TX002685,2026-02-28,ST003_Silom,Express,PRD_DAI_002,Greek Yogurt Plain,Dairy,2,35.00,0.00,70.00,2,42.00,1
TX002686,2026-03-20,ST001_Siam,Hypermarket,PRD_BAK_001,Croissant Butter,Bakery,9,45.00,0.20,324.00,0,0.00,0
TX002687,2026-05-12,ST001_Siam,Hypermarket,PRD_PRD_003,Sweet Cherry Tomato,Produce,7,49.00,0.10,308.70,0,0.00,0
TX002688,2026-03-30,ST002_Sukhumvit,Supermarket,PRD_PRD_001,Organic Avocado,Produce,5,69.00,0.05,327.75,0,0.00,0
TX002689,2026-04-03,ST003_Silom,Express,PRD_PRD_001,Organic Avocado,Produce,6,69.00,0.10,372.60,0,0.00,0
TX002690,2026-06-26,ST001_Siam,Hypermarket,PRD_DAI_001,Fresh Milk Pasteurized 1L,Dairy,7,48.00,0.00,336.00,0,0.00,0
TX002691,2026-01-28,ST001_Siam,Hypermarket,PRD_BEV_002,Organic Green Tea,Beverages,7,40.00,0.05,266.00,0,0.00,0
TX002692,2026-05-09,ST005_Ladprao,Hypermarket,PRD_BEV_002,Organic Green Tea,Beverages,9,40.00,0.05,342.00,0,0.00,1
TX002693,2026-06-09,ST005_Ladprao,Hypermarket,PRD_BEV_001,Cold Pressed Orange Juice,Beverages,10,65.00,0.10,585.00,0,0.00,0
TX002694,2026-06-26,ST005_Ladprao,Hypermarket,PRD_BAK_001,Croissant Butter,Bakery,7,45.00,0.05,299.25,0,0.00,0
TX002695,2026-05-29,ST002_Sukhumvit,Supermarket,PRD_DAI_001,Fresh Milk Pasteurized 1L,Dairy,4,48.00,0.00,192.00,1,28.80,0
TX002696,2026-01-10,ST001_Siam,Hypermarket,PRD_BEV_001,Cold Pressed Orange Juice,Beverages,8,65.00,0.10,468.00,0,0.00,1
TX002697,2026-05-23,ST002_Sukhumvit,Supermarket,PRD_BEV_001,Cold Pressed Orange Juice,Beverages,5,65.00,0.10,292.50,0,0.00,1
TX002698,2026-05-26,ST001_Siam,Hypermarket,PRD_BAK_003,Baguette Traditional,Bakery,9,40.00,0.00,360.00,0,0.00,0
TX002699,2026-02-10,ST005_Ladprao,Hypermarket,PRD_BAK_004,Danish Apple,Bakery,6,50.00,0.00,300.00,0,0.00,0
TX002700,2026-01-13,ST005_Ladprao,Hypermarket,PRD_DAI_002,Greek Yogurt Plain,Dairy,7,35.00,,245.00,0,0.00,0
TX002701,2026-02-28,ST002_Sukhumvit,Supermarket,PRD_BAK_001,Croissant Butter,Bakery,5,45.00,0.00,225.00,1,27.00,1
TX002702,2026-01-12,ST001_Siam,Hypermarket,PRD_DAI_002,Greek Yogurt Plain,Dairy,8,35.00,0.10,252.00,0,0.00,0
TX002703,2026-05-21,ST001_Siam,Hypermarket,PRD_PRD_001,Organic Avocado,Produce,5,69.00,0.00,345.00,0,0.00,0
TX002704,2026-03-02,ST005_Ladprao,Hypermarket,PRD_PRD_001,Organic Avocado,Produce,9,69.00,0.05,589.95,0,0.00,0
TX002705,2026-01-22,ST005_Ladprao,Hypermarket,PRD_DAI_002,Greek Yogurt Plain,Dairy,7,35.00,0.00,245.00,0,0.00,0
TX002706,2026-05-21,ST002_Sukhumvit,Supermarket,PRD_BAK_004,Danish Apple,Bakery,4,50.00,0.05,190.00,0,0.00,0
TX002707,2026-05-31,ST003_Silom,Express,PRD_BEV_002,Organic Green Tea,Beverages,5,40.00,,200.00,0,0.00,1
TX002708,2026-04-14,ST002_Sukhumvit,Supermarket,PRD_BAK_001,Croissant Butter,Bakery,5,45.00,0.05,213.75,0,0.00,0
TX002709,2026-03-26,ST005_Ladprao,Hypermarket,PRD_PRD_003,Sweet Cherry Tomato,Produce,9,49.00,0.10,396.90,0,0.00,0
TX002710,2026-04-21,ST004_Ari,Supermarket,PRD_PRD_003,Sweet Cherry Tomato,Produce,4,49.00,,186.20,0,0.00,0
TX002711,2026-06-15,ST004_Ari,Supermarket,PRD_PRD_002,Japanese Salad Mix,Produce,7,59.00,0.05,392.35,0,0.00,0
TX002712,2026-02-27,ST003_Silom,Express,PRD_BAK_001,Croissant Butter,Bakery,3,45.00,0.10,121.50,0,0.00,0
TX002713,2026-06-07,ST005_Ladprao,Hypermarket,PRD_PRD_001,Organic Avocado,Produce,7,69.00,0.15,410.55,1,41.40,1
TX002714,2026-02-19,ST004_Ari,Supermarket,PRD_PRD_003,Sweet Cherry Tomato,Produce,7,49.00,0.15,291.55,0,0.00,0
TX002715,2026-05-25,ST005_Ladprao,Hypermarket,PRD_PRD_003,Sweet Cherry Tomato,Produce,8,49.00,0.00,392.00,0,0.00,0
TX002716,2026-01-04,ST005_Ladprao,Hypermarket,PRD_BAK_004,Danish Apple,Bakery,7,50.00,0.15,297.50,0,0.00,1
TX002717,2026-05-01,ST005_Ladprao,Hypermarket,PRD_BEV_002,Organic Green Tea,Beverages,9,40.00,0.10,324.00,0,0.00,0
TX002718,2026-01-08,ST003_Silom,Express,PRD_BEV_001,Cold Pressed Orange Juice,Beverages,5,65.00,0.10,292.50,2,78.00,0
TX002719,2026-04-07,ST001_Siam,Hypermarket,PRD_BEV_001,Cold Pressed Orange Juice,Beverages,9,65.00,0.00,585.00,0,0.00,0
TX002720,2026-04-02,ST004_Ari,Supermarket,PRD_BEV_002,Organic Green Tea,Beverages,7,40.00,0.00,280.00,0,0.00,0
TX002721,2026-01-21,ST005_Ladprao,Hypermarket,PRD_BAK_001,Croissant Butter,Bakery,8,45.00,0.15,306.00,1,27.00,0
TX002722,2026-03-27,ST005_Ladprao,Hypermarket,PRD_PRD_002,Japanese Salad Mix,Produce,5,59.00,0.00,295.00,0,0.00,0
TX002723,2026-02-05,ST004_Ari,Supermarket,PRD_PRD_001,Organic Avocado,Produce,6,69.00,0.10,372.60,0,0.00,0
TX002724,2026-01-25,ST005_Ladprao,Hypermarket,PRD_BEV_002,Organic Green Tea,Beverages,6,40.00,0.00,240.00,0,0.00,1
TX002725,2026-04-22,ST003_Silom,Express,PRD_BAK_003,Baguette Traditional,Bakery,6,40.00,0.00,240.00,2,48.00,0
TX002726,2026-04-26,ST001_Siam,Hypermarket,PRD_PRD_001,Organic Avocado,Produce,9,69.00,0.20,496.80,0,0.00,1
TX002727,2026-02-03,ST001_Siam,Hypermarket,PRD_DAI_002,Greek Yogurt Plain,Dairy,7,35.00,0.05,232.75,0,0.00,0
TX002728,2026-04-22,ST005_Ladprao,Hypermarket,PRD_BAK_003,Baguette Traditional,Bakery,5,40.00,0.00,200.00,0,0.00,0
TX002729,2026-04-04,ST004_Ari,Supermarket,PRD_BAK_001,Croissant Butter,Bakery,3,45.00,0.20,108.00,1,27.00,1
TX002730,2026-02-26,ST003_Silom,Express,PRD_PRD_003,Sweet Cherry Tomato,Produce,6,49.00,0.05,279.30,0,0.00,0
TX002731,2026-05-01,ST002_Sukhumvit,Supermarket,PRD_DAI_002,Greek Yogurt Plain,Dairy,4,35.00,0.00,140.00,0,0.00,0
TX002732,2026-03-13,ST001_Siam,Hypermarket,PRD_BAK_001,Croissant Butter,Bakery,4,45.00,0.00,180.00,0,0.00,0
TX002733,2026-02-11,ST003_Silom,Express,PRD_DAI_001,Fresh Milk Pasteurized 1L,Dairy,4,48.00,0.00,192.00,2,57.60,0
TX002734,2026-05-19,ST003_Silom,Express,PRD_BAK_001,Croissant Butter,Bakery,4,45.00,0.10,162.00,2,54.00,0
TX002735,2026-01-16,ST001_Siam,Hypermarket,PRD_BAK_002,Whole Wheat Bread,Bakery,5,55.00,,233.75,0,0.00,0
TX002736,2026-02-15,ST004_Ari,Supermarket,PRD_BAK_002,Whole Wheat Bread,Bakery,8,55.00,0.20,352.00,0,0.00,1
TX002737,2026-04-03,ST002_Sukhumvit,Supermarket,PRD_DAI_001,Fresh Milk Pasteurized 1L,Dairy,5,48.00,0.00,240.00,0,0.00,0
TX002738,2026-01-12,ST001_Siam,Hypermarket,PRD_DAI_001,Fresh Milk Pasteurized 1L,Dairy,7,48.00,,336.00,0,0.00,0
TX002739,2026-05-04,ST003_Silom,Express,PRD_BEV_002,Organic Green Tea,Beverages,2,40.00,0.00,80.00,0,0.00,0
TX002740,2026-03-21,ST005_Ladprao,Hypermarket,PRD_PRD_002,Japanese Salad Mix,Produce,9,59.00,0.20,424.80,0,0.00,1
TX002741,2026-04-30,ST004_Ari,Supermarket,PRD_BEV_001,Cold Pressed Orange Juice,Beverages,7,65.00,0.00,455.00,0,0.00,0
TX002742,2026-02-03,ST005_Ladprao,Hypermarket,PRD_PRD_001,Organic Avocado,Produce,10,69.00,0.05,655.50,0,0.00,0
TX002743,2026-06-09,ST005_Ladprao,Hypermarket,PRD_BAK_003,Baguette Traditional,Bakery,7,40.00,0.10,252.00,0,0.00,0
TX002744,2026-05-18,ST001_Siam,Hypermarket,PRD_BAK_004,Danish Apple,Bakery,10,50.00,0.20,400.00,0,0.00,0
TX002745,2026-05-24,ST005_Ladprao,Hypermarket,PRD_PRD_003,Sweet Cherry Tomato,Produce,6,49.00,0.00,294.00,0,0.00,1
TX002746,2026-03-17,ST002_Sukhumvit,Supermarket,PRD_PRD_002,Japanese Salad Mix,Produce,5,59.00,0.10,265.50,0,0.00,0
TX002747,2026-02-08,ST004_Ari,Supermarket,PRD_DAI_002,Greek Yogurt Plain,Dairy,7,35.00,0.00,245.00,0,0.00,1
TX002748,2026-05-20,ST004_Ari,Supermarket,PRD_BAK_001,Croissant Butter,Bakery,6,45.00,0.20,216.00,0,0.00,0
TX002749,2026-03-06,ST003_Silom,Express,PRD_DAI_002,Greek Yogurt Plain,Dairy,4,35.00,0.00,140.00,0,0.00,0
TX002750,2026-03-23,ST002_Sukhumvit,Supermarket,PRD_PRD_003,Sweet Cherry Tomato,Produce,8,49.00,0.20,313.60,0,0.00,0
TX002751,2026-03-26,ST003_Silom,Express,PRD_BAK_001,Croissant Butter,Bakery,4,45.00,0.10,162.00,0,0.00,0
TX002752,2026-06-30,ST001_Siam,Hypermarket,PRD_PRD_003,Sweet Cherry Tomato,Produce,6,49.00,0.05,279.30,0,0.00,0
TX002753,2026-02-10,ST002_Sukhumvit,Supermarket,PRD_BEV_001,Cold Pressed Orange Juice,Beverages,5,65.00,,325.00,0,0.00,0
TX002754,2026-01-09,ST005_Ladprao,Hypermarket,PRD_PRD_002,Japanese Salad Mix,Produce,9,59.00,0.05,504.45,0,0.00,0
TX002755,2026-06-20,ST005_Ladprao,Hypermarket,PRD_BAK_002,Whole Wheat Bread,Bakery,8,55.00,0.00,440.00,1,33.00,1
TX002756,2026-04-10,ST001_Siam,Hypermarket,PRD_BEV_001,Cold Pressed Orange Juice,Beverages,7,65.00,0.00,455.00,0,0.00,0
TX002757,2026-06-30,ST004_Ari,Supermarket,PRD_BEV_002,Organic Green Tea,Beverages,8,40.00,,288.00,0,0.00,0
TX002758,2026-06-08,ST003_Silom,Express,PRD_BAK_004,Danish Apple,Bakery,5,50.00,0.05,237.50,0,0.00,0
TX002759,2026-06-28,ST001_Siam,Hypermarket,PRD_BEV_002,Organic Green Tea,Beverages,10,40.00,0.00,400.00,0,0.00,1
TX002760,2026-03-22,ST005_Ladprao,Hypermarket,PRD_PRD_002,Japanese Salad Mix,Produce,6,59.00,0.00,354.00,1,35.40,1
TX002761,2026-01-13,ST001_Siam,Hypermarket,PRD_PRD_002,Japanese Salad Mix,Produce,4,59.00,0.00,236.00,0,0.00,0
TX002762,2026-02-16,ST003_Silom,Express,PRD_BEV_002,Organic Green Tea,Beverages,1,40.00,0.05,38.00,0,0.00,0
TX002763,2026-01-12,ST004_Ari,Supermarket,PRD_BAK_002,Whole Wheat Bread,Bakery,7,55.00,0.10,346.50,0,0.00,0
TX002764,2026-04-29,ST005_Ladprao,Hypermarket,PRD_DAI_002,Greek Yogurt Plain,Dairy,9,35.00,0.00,315.00,0,0.00,0
TX002765,2026-01-08,ST002_Sukhumvit,Supermarket,PRD_BEV_002,Organic Green Tea,Beverages,3,40.00,0.00,120.00,1,24.00,0
TX002766,2026-02-25,ST003_Silom,Express,PRD_BAK_001,Croissant Butter,Bakery,3,45.00,0.00,135.00,0,0.00,0
TX002767,2026-01-01,ST003_Silom,Express,PRD_PRD_002,Japanese Salad Mix,Produce,7,59.00,0.00,413.00,0,0.00,0
TX002768,2026-06-28,ST003_Silom,Express,PRD_BAK_002,Whole Wheat Bread,Bakery,2,55.00,0.00,110.00,0,0.00,1
TX002769,2026-01-25,ST002_Sukhumvit,Supermarket,PRD_BEV_002,Organic Green Tea,Beverages,7,40.00,0.05,266.00,0,0.00,1
TX002770,2026-03-30,ST002_Sukhumvit,Supermarket,PRD_PRD_002,Japanese Salad Mix,Produce,5,59.00,0.20,236.00,0,0.00,0
TX002771,2026-04-03,ST004_Ari,Supermarket,PRD_BAK_002,Whole Wheat Bread,Bakery,8,55.00,0.00,440.00,0,0.00,0
TX002772,2026-06-14,ST001_Siam,Hypermarket,PRD_PRD_003,Sweet Cherry Tomato,Produce,10,49.00,0.15,416.50,0,0.00,1
TX002773,2026-05-21,ST001_Siam,Hypermarket,PRD_BAK_002,Whole Wheat Bread,Bakery,8,55.00,0.15,374.00,0,0.00,0
TX002774,2026-03-03,ST004_Ari,Supermarket,PRD_DAI_002,Greek Yogurt Plain,Dairy,6,35.00,0.05,199.50,0,0.00,0
TX002775,2026-02-25,ST002_Sukhumvit,Supermarket,PRD_BEV_001,Cold Pressed Orange Juice,Beverages,4,65.00,0.05,247.00,0,0.00,0
TX002776,2026-01-06,ST001_Siam,Hypermarket,PRD_PRD_003,Sweet Cherry Tomato,Produce,10,49.00,0.10,441.00,0,0.00,0
TX002777,2026-02-10,ST003_Silom,Express,PRD_PRD_002,Japanese Salad Mix,Produce,4,59.00,0.00,236.00,0,0.00,0
TX002778,2026-02-24,ST004_Ari,Supermarket,PRD_PRD_002,Japanese Salad Mix,Produce,7,59.00,0.05,392.35,0,0.00,0
TX002779,2026-03-15,ST001_Siam,Hypermarket,PRD_DAI_001,Fresh Milk Pasteurized 1L,Dairy,7,48.00,0.05,319.20,0,0.00,1
TX002780,2026-06-29,ST002_Sukhumvit,Supermarket,PRD_BAK_004,Danish Apple,Bakery,5,50.00,0.00,250.00,0,0.00,0
TX002781,2026-01-18,ST001_Siam,Hypermarket,PRD_BAK_001,Croissant Butter,Bakery,12,45.00,0.15,459.00,0,0.00,1
TX002782,2026-04-02,ST002_Sukhumvit,Supermarket,PRD_BAK_001,Croissant Butter,Bakery,8,45.00,0.20,288.00,0,0.00,0
TX002783,2026-04-16,ST005_Ladprao,Hypermarket,PRD_PRD_001,Organic Avocado,Produce,10,69.00,0.00,690.00,1,41.40,0
TX002784,2026-04-24,ST002_Sukhumvit,Supermarket,PRD_BAK_003,Baguette Traditional,Bakery,7,40.00,0.15,238.00,0,0.00,0
TX002785,2026-04-27,ST003_Silom,Express,PRD_BEV_001,Cold Pressed Orange Juice,Beverages,4,65.00,0.10,234.00,0,0.00,0
TX002786,2026-02-17,ST001_Siam,Hypermarket,PRD_BAK_003,Baguette Traditional,Bakery,9,40.00,0.15,306.00,0,0.00,0
TX002787,2026-03-01,ST002_Sukhumvit,Supermarket,PRD_PRD_003,Sweet Cherry Tomato,Produce,4,49.00,0.20,156.80,0,0.00,1
TX002788,2026-01-03,ST002_Sukhumvit,Supermarket,PRD_DAI_001,Fresh Milk Pasteurized 1L,Dairy,4,48.00,0.05,182.40,0,0.00,1
TX002789,2026-01-07,ST005_Ladprao,Hypermarket,PRD_BAK_003,Baguette Traditional,Bakery,7,40.00,0.00,280.00,0,0.00,0
TX002790,2026-03-30,ST002_Sukhumvit,Supermarket,PRD_BAK_004,Danish Apple,Bakery,7,50.00,0.20,280.00,0,0.00,0
TX002791,2026-02-13,ST001_Siam,Hypermarket,PRD_BEV_002,Organic Green Tea,Beverages,6,40.00,0.00,240.00,1,24.00,0
TX002792,2026-05-27,ST004_Ari,Supermarket,PRD_BAK_001,Croissant Butter,Bakery,6,45.00,0.20,216.00,0,0.00,0
TX002793,2026-01-28,ST001_Siam,Hypermarket,PRD_DAI_002,Greek Yogurt Plain,Dairy,8,35.00,0.10,252.00,0,0.00,0
TX002794,2026-05-31,ST003_Silom,Express,PRD_BEV_001,Cold Pressed Orange Juice,Beverages,6,65.00,0.10,351.00,0,0.00,1
TX002795,2026-06-30,ST001_Siam,Hypermarket,PRD_PRD_003,Sweet Cherry Tomato,Produce,6,49.00,0.15,249.90,0,0.00,0
TX002796,2026-03-02,ST004_Ari,Supermarket,PRD_DAI_002,Greek Yogurt Plain,Dairy,4,35.00,0.00,140.00,2,42.00,0
TX002797,2026-05-29,ST004_Ari,Supermarket,PRD_BAK_003,Baguette Traditional,Bakery,6,40.00,0.15,204.00,0,0.00,0
TX002798,2026-03-21,ST001_Siam,Hypermarket,PRD_BEV_002,Organic Green Tea,Beverages,7,40.00,0.00,280.00,0,0.00,1
TX002799,2026-01-01,ST001_Siam,Hypermarket,PRD_BAK_003,Baguette Traditional,Bakery,9,40.00,0.15,306.00,0,0.00,0
TX002800,2026-02-02,ST002_Sukhumvit,Supermarket,PRD_BAK_003,Baguette Traditional,Bakery,7,40.00,0.20,224.00,0,0.00,0
TX002801,2026-03-13,ST002_Sukhumvit,Supermarket,PRD_BAK_003,Baguette Traditional,Bakery,7,40.00,0.20,224.00,0,0.00,0
TX002802,2026-01-17,ST004_Ari,Supermarket,PRD_PRD_002,Japanese Salad Mix,Produce,5,59.00,0.15,250.75,1,35.40,1
TX002803,2026-06-10,ST001_Siam,Hypermarket,PRD_BAK_003,Baguette Traditional,Bakery,4,40.00,0.00,160.00,0,0.00,0
TX002804,2026-02-08,ST002_Sukhumvit,Supermarket,PRD_BAK_003,Baguette Traditional,Bakery,1,40.00,0.00,40.00,0,0.00,1
TX002805,2026-02-02,ST001_Siam,Hypermarket,PRD_BAK_004,Danish Apple,Bakery,7,50.00,0.05,332.50,0,0.00,0
TX002806,2026-01-24,ST004_Ari,Supermarket,PRD_PRD_002,Japanese Salad Mix,Produce,4,59.00,0.00,236.00,0,0.00,1
TX002807,2026-01-01,ST001_Siam,Hypermarket,PRD_PRD_002,Japanese Salad Mix,Produce,10,59.00,0.20,472.00,0,0.00,0
TX002808,2026-04-02,ST004_Ari,Supermarket,PRD_BEV_001,Cold Pressed Orange Juice,Beverages,3,65.00,0.00,195.00,0,0.00,0
TX002809,2026-01-19,ST001_Siam,Hypermarket,PRD_BEV_002,Organic Green Tea,Beverages,7,40.00,0.00,280.00,0,0.00,0
TX002810,2026-01-19,ST004_Ari,Supermarket,PRD_PRD_001,Organic Avocado,Produce,6,69.00,0.10,372.60,0,0.00,0
TX002811,2026-02-10,ST005_Ladprao,Hypermarket,PRD_DAI_002,Greek Yogurt Plain,Dairy,9,35.00,0.00,315.00,0,0.00,0
TX002812,2026-05-19,ST003_Silom,Express,PRD_BAK_002,Whole Wheat Bread,Bakery,7,55.00,0.15,327.25,0,0.00,0
TX002813,2026-05-26,ST001_Siam,Hypermarket,PRD_BAK_004,Danish Apple,Bakery,6,50.00,0.00,300.00,1,30.00,0
TX002814,2026-04-05,ST004_Ari,Supermarket,PRD_PRD_003,Sweet Cherry Tomato,Produce,9,49.00,0.10,396.90,1,29.40,1
TX002815,2026-04-11,ST002_Sukhumvit,Supermarket,PRD_BAK_002,Whole Wheat Bread,Bakery,5,55.00,0.15,233.75,0,0.00,1
TX002816,2026-03-15,ST003_Silom,Express,PRD_PRD_001,Organic Avocado,Produce,5,69.00,0.20,276.00,2,82.80,1
TX002817,2026-03-20,ST005_Ladprao,Hypermarket,PRD_BAK_004,Danish Apple,Bakery,9,50.00,0.20,360.00,0,0.00,0
TX002818,2026-01-03,ST003_Silom,Express,PRD_BEV_002,Organic Green Tea,Beverages,5,40.00,0.10,180.00,0,0.00,1
TX002819,2026-04-22,ST001_Siam,Hypermarket,PRD_BAK_002,Whole Wheat Bread,Bakery,8,55.00,0.05,418.00,0,0.00,0
TX002820,2026-04-16,ST002_Sukhumvit,Supermarket,PRD_PRD_002,Japanese Salad Mix,Produce,5,59.00,0.20,236.00,0,0.00,0
TX002821,2026-05-12,ST005_Ladprao,Hypermarket,PRD_BEV_002,Organic Green Tea,Beverages,6,40.00,0.00,240.00,0,0.00,0
TX002822,2026-06-02,ST005_Ladprao,Hypermarket,PRD_BAK_002,Whole Wheat Bread,Bakery,8,55.00,0.20,352.00,0,0.00,0
TX002823,2026-01-22,ST005_Ladprao,Hypermarket,PRD_BEV_001,Cold Pressed Orange Juice,Beverages,7,65.00,0.10,409.50,0,0.00,0
TX002824,2026-03-28,ST002_Sukhumvit,Supermarket,PRD_BAK_003,Baguette Traditional,Bakery,11,40.00,0.20,352.00,0,0.00,1
TX002825,2026-02-17,ST003_Silom,Express,PRD_BEV_002,Organic Green Tea,Beverages,2,40.00,0.00,80.00,0,0.00,0
TX002826,2026-03-04,ST003_Silom,Express,PRD_BAK_004,Danish Apple,Bakery,4,50.00,0.00,200.00,1,30.00,0
TX002827,2026-06-21,ST005_Ladprao,Hypermarket,PRD_DAI_001,Fresh Milk Pasteurized 1L,Dairy,12,48.00,0.10,518.40,0,0.00,1
TX002828,2026-04-10,ST005_Ladprao,Hypermarket,PRD_BEV_002,Organic Green Tea,Beverages,8,40.00,0.05,304.00,0,0.00,0
TX002829,2026-04-13,ST005_Ladprao,Hypermarket,PRD_PRD_001,Organic Avocado,Produce,10,69.00,0.20,552.00,0,0.00,0
TX002830,2026-04-03,ST002_Sukhumvit,Supermarket,PRD_PRD_003,Sweet Cherry Tomato,Produce,2,49.00,0.05,93.10,0,0.00,0
TX002831,2026-03-11,ST004_Ari,Supermarket,PRD_PRD_003,Sweet Cherry Tomato,Produce,5,49.00,0.20,196.00,0,0.00,0
TX002832,2026-02-23,ST003_Silom,Express,PRD_BAK_003,Baguette Traditional,Bakery,2,40.00,0.00,80.00,2,48.00,0
TX002833,2026-01-03,ST005_Ladprao,Hypermarket,PRD_PRD_002,Japanese Salad Mix,Produce,9,59.00,0.15,451.35,0,0.00,1
TX002834,2026-01-23,ST003_Silom,Express,PRD_BAK_003,Baguette Traditional,Bakery,3,40.00,0.10,108.00,0,0.00,0
TX002835,2026-04-12,ST003_Silom,Express,PRD_DAI_001,Fresh Milk Pasteurized 1L,Dairy,3,48.00,0.00,144.00,2,57.60,1
TX002836,2026-03-12,ST002_Sukhumvit,Supermarket,PRD_BAK_004,Danish Apple,Bakery,5,50.00,0.05,237.50,0,0.00,0
TX002837,2026-01-31,ST003_Silom,Express,PRD_BAK_003,Baguette Traditional,Bakery,6,40.00,0.10,216.00,3,72.00,1
TX002838,2026-03-09,ST005_Ladprao,Hypermarket,PRD_BEV_001,Cold Pressed Orange Juice,Beverages,7,65.00,0.00,455.00,0,0.00,0
TX002839,2026-03-19,ST003_Silom,Express,PRD_PRD_001,Organic Avocado,Produce,7,69.00,0.00,483.00,0,0.00,0
TX002840,2026-05-26,ST004_Ari,Supermarket,PRD_BAK_004,Danish Apple,Bakery,7,50.00,0.20,280.00,0,0.00,0
TX002841,2026-01-05,ST001_Siam,Hypermarket,PRD_DAI_002,Greek Yogurt Plain,Dairy,5,35.00,0.00,175.00,0,0.00,0
TX002842,2026-04-02,ST002_Sukhumvit,Supermarket,PRD_BAK_003,Baguette Traditional,Bakery,7,40.00,0.00,280.00,0,0.00,0
TX002843,2026-05-23,ST003_Silom,Express,PRD_PRD_002,Japanese Salad Mix,Produce,5,59.00,0.00,295.00,2,70.80,1
TX002844,2026-02-15,ST004_Ari,Supermarket,PRD_DAI_002,Greek Yogurt Plain,Dairy,3,35.00,0.10,94.50,0,0.00,1
TX002845,2026-06-16,ST004_Ari,Supermarket,PRD_BAK_001,Croissant Butter,Bakery,2,45.00,0.00,90.00,1,27.00,0
TX002846,2026-06-23,ST001_Siam,Hypermarket,PRD_DAI_002,Greek Yogurt Plain,Dairy,9,35.00,0.10,283.50,0,0.00,0
TX002847,2026-04-24,ST004_Ari,Supermarket,PRD_DAI_001,Fresh Milk Pasteurized 1L,Dairy,1,48.00,0.00,48.00,0,0.00,0
TX002848,2026-03-24,ST004_Ari,Supermarket,PRD_BAK_004,Danish Apple,Bakery,4,50.00,0.00,200.00,0,0.00,0
TX002849,2026-01-12,ST003_Silom,Express,PRD_BAK_003,Baguette Traditional,Bakery,5,40.00,0.10,180.00,0,0.00,0
TX002850,2026-04-05,ST003_Silom,Express,PRD_BEV_002,Organic Green Tea,Beverages,7,40.00,0.00,280.00,0,0.00,1
TX002851,2026-02-02,ST001_Siam,Hypermarket,PRD_PRD_001,Organic Avocado,Produce,7,69.00,0.00,483.00,0,0.00,0
TX002852,2026-02-19,ST001_Siam,Hypermarket,PRD_PRD_003,Sweet Cherry Tomato,Produce,6,49.00,0.00,294.00,0,0.00,0
TX002853,2026-02-25,ST004_Ari,Supermarket,PRD_DAI_002,Greek Yogurt Plain,Dairy,4,35.00,0.00,140.00,0,0.00,0
TX002854,2026-01-09,ST002_Sukhumvit,Supermarket,PRD_BAK_002,Whole Wheat Bread,Bakery,3,55.00,0.00,165.00,0,0.00,0
TX002855,2026-04-11,ST002_Sukhumvit,Supermarket,PRD_BAK_001,Croissant Butter,Bakery,7,45.00,0.15,267.75,0,0.00,1
TX002856,2026-06-11,ST004_Ari,Supermarket,PRD_BAK_004,Danish Apple,Bakery,6,50.00,0.05,285.00,0,0.00,0
TX002857,2026-06-18,ST002_Sukhumvit,Supermarket,PRD_BAK_004,Danish Apple,Bakery,6,50.00,0.00,300.00,1,30.00,0
TX002858,2026-06-29,ST005_Ladprao,Hypermarket,PRD_BAK_004,Danish Apple,Bakery,7,50.00,0.15,297.50,0,0.00,0
TX002859,2026-03-15,ST003_Silom,Express,PRD_DAI_001,Fresh Milk Pasteurized 1L,Dairy,4,48.00,0.00,192.00,1,28.80,1
TX002860,2026-05-10,ST003_Silom,Express,PRD_BAK_001,Croissant Butter,Bakery,2,45.00,0.10,81.00,0,0.00,1
TX002861,2026-05-11,ST002_Sukhumvit,Supermarket,PRD_PRD_003,Sweet Cherry Tomato,Produce,8,49.00,0.15,333.20,0,0.00,0
TX002862,2026-05-10,ST002_Sukhumvit,Supermarket,PRD_BAK_004,Danish Apple,Bakery,6,50.00,0.10,270.00,0,0.00,1
TX002863,2026-04-01,ST005_Ladprao,Hypermarket,PRD_BAK_004,Danish Apple,Bakery,9,50.00,0.15,382.50,0,0.00,0
TX002864,2026-02-16,ST001_Siam,Hypermarket,PRD_DAI_001,Fresh Milk Pasteurized 1L,Dairy,10,48.00,0.10,432.00,0,0.00,0
TX002865,2026-04-14,ST004_Ari,Supermarket,PRD_BAK_004,Danish Apple,Bakery,4,50.00,0.05,190.00,0,0.00,0
TX002866,2026-02-07,ST002_Sukhumvit,Supermarket,PRD_BAK_004,Danish Apple,Bakery,8,50.00,0.20,320.00,0,0.00,1
TX002867,2026-01-05,ST001_Siam,Hypermarket,PRD_BEV_001,Cold Pressed Orange Juice,Beverages,7,65.00,0.05,432.25,0,0.00,0
TX002868,2026-05-24,ST005_Ladprao,Hypermarket,PRD_BAK_003,Baguette Traditional,Bakery,12,40.00,0.20,384.00,0,0.00,1
TX002869,2026-04-01,ST004_Ari,Supermarket,PRD_BAK_001,Croissant Butter,Bakery,1,45.00,0.10,40.50,0,0.00,0
TX002870,2026-03-28,ST002_Sukhumvit,Supermarket,PRD_PRD_002,Japanese Salad Mix,Produce,8,59.00,0.20,377.60,0,0.00,1
TX002871,2026-05-03,ST002_Sukhumvit,Supermarket,PRD_BAK_002,Whole Wheat Bread,Bakery,7,55.00,0.20,308.00,0,0.00,1
TX002872,2026-04-12,ST004_Ari,Supermarket,PRD_PRD_001,Organic Avocado,Produce,5,69.00,0.00,345.00,0,0.00,1
TX002873,2026-05-24,ST003_Silom,Express,PRD_BAK_002,Whole Wheat Bread,Bakery,5,55.00,0.20,220.00,0,0.00,1
TX002874,2026-06-18,ST001_Siam,Hypermarket,PRD_BAK_004,Danish Apple,Bakery,9,50.00,0.10,405.00,0,0.00,0
TX002875,2026-04-13,ST002_Sukhumvit,Supermarket,PRD_BEV_001,Cold Pressed Orange Juice,Beverages,8,65.00,0.10,468.00,0,0.00,0
TX002876,2026-03-22,ST003_Silom,Express,PRD_DAI_001,Fresh Milk Pasteurized 1L,Dairy,3,48.00,0.00,144.00,2,57.60,1
TX002877,2026-06-10,ST001_Siam,Hypermarket,PRD_PRD_002,Japanese Salad Mix,Produce,4,59.00,0.00,236.00,1,35.40,0
TX002878,2026-06-22,ST003_Silom,Express,PRD_PRD_002,Japanese Salad Mix,Produce,4,59.00,0.10,212.40,0,0.00,0
TX002879,2026-04-07,ST005_Ladprao,Hypermarket,PRD_BAK_004,Danish Apple,Bakery,11,50.00,0.15,467.50,0,0.00,0
TX002880,2026-04-02,ST002_Sukhumvit,Supermarket,PRD_BAK_001,Croissant Butter,Bakery,7,45.00,0.10,283.50,1,27.00,0
TX002881,2026-02-10,ST001_Siam,Hypermarket,PRD_BAK_002,Whole Wheat Bread,Bakery,10,55.00,0.15,467.50,0,0.00,0
TX002882,2026-02-08,ST003_Silom,Express,PRD_BAK_002,Whole Wheat Bread,Bakery,2,55.00,0.00,110.00,0,0.00,1
TX002883,2026-04-21,ST005_Ladprao,Hypermarket,PRD_PRD_003,Sweet Cherry Tomato,Produce,6,49.00,0.10,264.60,0,0.00,0
TX002884,2026-05-14,ST004_Ari,Supermarket,PRD_BAK_004,Danish Apple,Bakery,4,50.00,0.00,200.00,1,30.00,0
TX002885,2026-06-04,ST002_Sukhumvit,Supermarket,PRD_BAK_003,Baguette Traditional,Bakery,6,40.00,0.10,216.00,0,0.00,0
TX002886,2026-01-08,ST004_Ari,Supermarket,PRD_PRD_002,Japanese Salad Mix,Produce,5,59.00,0.20,236.00,0,0.00,0
TX002887,2026-04-18,ST003_Silom,Express,PRD_BAK_004,Danish Apple,Bakery,4,50.00,0.20,160.00,0,0.00,1
TX002888,2026-06-25,ST005_Ladprao,Hypermarket,PRD_PRD_001,Organic Avocado,Produce,7,69.00,0.00,483.00,0,0.00,0
TX002889,2026-02-18,ST001_Siam,Hypermarket,PRD_DAI_002,Greek Yogurt Plain,Dairy,8,35.00,0.05,266.00,0,0.00,0
TX002890,2026-01-12,ST002_Sukhumvit,Supermarket,PRD_BAK_002,Whole Wheat Bread,Bakery,9,55.00,0.15,420.75,0,0.00,0
TX002891,2026-04-07,ST003_Silom,Express,PRD_PRD_001,Organic Avocado,Produce,6,69.00,0.15,351.90,0,0.00,0
TX002892,2026-03-14,ST004_Ari,Supermarket,PRD_BAK_001,Croissant Butter,Bakery,8,45.00,0.20,288.00,0,0.00,1
TX002893,2026-03-20,ST003_Silom,Express,PRD_DAI_002,Greek Yogurt Plain,Dairy,5,35.00,0.10,157.50,0,0.00,0
TX002894,2026-04-25,ST005_Ladprao,Hypermarket,PRD_DAI_001,Fresh Milk Pasteurized 1L,Dairy,8,48.00,0.05,364.80,0,0.00,1
TX002895,2026-03-30,ST004_Ari,Supermarket,PRD_BAK_001,Croissant Butter,Bakery,5,45.00,,213.75,0,0.00,0
TX002896,2026-04-15,ST002_Sukhumvit,Supermarket,PRD_PRD_002,Japanese Salad Mix,Produce,4,59.00,0.05,224.20,1,35.40,0
TX002897,2026-03-11,ST005_Ladprao,Hypermarket,PRD_PRD_003,Sweet Cherry Tomato,Produce,10,49.00,0.15,416.50,0,0.00,0
TX002898,2026-05-25,ST003_Silom,Express,PRD_BAK_003,Baguette Traditional,Bakery,6,40.00,0.15,204.00,0,0.00,0
TX002899,2026-02-22,ST001_Siam,Hypermarket,PRD_PRD_002,Japanese Salad Mix,Produce,9,59.00,0.15,451.35,0,0.00,1
TX002900,2026-05-16,ST002_Sukhumvit,Supermarket,PRD_DAI_001,Fresh Milk Pasteurized 1L,Dairy,6,48.00,0.10,259.20,0,0.00,1
TX002901,2026-03-02,ST001_Siam,Hypermarket,PRD_PRD_002,Japanese Salad Mix,Produce,8,59.00,0.15,401.20,0,0.00,0
TX002902,2026-03-27,ST005_Ladprao,Hypermarket,PRD_PRD_003,Sweet Cherry Tomato,Produce,9,49.00,0.05,418.95,0,0.00,0
TX002903,2026-04-22,ST002_Sukhumvit,Supermarket,PRD_PRD_001,Organic Avocado,Produce,5,69.00,0.05,327.75,0,0.00,0
TX002904,2026-02-26,ST003_Silom,Express,PRD_PRD_001,Organic Avocado,Produce,1,69.00,0.00,69.00,0,0.00,0
TX002905,2026-02-01,ST004_Ari,Supermarket,PRD_BEV_001,Cold Pressed Orange Juice,Beverages,5,65.00,0.00,325.00,0,0.00,1
TX002906,2026-03-12,ST005_Ladprao,Hypermarket,PRD_DAI_001,Fresh Milk Pasteurized 1L,Dairy,6,48.00,0.05,273.60,0,0.00,0
TX002907,2026-04-15,ST003_Silom,Express,PRD_BAK_001,Croissant Butter,Bakery,5,45.00,0.15,191.25,0,0.00,0
TX002908,2026-02-27,ST001_Siam,Hypermarket,PRD_BEV_001,Cold Pressed Orange Juice,Beverages,4,65.00,0.05,247.00,0,0.00,0
TX002909,2026-05-03,ST002_Sukhumvit,Supermarket,PRD_BEV_001,Cold Pressed Orange Juice,Beverages,6,65.00,0.05,370.50,0,0.00,1
TX002910,2026-05-27,ST004_Ari,Supermarket,PRD_BAK_003,Baguette Traditional,Bakery,5,40.00,0.00,200.00,0,0.00,0
TX002911,2026-05-03,ST001_Siam,Hypermarket,PRD_DAI_001,Fresh Milk Pasteurized 1L,Dairy,6,48.00,0.05,273.60,0,0.00,1
TX002912,2026-04-16,ST003_Silom,Express,PRD_PRD_002,Japanese Salad Mix,Produce,7,59.00,0.10,371.70,0,0.00,0
TX002913,2026-02-02,ST001_Siam,Hypermarket,PRD_BAK_004,Danish Apple,Bakery,8,50.00,0.00,400.00,0,0.00,0
TX002914,2026-01-17,ST002_Sukhumvit,Supermarket,PRD_BEV_001,Cold Pressed Orange Juice,Beverages,5,65.00,0.00,325.00,0,0.00,1
TX002915,2026-02-06,ST003_Silom,Express,PRD_BAK_002,Whole Wheat Bread,Bakery,4,55.00,0.00,220.00,0,0.00,0
TX002916,2026-04-11,ST003_Silom,Express,PRD_DAI_002,Greek Yogurt Plain,Dairy,3,35.00,0.10,94.50,1,21.00,1
TX002917,2026-01-01,ST005_Ladprao,Hypermarket,PRD_PRD_003,Sweet Cherry Tomato,Produce,5,49.00,0.00,245.00,0,0.00,0
TX002918,2026-01-18,ST003_Silom,Express,PRD_PRD_002,Japanese Salad Mix,Produce,4,59.00,0.15,200.60,0,0.00,1
TX002919,2026-01-22,ST001_Siam,Hypermarket,PRD_BAK_004,Danish Apple,Bakery,10,50.00,0.15,425.00,0,0.00,0
TX002920,2026-02-22,ST003_Silom,Express,PRD_BAK_003,Baguette Traditional,Bakery,4,40.00,0.00,160.00,0,0.00,1
TX002921,2026-03-05,ST002_Sukhumvit,Supermarket,PRD_PRD_001,Organic Avocado,Produce,5,69.00,0.10,310.50,0,0.00,0
TX002922,2026-02-23,ST001_Siam,Hypermarket,PRD_BAK_001,Croissant Butter,Bakery,7,45.00,0.05,299.25,0,0.00,0
TX002923,2026-06-27,ST004_Ari,Supermarket,PRD_DAI_002,Greek Yogurt Plain,Dairy,6,35.00,0.00,210.00,1,21.00,1
TX002924,2026-02-06,ST005_Ladprao,Hypermarket,PRD_PRD_001,Organic Avocado,Produce,3,69.00,0.10,186.30,0,0.00,0
TX002925,2026-02-09,ST001_Siam,Hypermarket,PRD_BEV_002,Organic Green Tea,Beverages,7,40.00,0.10,252.00,0,0.00,0
TX002926,2026-01-10,ST003_Silom,Express,PRD_BAK_004,Danish Apple,Bakery,4,50.00,0.05,190.00,2,60.00,1
TX002927,2026-01-13,ST002_Sukhumvit,Supermarket,PRD_BAK_003,Baguette Traditional,Bakery,9,40.00,0.15,306.00,0,0.00,0
TX002928,2026-04-11,ST003_Silom,Express,PRD_BAK_003,Baguette Traditional,Bakery,4,40.00,0.10,144.00,0,0.00,1
TX002929,2026-02-20,ST002_Sukhumvit,Supermarket,PRD_BAK_003,Baguette Traditional,Bakery,4,40.00,0.15,136.00,0,0.00,0
TX002930,2026-03-01,ST001_Siam,Hypermarket,PRD_BAK_003,Baguette Traditional,Bakery,8,40.00,0.00,320.00,0,0.00,1
TX002931,2026-01-03,ST002_Sukhumvit,Supermarket,PRD_BAK_001,Croissant Butter,Bakery,6,45.00,0.00,270.00,1,27.00,1
TX002932,2026-02-01,ST004_Ari,Supermarket,PRD_DAI_001,Fresh Milk Pasteurized 1L,Dairy,6,48.00,,273.60,0,0.00,1
TX002933,2026-04-20,ST002_Sukhumvit,Supermarket,PRD_DAI_001,Fresh Milk Pasteurized 1L,Dairy,5,48.00,0.05,228.00,0,0.00,0
TX002934,2026-03-13,ST003_Silom,Express,PRD_BAK_004,Danish Apple,Bakery,2,50.00,0.00,100.00,3,90.00,0
TX002935,2026-05-23,ST003_Silom,Express,PRD_DAI_001,Fresh Milk Pasteurized 1L,Dairy,1,48.00,0.00,48.00,2,57.60,1
TX002936,2026-02-03,ST001_Siam,Hypermarket,PRD_BAK_003,Baguette Traditional,Bakery,11,40.00,0.15,374.00,0,0.00,0
TX002937,2026-05-29,ST001_Siam,Hypermarket,PRD_BAK_002,Whole Wheat Bread,Bakery,7,55.00,0.10,346.50,0,0.00,0
TX002938,2026-01-14,ST003_Silom,Express,PRD_BAK_001,Croissant Butter,Bakery,1,45.00,0.10,40.50,0,0.00,0
TX002939,2026-03-08,ST005_Ladprao,Hypermarket,PRD_DAI_001,Fresh Milk Pasteurized 1L,Dairy,7,48.00,0.00,336.00,0,0.00,1
TX002940,2026-03-08,ST004_Ari,Supermarket,PRD_BAK_002,Whole Wheat Bread,Bakery,5,55.00,0.15,233.75,0,0.00,1
TX002941,2026-02-16,ST003_Silom,Express,PRD_BAK_001,Croissant Butter,Bakery,3,45.00,0.10,121.50,0,0.00,0
TX002942,2026-02-09,ST004_Ari,Supermarket,PRD_BEV_002,Organic Green Tea,Beverages,6,40.00,0.00,240.00,0,0.00,0
TX002943,2026-01-17,ST002_Sukhumvit,Supermarket,PRD_BAK_003,Baguette Traditional,Bakery,3,40.00,0.05,114.00,0,0.00,1
TX002944,2026-04-09,ST004_Ari,Supermarket,PRD_DAI_002,Greek Yogurt Plain,Dairy,3,35.00,0.05,99.75,0,0.00,0
TX002945,2026-02-07,ST002_Sukhumvit,Supermarket,PRD_DAI_001,Fresh Milk Pasteurized 1L,Dairy,3,48.00,0.00,144.00,0,0.00,1
TX002946,2026-02-17,ST001_Siam,Hypermarket,PRD_BAK_003,Baguette Traditional,Bakery,5,40.00,0.00,200.00,2,48.00,0
TX002947,2026-01-11,ST002_Sukhumvit,Supermarket,PRD_PRD_002,Japanese Salad Mix,Produce,7,59.00,0.20,330.40,0,0.00,1
TX002948,2026-06-07,ST001_Siam,Hypermarket,PRD_BEV_002,Organic Green Tea,Beverages,6,40.00,0.00,240.00,0,0.00,1
TX002949,2026-01-10,ST002_Sukhumvit,Supermarket,PRD_BEV_001,Cold Pressed Orange Juice,Beverages,5,65.00,0.00,325.00,0,0.00,1
TX002950,2026-06-08,ST005_Ladprao,Hypermarket,PRD_PRD_001,Organic Avocado,Produce,8,69.00,0.20,441.60,0,0.00,0
TX002951,2026-01-29,ST004_Ari,Supermarket,PRD_BAK_002,Whole Wheat Bread,Bakery,6,55.00,0.00,330.00,2,66.00,0
TX002952,2026-03-05,ST002_Sukhumvit,Supermarket,PRD_DAI_002,Greek Yogurt Plain,Dairy,3,35.00,,94.50,0,0.00,0
TX002953,2026-03-16,ST002_Sukhumvit,Supermarket,PRD_BAK_003,Baguette Traditional,Bakery,3,40.00,0.00,120.00,0,0.00,0
TX002954,2026-06-01,ST004_Ari,Supermarket,PRD_BAK_004,Danish Apple,Bakery,6,50.00,,300.00,0,0.00,0
TX002955,2026-05-19,ST002_Sukhumvit,Supermarket,PRD_BAK_004,Danish Apple,Bakery,5,50.00,,237.50,0,0.00,0
TX002956,2026-05-09,ST005_Ladprao,Hypermarket,PRD_DAI_001,Fresh Milk Pasteurized 1L,Dairy,9,48.00,0.05,410.40,0,0.00,1
TX002957,2026-02-12,ST001_Siam,Hypermarket,PRD_PRD_002,Japanese Salad Mix,Produce,8,59.00,0.15,401.20,0,0.00,0
TX002958,2026-03-22,ST002_Sukhumvit,Supermarket,PRD_BEV_002,Organic Green Tea,Beverages,3,40.00,0.10,108.00,0,0.00,1
TX002959,2026-02-16,ST004_Ari,Supermarket,PRD_PRD_003,Sweet Cherry Tomato,Produce,6,49.00,0.20,235.20,0,0.00,0
TX002960,2026-04-17,ST002_Sukhumvit,Supermarket,PRD_PRD_001,Organic Avocado,Produce,4,69.00,0.00,276.00,0,0.00,0
TX002961,2026-03-23,ST002_Sukhumvit,Supermarket,PRD_BAK_003,Baguette Traditional,Bakery,5,40.00,0.05,190.00,0,0.00,0
TX002962,2026-05-19,ST001_Siam,Hypermarket,PRD_BAK_003,Baguette Traditional,Bakery,9,40.00,0.15,306.00,0,0.00,0
TX002963,2026-05-27,ST002_Sukhumvit,Supermarket,PRD_BAK_003,Baguette Traditional,Bakery,6,40.00,0.15,204.00,0,0.00,0
TX002964,2026-04-16,ST002_Sukhumvit,Supermarket,PRD_BAK_001,Croissant Butter,Bakery,5,45.00,0.00,225.00,0,0.00,0
TX002965,2026-06-20,ST005_Ladprao,Hypermarket,PRD_PRD_003,Sweet Cherry Tomato,Produce,5,49.00,0.00,245.00,0,0.00,1
TX002966,2026-04-15,ST002_Sukhumvit,Supermarket,PRD_BEV_001,Cold Pressed Orange Juice,Beverages,6,65.00,0.05,370.50,0,0.00,0
TX002967,2026-01-11,ST004_Ari,Supermarket,PRD_PRD_003,Sweet Cherry Tomato,Produce,4,49.00,0.00,196.00,0,0.00,1
TX002968,2026-05-22,ST003_Silom,Express,PRD_BAK_002,Whole Wheat Bread,Bakery,5,55.00,0.00,275.00,3,99.00,0
TX002969,2026-01-11,ST001_Siam,Hypermarket,PRD_PRD_001,Organic Avocado,Produce,10,69.00,0.15,586.50,0,0.00,1
TX002970,2026-06-30,ST002_Sukhumvit,Supermarket,PRD_BAK_002,Whole Wheat Bread,Bakery,9,55.00,0.20,396.00,0,0.00,0
TX002971,2026-01-20,ST003_Silom,Express,PRD_PRD_001,Organic Avocado,Produce,6,69.00,0.15,351.90,0,0.00,0
TX002972,2026-04-06,ST005_Ladprao,Hypermarket,PRD_BAK_003,Baguette Traditional,Bakery,6,40.00,0.10,216.00,0,0.00,0
TX002973,2026-01-03,ST001_Siam,Hypermarket,PRD_BEV_001,Cold Pressed Orange Juice,Beverages,6,65.00,0.00,390.00,0,0.00,1
TX002974,2026-05-18,ST001_Siam,Hypermarket,PRD_PRD_003,Sweet Cherry Tomato,Produce,10,49.00,0.05,465.50,0,0.00,0
TX002975,2026-01-11,ST004_Ari,Supermarket,PRD_BAK_003,Baguette Traditional,Bakery,6,40.00,0.15,204.00,0,0.00,1
TX002976,2026-05-08,ST004_Ari,Supermarket,PRD_BEV_002,Organic Green Tea,Beverages,6,40.00,0.10,216.00,0,0.00,0
TX002977,2026-04-10,ST004_Ari,Supermarket,PRD_PRD_001,Organic Avocado,Produce,7,69.00,0.10,434.70,0,0.00,0
TX002978,2026-01-31,ST005_Ladprao,Hypermarket,PRD_PRD_003,Sweet Cherry Tomato,Produce,11,49.00,0.20,431.20,0,0.00,1
TX002979,2026-04-22,ST002_Sukhumvit,Supermarket,PRD_BAK_003,Baguette Traditional,Bakery,5,40.00,0.00,200.00,2,48.00,0
TX002980,2026-02-11,ST005_Ladprao,Hypermarket,PRD_PRD_001,Organic Avocado,Produce,9,69.00,0.15,527.85,0,0.00,0
TX002981,2026-03-14,ST004_Ari,Supermarket,PRD_DAI_002,Greek Yogurt Plain,Dairy,7,35.00,0.00,245.00,0,0.00,1
TX002982,2026-04-15,ST005_Ladprao,Hypermarket,PRD_BEV_001,Cold Pressed Orange Juice,Beverages,9,65.00,0.05,555.75,0,0.00,0
TX002983,2026-06-16,ST002_Sukhumvit,Supermarket,PRD_DAI_002,Greek Yogurt Plain,Dairy,6,35.00,0.00,210.00,1,21.00,0
TX002984,2026-04-19,ST004_Ari,Supermarket,PRD_BAK_001,Croissant Butter,Bakery,6,45.00,,216.00,1,27.00,1
TX002985,2026-02-20,ST002_Sukhumvit,Supermarket,PRD_DAI_002,Greek Yogurt Plain,Dairy,6,35.00,,199.50,0,0.00,0
TX002986,2026-06-11,ST001_Siam,Hypermarket,PRD_PRD_002,Japanese Salad Mix,Produce,8,59.00,0.00,472.00,0,0.00,0
TX002987,2026-03-02,ST005_Ladprao,Hypermarket,PRD_BAK_001,Croissant Butter,Bakery,6,45.00,0.05,256.50,0,0.00,0
TX002988,2026-02-13,ST005_Ladprao,Hypermarket,PRD_BEV_001,Cold Pressed Orange Juice,Beverages,6,65.00,0.00,390.00,1,39.00,0
TX002989,2026-04-28,ST004_Ari,Supermarket,PRD_BAK_004,Danish Apple,Bakery,6,50.00,0.00,300.00,1,30.00,0
TX002990,2026-05-09,ST005_Ladprao,Hypermarket,PRD_PRD_003,Sweet Cherry Tomato,Produce,8,49.00,0.20,313.60,0,0.00,1
TX002991,2026-02-24,ST004_Ari,Supermarket,PRD_PRD_003,Sweet Cherry Tomato,Produce,8,49.00,0.20,313.60,0,0.00,0
TX002992,2026-05-19,ST004_Ari,Supermarket,PRD_BAK_003,Baguette Traditional,Bakery,6,40.00,0.10,216.00,0,0.00,0
TX002993,2026-05-22,ST003_Silom,Express,PRD_BAK_002,Whole Wheat Bread,Bakery,5,55.00,0.00,275.00,0,0.00,0
TX002994,2026-02-21,ST002_Sukhumvit,Supermarket,PRD_BEV_001,Cold Pressed Orange Juice,Beverages,4,65.00,0.00,260.00,1,39.00,1
TX002995,2026-03-31,ST002_Sukhumvit,Supermarket,PRD_DAI_001,Fresh Milk Pasteurized 1L,Dairy,4,48.00,0.00,192.00,0,0.00,0
TX002996,2026-06-29,ST001_Siam,Hypermarket,PRD_PRD_003,Sweet Cherry Tomato,Produce,7,49.00,0.10,308.70,1,29.40,0
TX002997,2026-04-05,ST005_Ladprao,Hypermarket,PRD_BAK_003,Baguette Traditional,Bakery,4,40.00,0.00,160.00,0,0.00,1
TX002998,2026-03-10,ST002_Sukhumvit,Supermarket,PRD_BAK_002,Whole Wheat Bread,Bakery,3,55.00,0.15,140.25,0,0.00,0
TX002999,2026-04-15,ST001_Siam,Hypermarket,PRD_DAI_001,Fresh Milk Pasteurized 1L,Dairy,5,48.00,0.00,240.00,0,0.00,0
TX003000,2026-03-05,ST005_Ladprao,Hypermarket,PRD_PRD_001,Organic Avocado,Produce,9,69.00,0.05,589.95,0,0.00,0
